"","park","death_cause","death_group","intent","outcome","sex","age_range","activity","incident_date","year"
"1","Glen Canyon National Recreation Area","Undetermined","Undetermined","Undetermined","Fatal injury","Male","65+","Not Reported",2007-01-01,2007
"2","Golden Gate National Recreation Area","Drowning","Drowning","Unintentional","Fatal injury","Male","Not Reported","Vessel Related",2007-01-22,2007
"3","Golden Gate National Recreation Area","Undetermined","Undetermined","Undetermined","Fatal injury","Male","Not Reported","Vessel Related",2007-01-22,2007
"4","Natchez Trace Parkway","Motor Vehicle Crash","Motor Vehicle Crash","Unintentional","Fatal injury","Female","15-24","Driving",2007-01-29,2007
"5","Natchez Trace Parkway","Motor Vehicle Crash","Motor Vehicle Crash","Unintentional","Fatal injury","Female","45-54","Driving",2007-01-29,2007
"6","Gateway National Recreation Area","Undetermined","Undetermined","Undetermined","Fatal injury","Male","Not Reported","Not Reported",2007-02-07,2007
"7","Black Canyon Of The Gunnison National Park","Fall","Fall","Unintentional","Fatal injury","Female","15-24","Not Reported",2007-02-10,2007
"8","Big South Fork National River and Recreation Area","Drowning","Drowning","Unintentional","Fatal injury","Male","25-34","Swimming",2007-02-11,2007
"9","Mount Rainier National Park","Avalanche","Environmental","Unintentional","Fatal injury","Male","45-54","Skiing",2007-02-24,2007
"10","Biscayne National Park","Vessel Incident","Other Transportation","Unintentional","Fatal injury","Male","25-34","Diving - Scuba",2007-03-03,2007
"11","Delaware Water Gap National Recreation Area","Motor Vehicle Crash","Motor Vehicle Crash","Unintentional","Fatal injury","Male","55-64","Driving",2007-03-06,2007
"12","Gateway National Recreation Area","Drowning","Drowning","Unintentional","Fatal injury","Male","35-44","Vessel Related",2007-03-07,2007
"13","Colorado National Monument","Motor Vehicle Crash","Motor Vehicle Crash","Unintentional","Fatal injury","Male","35-44","Driving",2007-03-14,2007
"14","Lake Mead National Recreation Area","Motor Vehicle Crash","Motor Vehicle Crash","Unintentional","Fatal injury","Female","0-14","Driving",2007-03-14,2007
"15","Mount Rainier National Park","Drowning","Drowning","Unintentional","Fatal injury","Female","45-54","Hiking",2007-03-19,2007
"16","Mount Rainier National Park","Drowning","Drowning","Unintentional","Fatal injury","Male","35-44","Hiking",2007-03-19,2007
"17","Mount Rainier National Park","Drowning","Drowning","Unintentional","Fatal injury","Male","35-44","Other",2007-03-23,2007
"18","Mount Rainier National Park","Drowning","Drowning","Unintentional","Fatal injury","Female","35-44","Other",2007-03-23,2007
"19","Glen Canyon National Recreation Area","Drowning","Drowning","Unintentional","Fatal injury","Female","35-44","Vessel Related",2007-03-27,2007
"20","Glen Canyon National Recreation Area","Motor Vehicle Crash","Motor Vehicle Crash","Unintentional","Fatal injury","Male","15-24","Driving",2007-03-29,2007
"21","Grand Canyon National Park","Drowning","Drowning","Unintentional","Fatal injury","Male","55-64","Vessel Related",2007-03-31,2007
"22","Grand Canyon National Park","Fall","Fall","Unintentional","Fatal injury","Male","Not Reported","Not Reported",2007-04-02,2007
"23","Olympic National Park","Drowning","Drowning","Unintentional","Fatal injury","Male","15-24","Vessel Related",2007-04-05,2007
"24","Glen Canyon National Recreation Area","Motor Vehicle Crash","Motor Vehicle Crash","Unintentional","Fatal injury","Male","35-44","Driving",2007-04-06,2007
"25","North Cascades National Park","Fall","Fall","Unintentional","Fatal injury","Male","25-34","Not Reported",2007-04-08,2007
"26","Redwood National and State Parks","Drowning","Drowning","Unintentional","Fatal injury","Male","Not Reported","Fishing",2007-04-10,2007
"27","Death Valley National Park","Motor Vehicle Crash","Motor Vehicle Crash","Unintentional","Fatal injury","Male","45-54","Driving",2007-04-14,2007
"28","Great Smoky Mountains National Park","Motor Vehicle Crash","Motor Vehicle Crash","Unintentional","Fatal injury","Male","45-54","Driving",2007-04-15,2007
"29","Yosemite National Park","Fall","Fall","Unintentional","Fatal injury","Female","35-44","Climbing",2007-04-19,2007
"30","Denali National Park & Preserve","Fall","Fall","Unintentional","Fatal injury","Female","35-44","Climbing",2007-04-23,2007
"31","Blue Ridge Parkway","Motor Vehicle Crash","Motor Vehicle Crash","Unintentional","Fatal injury","Male","55-64","Driving",2007-04-23,2007
"32","Blue Ridge Parkway","Motor Vehicle Crash","Motor Vehicle Crash","Unintentional","Fatal injury","Male","55-64","Driving",2007-04-23,2007
"33","Grand Teton National Park","Fall","Fall","Unintentional","Fatal injury","Male","25-34","Climbing",2007-04-30,2007
"34","Grand Teton National Park","Fall","Fall","Unintentional","Fatal injury","Male","35-44","Climbing",2007-04-30,2007
"35","Lake Mead National Recreation Area","Motor Vehicle Crash","Motor Vehicle Crash","Unintentional","Fatal injury","Not Reported","Not Reported","Driving",2007-05-03,2007
"36","Lake Mead National Recreation Area","Motor Vehicle Crash","Motor Vehicle Crash","Unintentional","Fatal injury","Not Reported","Not Reported","Driving",2007-05-03,2007
"37","Big Thicket National Preserve","Drowning","Drowning","Unintentional","Fatal injury","Male","15-24","Swimming",2007-05-14,2007
"38","Golden Gate National Recreation Area","Fall","Fall","Unintentional","Fatal injury","Male","25-34","Not Reported",2007-05-15,2007
"39","Denali National Park & Preserve","Fall","Fall","Unintentional","Fatal injury","Male","25-34","Climbing",2007-05-16,2007
"40","Denali National Park & Preserve","Fall","Fall","Unintentional","Fatal injury","Male","25-34","Climbing",2007-05-16,2007
"41","Golden Gate National Recreation Area","Fall","Fall","Unintentional","Fatal injury","Male","35-44","Not Reported",2007-05-16,2007
"42","Denali National Park & Preserve","Fall","Fall","Unintentional","Fatal injury","Male","25-34","Climbing",2007-05-17,2007
"43","Denali National Park & Preserve","Fall","Fall","Unintentional","Fatal injury","Female","35-44","Climbing",2007-05-17,2007
"44","Grand Canyon National Park","Undetermined","Undetermined","Undetermined","Fatal injury","Female","55-64","Not Reported",2007-05-17,2007
"45","Yosemite National Park","Drowning","Drowning","Unintentional","Fatal injury","Male","25-34","Not Reported",2007-05-19,2007
"46","Cape Hatteras National Seashore","Drowning","Drowning","Unintentional","Fatal injury","Male","15-24","Swimming",2007-05-21,2007
"47","Gulf Islands National Seashore","Vessel Incident","Other Transportation","Unintentional","Fatal injury","Female","35-44","Vessel Related",2007-05-27,2007
"48","Olympic National Park","Drowning","Drowning","Unintentional","Fatal injury","Male","45-54","Vessel Related",2007-05-28,2007
"49","Haleakala National Park","Bicycle only crash","Other Transportation","Unintentional","Fatal injury","Male","0-14","Bicycling",2007-05-29,2007
"50","Acadia National Park","Drowning","Drowning","Unintentional","Fatal injury","Female","55-64","Not Reported",2007-06-01,2007
"51","Curecanti National Recreation Area","Fall","Fall","Unintentional","Fatal injury","Male","45-54","Not Reported",2007-06-02,2007
"52","Lake Mead National Recreation Area","Drowning","Drowning","Unintentional","Fatal injury","Male","35-44","Vessel Related",2007-06-03,2007
"53","Chickasaw National Recreation Area","Drowning","Drowning","Unintentional","Fatal injury","Male","25-34","Swimming",2007-06-03,2007
"54","Great Smoky Mountains National Park","Drowning","Drowning","Unintentional","Fatal injury","Male","15-24","Swimming",2007-06-04,2007
"55","Zion National Park","Fall","Fall","Unintentional","Fatal injury","Male","45-54","Canyoneering",2007-06-04,2007
"56","Zion National Park","Fall","Fall","Unintentional","Fatal injury","Male","45-54","Not Reported",2007-06-08,2007
"57","Golden Gate National Recreation Area","Poisoning - Drugs","Poisoning","Unintentional","Fatal injury","Male","45-54","Not Reported",2007-06-09,2007
"58","Cape Cod National Seashore","Undetermined","Undetermined","Undetermined","Fatal injury","Male","55-64","Playing Sports",2007-06-09,2007
"59","Lake Meredith National Recreation Area","Drowning","Drowning","Unintentional","Fatal injury","Male","15-24","Swimming",2007-06-10,2007
"60","Sequoia & Kings Canyon National Parks","Fall","Fall","Unintentional","Fatal injury","Male","15-24","Climbing",2007-06-10,2007
"61","Lake Mead National Recreation Area","Fall","Fall","Unintentional","Fatal injury","Male","25-34","Vessel Related",2007-06-14,2007
"62","Point Reyes National Seashore","Drowning","Drowning","Unintentional","Fatal injury","Male","25-34","Swimming",2007-06-16,2007
"63","Yosemite National Park","Fall","Fall","Unintentional","Fatal injury","Male","35-44","Climbing",2007-06-16,2007
"64","Mount Rainier National Park","Fall","Fall","Unintentional","Fatal injury","Male","45-54","Hiking",2007-06-16,2007
"65","Grand Teton National Park","Motor Vehicle Crash","Motor Vehicle Crash","Unintentional","Fatal injury","Male","55-64","Driving",2007-06-16,2007
"66","Golden Gate National Recreation Area","Poisoning - Drugs","Poisoning","Unintentional","Fatal injury","Male","Not Reported","Not Reported",2007-06-16,2007
"67","Blue Ridge Parkway","Motor Vehicle Crash","Motor Vehicle Crash","Unintentional","Fatal injury","Not Reported","Not Reported","Driving",2007-06-17,2007
"68","Mount Rainier National Park","Fall","Fall","Unintentional","Fatal injury","Male","45-54","Climbing",2007-06-18,2007
"69","Whiskeytown National Recreation Area","Drowning","Drowning","Unintentional","Fatal injury","Female","0-14","Vessel Related",2007-06-22,2007
"70","Apostle Islands National Lakeshore","Drowning","Drowning","Unintentional","Fatal injury","Male","55-64","Vessel Related",2007-06-22,2007
"71","Cape Hatteras National Seashore","Drowning","Drowning","Unintentional","Fatal injury","Male","45-54","Swimming",2007-07-01,2007
"72","Cape Hatteras National Seashore","Drowning","Drowning","Unintentional","Fatal injury","Male","35-44","Swimming",2007-07-04,2007
"73","Delaware Water Gap National Recreation Area","Fall","Fall","Unintentional","Fatal injury","Female","35-44","Not Reported",2007-07-05,2007
"74","Lake Mead National Recreation Area","Motor Vehicle Crash","Motor Vehicle Crash","Unintentional","Fatal injury","Female","Not Reported","Driving",2007-07-05,2007
"75","Buffalo National River","Drowning","Drowning","Unintentional","Fatal injury","Male","15-24","Swimming",2007-07-06,2007
"76","Lake Mead National Recreation Area","Drowning","Drowning","Unintentional","Fatal injury","Male","25-34","Swimming",2007-07-07,2007
"77","Glen Canyon National Recreation Area","Poisoning - Carbon monoxide","Poisoning","Unintentional","Fatal injury","Female","0-14","Swimming",2007-07-07,2007
"78","Channel Islands National Park","Drowning","Drowning","Unintentional","Fatal injury","Male","45-54","Not Reported",2007-07-10,2007
"79","Yosemite National Park","Undetermined","Undetermined","Undetermined","Fatal injury","Male","45-54","Not Reported",2007-07-11,2007
"80","National Capital Parks-East","Motor Vehicle Crash","Motor Vehicle Crash","Unintentional","Fatal injury","Not Reported","Not Reported","Driving",2007-07-13,2007
"81","Colonial National Historical Park","Drowning","Drowning","Unintentional","Fatal injury","Female","0-14","Swimming",2007-07-19,2007
"82","Cape Hatteras National Seashore","Drowning","Drowning","Unintentional","Fatal injury","Male","25-34","Swimming",2007-07-26,2007
"83","North Cascades National Park","Fall","Fall","Unintentional","Fatal injury","Female","55-64","Not Reported",2007-07-28,2007
"84","Grand Canyon National Park","Fall","Fall","Unintentional","Fatal injury","Male","25-34","Not Reported",2007-08-02,2007
"85","Badlands National Park","Motor Vehicle Crash","Motor Vehicle Crash","Unintentional","Fatal injury","Male","Not Reported","Driving",2007-08-04,2007
"86","Delaware Water Gap National Recreation Area","Drowning","Drowning","Unintentional","Fatal injury","Male","15-24","Swimming",2007-08-05,2007
"87","Cape Hatteras National Seashore","Drowning","Drowning","Unintentional","Fatal injury","Male","45-54","Swimming",2007-08-06,2007
"88","Wind Cave National Park","Motor Vehicle Crash","Motor Vehicle Crash","Unintentional","Fatal injury","Not Reported","Not Reported","Driving",2007-08-07,2007
"89","Gauley River National Recreation Area","Drowning","Drowning","Unintentional","Fatal injury","Male","Not Reported","Vessel Related",2007-08-11,2007
"90","Upper Delaware Scenic & Recreational River","Drowning","Drowning","Unintentional","Fatal injury","Male","55-64","Vessel Related",2007-08-12,2007
"91","Yosemite National Park","Hypothermia","Environmental","Unintentional","Fatal injury","Female","65+","Not Reported",2007-08-14,2007
"92","Haleakala National Park","Motor Vehicle Crash","Motor Vehicle Crash","Unintentional","Fatal injury","Male","45-54","Driving",2007-08-16,2007
"93","Haleakala National Park","Motor Vehicle Crash","Motor Vehicle Crash","Unintentional","Fatal injury","Female","55-64","Driving",2007-08-16,2007
"94","Haleakala National Park","Motor Vehicle Crash","Motor Vehicle Crash","Unintentional","Fatal injury","Not Reported","65+","Driving",2007-08-16,2007
"95","Lake Roosevelt National Recreation Area","Drowning","Drowning","Unintentional","Fatal injury","Male","65+","Vessel Related",2007-08-17,2007
"96","Upper Delaware Scenic & Recreational River","Drowning","Drowning","Unintentional","Fatal injury","Male","15-24","Swimming",2007-08-19,2007
"97","Grand Canyon National Park","Fall","Fall","Unintentional","Fatal injury","Female","Not Reported","Not Reported",2007-08-19,2007
"98","Glen Canyon National Recreation Area","Firearm","Other","Unintentional","Fatal injury","Male","Not Reported","Hunting",2007-08-19,2007
"99","Sequoia & Kings Canyon National Parks","Fall","Fall","Unintentional","Fatal injury","Male","35-44","Not Reported",2007-08-21,2007
"100","Cape Hatteras National Seashore","Drowning","Drowning","Unintentional","Fatal injury","Male","45-54","Vessel Related",2007-08-23,2007
"101","Glen Canyon National Recreation Area","Undetermined","Undetermined","Undetermined","Fatal injury","Male","15-24","Vessel Related",2007-08-24,2007
"102","Point Reyes National Seashore","Drowning","Drowning","Unintentional","Fatal injury","Male","Not Reported","Vessel Related",2007-08-25,2007
"103","Glen Canyon National Recreation Area","Drowning","Drowning","Unintentional","Fatal injury","Not Reported","Not Reported","Vessel Related",2007-08-25,2007
"104","Blue Ridge Parkway","Motor Vehicle Crash","Motor Vehicle Crash","Unintentional","Fatal injury","Male","45-54","Driving",2007-09-01,2007
"105","Lake Roosevelt National Recreation Area","Drowning","Drowning","Unintentional","Fatal injury","Male","55-64","Vessel Related",2007-09-04,2007
"106","Yellowstone National Park","Drowning","Drowning","Unintentional","Fatal injury","Male","65+","Vessel Related",2007-09-07,2007
"107","Yellowstone National Park","Drowning","Drowning","Unintentional","Fatal injury","Male","65+","Vessel Related",2007-09-07,2007
"108","Natchez Trace Parkway","Motor Vehicle Crash","Motor Vehicle Crash","Unintentional","Fatal injury","Male","65+","Bicycling",2007-09-08,2007
"109","Glen Echo Park","Drowning","Drowning","Unintentional","Fatal injury","Male","55-64","Swimming",2007-09-12,2007
"110","Lake Mead National Recreation Area","Drowning","Drowning","Unintentional","Fatal injury","Male","35-44","Vessel Related",2007-09-19,2007
"111","Natchez Trace Parkway","Motor Vehicle Crash","Motor Vehicle Crash","Unintentional","Fatal injury","Female","15-24","Driving",2007-09-19,2007
"112","Biscayne National Park","Undetermined","Undetermined","Undetermined","Fatal injury","Male","Not Reported","Diving - Scuba",2007-09-23,2007
"113","Haleakala National Park","Bicycle only crash","Other Transportation","Unintentional","Fatal injury","Female","65+","Bicycling",2007-09-26,2007
"114","Glen Canyon National Recreation Area","Drowning","Drowning","Unintentional","Fatal injury","Female","55-64","Vessel Related",2007-09-28,2007
"115","Yellowstone National Park","Fall","Fall","Unintentional","Fatal injury","Female","25-34","Not Reported",2007-09-28,2007
"116","Lake Mead National Recreation Area","Drowning","Drowning","Unintentional","Fatal injury","Male","Not Reported","Vessel Related",2007-09-29,2007
"117","New River Gorge National River","Drowning","Drowning","Unintentional","Fatal injury","Male","Not Reported","Swimming",2007-09-29,2007
"118","New River Gorge National River","Fall","Fall","Unintentional","Fatal injury","Male","15-24","Not Reported",2007-09-29,2007
"119","Katmai National Park & Preserve","Aircraft Incident","Other Transportation","Unintentional","Fatal injury","Not Reported","Not Reported","Flying",2007-09-30,2007
"120","Katmai National Park & Preserve","Aircraft Incident","Other Transportation","Unintentional","Fatal injury","Not Reported","Not Reported","Flying",2007-09-30,2007
"121","Katmai National Park & Preserve","Aircraft Incident","Other Transportation","Unintentional","Fatal injury","Not Reported","Not Reported","Flying",2007-09-30,2007
"122","Katmai National Park & Preserve","Aircraft Incident","Other Transportation","Unintentional","Fatal injury","Not Reported","Not Reported","Flying",2007-09-30,2007
"123","Gauley River National Recreation Area","Drowning","Drowning","Unintentional","Fatal injury","Male","15-24","Vessel Related",2007-10-05,2007
"124","Delaware Water Gap National Recreation Area","Drowning","Drowning","Unintentional","Fatal injury","Male","15-24","Swimming",2007-10-05,2007
"125","Haleakala National Park","Fall","Fall","Unintentional","Fatal injury","Male","25-34","Not Reported",2007-10-06,2007
"126","Glen Canyon National Recreation Area","Drowning","Drowning","Unintentional","Fatal injury","Female","0-14","Not Reported",2007-10-08,2007
"127","Grand Canyon National Park","Fall","Fall","Unintentional","Fatal injury","Female","0-14","Not Reported",2007-10-09,2007
"128","Gila Cliff Dwellings National Monument","Undetermined","Undetermined","Undetermined","Fatal injury","Male","25-34","Not Reported",2007-10-14,2007
"129","Natchez Trace Parkway","Motor Vehicle Crash","Motor Vehicle Crash","Unintentional","Fatal injury","Male","65+","Driving",2007-10-19,2007
"130","Natchez Trace Parkway","Motor Vehicle Crash","Motor Vehicle Crash","Unintentional","Fatal injury","Male","15-24","Driving",2007-10-22,2007
"131","Cape Lookout National Seashore","Drowning","Drowning","Unintentional","Fatal injury","Male","65+","Vessel Related",2007-11-06,2007
"132","Yosemite National Park","Hypothermia","Environmental","Unintentional","Fatal injury","Male","35-44","Not Reported",2007-11-11,2007
"133","Blue Ridge Parkway","Motor Vehicle Crash","Motor Vehicle Crash","Unintentional","Fatal injury","Male","45-54","Driving",2007-11-23,2007
"134","Yellowstone National Park","Motor Vehicle Crash","Motor Vehicle Crash","Unintentional","Fatal injury","Male","15-24","Driving",2007-11-25,2007
"135","Yellowstone National Park","Motor Vehicle Crash","Motor Vehicle Crash","Unintentional","Fatal injury","Male","25-34","Driving",2007-11-25,2007
"136","Yellowstone National Park","Motor Vehicle Crash","Motor Vehicle Crash","Unintentional","Fatal injury","Female","Not Reported","Driving",2007-11-25,2007
"137","Rocky Mountain National Park","Undetermined","Undetermined","Undetermined","Fatal injury","Male","65+","Not Reported",2007-11-27,2007
"138","Baltimore-Washington Parkway","Motor Vehicle Crash","Motor Vehicle Crash","Unintentional","Fatal injury","Not Reported","Not Reported","Driving",2007-12-08,2007
"139","Mount Rainier National Park","Avalanche","Environmental","Unintentional","Fatal injury","Male","15-24","Snowshoeing",2007-12-18,2007
"140","Mount Rainier National Park","Motor Vehicle Crash","Motor Vehicle Crash","Unintentional","Fatal injury","Male","15-24","Not Reported",2007-12-18,2007
"141","Death Valley National Park","Motor Vehicle Crash","Motor Vehicle Crash","Unintentional","Fatal injury","Not Reported","25-34","Driving",2007-12-29,2007
"142","Baltimore-Washington Parkway","Motor Vehicle Crash","Motor Vehicle Crash","Unintentional","Fatal injury","Male","35-44","Not Reported",2007-12-29,2007
"143","Natchez Trace Parkway","Motor Vehicle Crash","Motor Vehicle Crash","Unintentional","Fatal injury","Female","15-24","Driving",2008-01-05,2008
"144","Biscayne National Park","Drowning","Drowning","Unintentional","Fatal injury","Male","45-54","Vessel Related",2008-01-26,2008
"145","Sequoia & Kings Canyon National Parks","Avalanche","Environmental","Unintentional","Fatal injury","Male","35-44","Skiing",2008-01-28,2008
"146","Sequoia & Kings Canyon National Parks","Motor Vehicle Crash","Motor Vehicle Crash","Unintentional","Fatal injury","Not Reported","Not Reported","Not Reported",2008-01-29,2008
"147","Chickamauga & Chattanooga National Military Park","Horseback riding incident","Other Transportation","Unintentional","Fatal injury","Female","55-64","Horseback (or mule) riding",2008-01-30,2008
"148","Lake Mead National Recreation Area","Motor Vehicle Crash","Motor Vehicle Crash","Unintentional","Fatal injury","Male","15-24","Driving",2008-02-08,2008
"149","Lake Mead National Recreation Area","Undetermined","Undetermined","Undetermined","Fatal injury","Not Reported","35-44","Diving - Scuba",2008-02-09,2008
"150","Yosemite National Park","Fall","Fall","Unintentional","Fatal injury","Male","0-14","Hiking",2008-02-16,2008
"151","Great Smoky Mountains National Park","Motor Vehicle Crash","Motor Vehicle Crash","Unintentional","Fatal injury","Male","15-24","Driving",2008-02-25,2008
"152","Natchez Trace Parkway","Motor Vehicle Crash","Motor Vehicle Crash","Unintentional","Fatal injury","Male","65+","Driving",2008-02-27,2008
"153","Lake Mead National Recreation Area","Drowning","Drowning","Unintentional","Fatal injury","Male","55-64","Vessel Related",2008-02-29,2008
"154","Delaware Water Gap National Recreation Area","Drowning","Drowning","Unintentional","Fatal injury","Male","55-64","Vessel Related",2008-03-03,2008
"155","Gateway National Recreation Area","Firearm","Other","Unintentional","Fatal injury","Not Reported","Not Reported","Not Reported",2008-03-15,2008
"156","Gateway National Recreation Area","Firearm","Other","Unintentional","Fatal injury","Not Reported","Not Reported","Not Reported",2008-03-15,2008
"157","Haleakala National Park","Poisoning - Drugs","Poisoning","Unintentional","Fatal injury","Male","15-24","Camping",2008-03-15,2008
"158","Grand Canyon National Park","Drowning","Drowning","Unintentional","Fatal injury","Male","45-54","Vessel Related",2008-03-17,2008
"159","Mount Rainier National Park","Undetermined","Undetermined","Undetermined","Fatal injury","Male","45-54","Not Reported",2008-03-19,2008
"160","Shenandoah National Park","Undetermined","Undetermined","Undetermined","Fatal injury","Male","Not Reported","Not Reported",2008-03-26,2008
"161","Delaware Water Gap National Recreation Area","Drowning","Drowning","Unintentional","Fatal injury","Male","Not Reported","Vessel Related",2008-04-03,2008
"162","Delaware Water Gap National Recreation Area","Drowning","Drowning","Unintentional","Fatal injury","Male","Not Reported","Vessel Related",2008-04-03,2008
"163","Golden Gate National Recreation Area","Fall","Fall","Unintentional","Fatal injury","Female","15-24","Not Reported",2008-04-14,2008
"164","Little River Canyon National Preserve","Aircraft Incident","Other Transportation","Unintentional","Fatal injury","Male","35-44","Flying",2008-04-18,2008
"165","Suitland","Motor Vehicle Crash","Motor Vehicle Crash","Unintentional","Fatal injury","Not Reported","Not Reported","Driving",2008-04-26,2008
"166","Suitland","Motor Vehicle Crash","Motor Vehicle Crash","Unintentional","Fatal injury","Not Reported","Not Reported","Driving",2008-04-26,2008
"167","North Cascades National Park","Undetermined","Undetermined","Undetermined","Fatal injury","Male","25-34","Not Reported",2008-05-02,2008
"168","Suitland","Undetermined","Undetermined","Undetermined","Fatal injury","Male","15-24","Not Reported",2008-05-02,2008
"169","Big Thicket National Preserve","Drowning","Drowning","Unintentional","Fatal injury","Male","15-24","Swimming",2008-05-03,2008
"170","Buffalo National River","Drowning","Drowning","Unintentional","Fatal injury","Male","0-14","Vessel Related",2008-05-04,2008
"171","Pinnacles National Park","Motor Vehicle Crash","Motor Vehicle Crash","Unintentional","Fatal injury","Male","Not Reported","Driving",2008-05-05,2008
"172","North Cascades National Park","Aircraft Incident","Other Transportation","Unintentional","Fatal injury","Male","55-64","Flying",2008-05-17,2008
"173","North Cascades National Park","Aircraft Incident","Other Transportation","Unintentional","Fatal injury","Male","65+","Flying",2008-05-17,2008
"174","Chickasaw National Recreation Area","Vessel Incident","Other Transportation","Unintentional","Fatal injury","Male","15-24","Vessel Related",2008-05-17,2008
"175","Redwood National and State Parks","Drowning","Drowning","Unintentional","Fatal injury","Male","35-44","Vessel Related",2008-05-20,2008
"176","New River Gorge National River","Drowning","Drowning","Unintentional","Fatal injury","Male","Not Reported","Vessel Related",2008-05-20,2008
"177","New River Gorge National River","Drowning","Drowning","Unintentional","Fatal injury","Male","65+","Vessel Related",2008-05-23,2008
"178","Baltimore-Washington Parkway","Motor Vehicle Crash","Motor Vehicle Crash","Unintentional","Fatal injury","Male","Not Reported","Driving",2008-05-23,2008
"179","George Washington Memorial Parkway","Motor Vehicle Crash","Motor Vehicle Crash","Unintentional","Fatal injury","Male","15-24","Driving",2008-05-26,2008
"180","Natchez Trace Parkway","Motor Vehicle Crash","Motor Vehicle Crash","Unintentional","Fatal injury","Male","65+","Driving",2008-05-27,2008
"181","Lake Mead National Recreation Area","Drowning","Drowning","Unintentional","Fatal injury","Male","15-24","Swimming",2008-05-29,2008
"182","Curecanti National Recreation Area","Drowning","Drowning","Unintentional","Fatal injury","Male","55-64","Vessel Related",2008-05-31,2008
"183","Baltimore-Washington Parkway","Motor Vehicle Crash","Motor Vehicle Crash","Unintentional","Fatal injury","Female","25-34","Driving",2008-05-31,2008
"184","Lake Mead National Recreation Area","Drowning","Drowning","Unintentional","Fatal injury","Male","45-54","Swimming",2008-06-01,2008
"185","Little River Canyon National Preserve","Drowning","Drowning","Unintentional","Fatal injury","Female","0-14","Swimming",2008-06-01,2008
"186","Canyonlands National Park","Aircraft Incident","Other Transportation","Unintentional","Fatal injury","Male","45-54","Flying",2008-06-02,2008
"187","Canyonlands National Park","Aircraft Incident","Other Transportation","Unintentional","Fatal injury","Male","65+","Flying",2008-06-02,2008
"188","Blue Ridge Parkway","Motor Vehicle Crash","Motor Vehicle Crash","Unintentional","Fatal injury","Male","65+","Driving",2008-06-04,2008
"189","Gulf Islands National Seashore","Drowning","Drowning","Unintentional","Fatal injury","Female","45-54","Swimming",2008-06-06,2008
"190","Buffalo National River","Drowning","Drowning","Unintentional","Fatal injury","Female","35-44","Swimming",2008-06-07,2008
"191","Lake Mead National Recreation Area","Drowning","Drowning","Unintentional","Fatal injury","Female","45-54","Swimming",2008-06-08,2008
"192","Canyonlands National Park","Fall","Fall","Unintentional","Fatal injury","Male","55-64","Camping",2008-06-08,2008
"193","Delaware Water Gap National Recreation Area","Drowning","Drowning","Unintentional","Fatal injury","Male","25-34","Swimming",2008-06-09,2008
"194","Rocky Mountain National Park","Fall","Fall","Unintentional","Fatal injury","Male","65+","Not Reported",2008-06-09,2008
"195","Mount Rainier National Park","Undetermined","Undetermined","Undetermined","Fatal injury","Male","25-34","Climbing",2008-06-09,2008
"196","Mount Rainier National Park","Hypothermia","Environmental","Unintentional","Fatal injury","Male","25-34","Hiking",2008-06-10,2008
"197","Chattahoochee River National Recreation Area","Drowning","Drowning","Unintentional","Fatal injury","Male","25-34","Swimming",2008-06-13,2008
"198","Canyonlands National Park","Fall","Fall","Unintentional","Fatal injury","Male","65+","Not Reported",2008-06-14,2008
"199","Glen Canyon National Recreation Area","Drowning","Drowning","Unintentional","Fatal injury","Male","15-24","Swimming",2008-06-15,2008
"200","Blue Ridge Parkway","Motor Vehicle Crash","Motor Vehicle Crash","Unintentional","Fatal injury","Male","Not Reported","Driving",2008-06-15,2008
"201","Saguaro National Park","Motor Vehicle Crash","Motor Vehicle Crash","Unintentional","Fatal injury","Male","Not Reported","Driving",2008-06-21,2008
"202","Grand Teton National Park","Motor Vehicle Crash","Motor Vehicle Crash","Unintentional","Fatal injury","Not Reported","Not Reported","Driving",2008-06-23,2008
"203","Glen Canyon National Recreation Area","Poisoning - Carbon monoxide","Poisoning","Unintentional","Fatal injury","Not Reported","Not Reported","Camping",2008-06-24,2008
"204","Golden Gate National Recreation Area","Drowning","Drowning","Unintentional","Fatal injury","Male","25-34","Fishing",2008-06-25,2008
"205","Glen Canyon National Recreation Area","Drowning","Drowning","Unintentional","Fatal injury","Male","15-24","Swimming",2008-06-25,2008
"206","Mammoth Cave National Park","Motor Vehicle Crash","Motor Vehicle Crash","Unintentional","Fatal injury","Female","35-44","Driving",2008-06-28,2008
"207","Lake Mead National Recreation Area","Drowning","Drowning","Unintentional","Fatal injury","Male","15-24","Swimming",2008-06-29,2008
"208","Saguaro National Park","Bicycle only crash","Other Transportation","Unintentional","Fatal injury","Male","35-44","Bicycling",2008-06-30,2008
"209","Upper Delaware Scenic & Recreational River","Drowning","Drowning","Unintentional","Fatal injury","Male","15-24","Swimming",2008-07-04,2008
"210","Upper Delaware Scenic & Recreational River","Drowning","Drowning","Unintentional","Fatal injury","Male","25-34","Swimming",2008-07-04,2008
"211","Mount Rainier National Park","Fall","Fall","Unintentional","Fatal injury","Male","15-24","Climbing",2008-07-04,2008
"212","Denali National Park & Preserve","Fall","Fall","Unintentional","Fatal injury","Male","45-54","Climbing",2008-07-04,2008
"213","Lake Mead National Recreation Area","Drowning","Drowning","Unintentional","Fatal injury","Male","45-54","Swimming",2008-07-05,2008
"214","Big South Fork National River and Recreation Area","Drowning","Drowning","Unintentional","Fatal injury","Male","15-24","Swimming",2008-07-07,2008
"215","Denali National Park & Preserve","Fall","Fall","Unintentional","Fatal injury","Male","15-24","Climbing",2008-07-07,2008
"216","Golden Gate National Recreation Area","Drowning","Drowning","Unintentional","Fatal injury","Not Reported","Not Reported","Not Reported",2008-07-09,2008
"217","Golden Gate National Recreation Area","Undetermined","Undetermined","Undetermined","Fatal injury","Not Reported","Not Reported","Not Reported",2008-07-09,2008
"218","Indiana Dunes National Park","Drowning","Drowning","Unintentional","Fatal injury","Male","0-14","Swimming",2008-07-13,2008
"219","Grand Teton National Park","Fall","Fall","Unintentional","Fatal injury","Male","55-64","Climbing",2008-07-19,2008
"220","Blue Ridge Parkway","Motor Vehicle Crash","Motor Vehicle Crash","Unintentional","Fatal injury","Male","45-54","Driving",2008-07-19,2008
"221","Upper Delaware Scenic & Recreational River","Drowning","Drowning","Unintentional","Fatal injury","Male","15-24","Swimming",2008-07-21,2008
"222","Gateway National Recreation Area","Motor Vehicle Crash","Motor Vehicle Crash","Unintentional","Fatal injury","Male","35-44","Not Reported",2008-07-25,2008
"223","Delaware Water Gap National Recreation Area","Drowning","Drowning","Unintentional","Fatal injury","Male","35-44","Swimming",2008-07-26,2008
"224","North Cascades National Park","Fall","Fall","Unintentional","Fatal injury","Female","45-54","Climbing",2008-07-26,2008
"225","Dinosaur National Monument","Drowning","Drowning","Unintentional","Fatal injury","Male","0-14","Vessel Related",2008-07-27,2008
"226","Gateway National Recreation Area","Motor Vehicle Crash","Motor Vehicle Crash","Unintentional","Fatal injury","Male","35-44","Not Reported",2008-07-29,2008
"227","Indiana Dunes National Park","Drowning","Drowning","Unintentional","Fatal injury","Male","0-14","Swimming",2008-08-02,2008
"228","Grand Canyon National Park","Fall","Fall","Unintentional","Fatal injury","Male","15-24","Photographing",2008-08-08,2008
"229","Grand Teton National Park","Fall","Fall","Unintentional","Fatal injury","Male","55-64","Not Reported",2008-08-09,2008
"230","Grand Teton National Park","Motor Vehicle Crash","Motor Vehicle Crash","Unintentional","Fatal injury","Male","15-24","Driving",2008-08-09,2008
"231","Golden Gate National Recreation Area","Undetermined","Undetermined","Undetermined","Fatal injury","Male","65+","Not Reported",2008-08-09,2008
"232","Great Falls Park","Drowning","Drowning","Unintentional","Fatal injury","Male","45-54","Not Reported",2008-08-12,2008
"233","Glacier National Park","Avalanche","Environmental","Unintentional","Fatal injury","Not Reported","Not Reported","Climbing",2008-08-21,2008
"234","Lassen Volcanic National Park","Motor Vehicle Crash","Motor Vehicle Crash","Unintentional","Fatal injury","Not Reported","55-64","Driving",2008-08-24,2008
"235","Great Smoky Mountains National Park","Drowning","Drowning","Unintentional","Fatal injury","Male","25-34","Vessel Related",2008-08-27,2008
"236","Lassen Volcanic National Park","Motor Vehicle Crash","Motor Vehicle Crash","Unintentional","Fatal injury","Male","55-64","Driving",2008-08-27,2008
"237","Grand Canyon National Park","Fall","Fall","Unintentional","Fatal injury","Male","55-64","Hiking",2008-08-28,2008
"238","Lake Mead National Recreation Area","Drowning","Drowning","Unintentional","Fatal injury","Male","Not Reported","Vessel Related",2008-08-29,2008
"239","New River Gorge National River","Drowning","Drowning","Unintentional","Fatal injury","Male","25-34","Swimming",2008-08-29,2008
"240","Cape Hatteras National Seashore","Drowning","Drowning","Unintentional","Fatal injury","Male","45-54","Swimming",2008-09-01,2008
"241","Mojave National Preserve","Motor Vehicle Crash","Motor Vehicle Crash","Unintentional","Fatal injury","Male","15-24","Driving",2008-09-07,2008
"242","Yosemite National Park","Motor Vehicle Crash","Motor Vehicle Crash","Unintentional","Fatal injury","Male","45-54","Driving",2008-09-08,2008
"243","Glen Canyon National Recreation Area","Flash flood","Environmental","Unintentional","Fatal injury","Male","55-64","Canyoneering",2008-09-10,2008
"244","Glen Canyon National Recreation Area","Flash flood","Environmental","Unintentional","Fatal injury","Female","55-64","Canyoneering",2008-09-10,2008
"245","Great Falls Park","Drowning","Drowning","Unintentional","Fatal injury","Not Reported","Not Reported","Not Reported",2008-09-11,2008
"246","Glen Canyon National Recreation Area","Drowning","Drowning","Unintentional","Fatal injury","Male","15-24","Vessel Related",2008-09-20,2008
"247","Indiana Dunes National Park","Drowning","Drowning","Unintentional","Fatal injury","Female","0-14","Swimming",2008-09-21,2008
"248","Big Thicket National Preserve","Motor Vehicle Crash","Motor Vehicle Crash","Unintentional","Fatal injury","Not Reported","45-54","Driving",2008-09-25,2008
"249","Shenandoah National Park","Undetermined","Undetermined","Undetermined","Fatal injury","Male","45-54","Not Reported",2008-09-29,2008
"250","Rocky Mountain National Park","Fall","Fall","Unintentional","Fatal injury","Male","35-44","Skiing",2008-09-30,2008
"251","Gauley River National Recreation Area","Drowning","Drowning","Unintentional","Fatal injury","Female","55-64","Vessel Related",2008-10-03,2008
"252","Lake Mead National Recreation Area","Drowning","Drowning","Unintentional","Fatal injury","Male","15-24","Swimming",2008-10-03,2008
"253","National Mall & Memorial Parks","Bicycle only crash","Other Transportation","Unintentional","Fatal injury","Male","15-24","Bicycling",2008-10-05,2008
"254","Delaware Water Gap National Recreation Area","Motor Vehicle Crash","Motor Vehicle Crash","Unintentional","Fatal injury","Female","15-24","Driving",2008-10-05,2008
"255","Delaware Water Gap National Recreation Area","Motor Vehicle Crash","Motor Vehicle Crash","Unintentional","Fatal injury","Male","45-54","Driving",2008-10-05,2008
"256","Redwood National and State Parks","Fall","Fall","Unintentional","Fatal injury","Female","15-24","Not Reported",2008-10-16,2008
"257","Zion National Park","Fall","Fall","Unintentional","Fatal injury","Male","25-34","Climbing",2008-10-17,2008
"258","Golden Gate National Recreation Area","Fall","Fall","Unintentional","Fatal injury","Male","25-34","Walking",2008-10-17,2008
"259","Glacier National Park","Fall","Fall","Unintentional","Fatal injury","Male","Not Reported","Not Reported",2008-10-22,2008
"260","Buffalo National River","Firearm","Other","Unintentional","Fatal injury","Male","25-34","Not Reported",2008-11-04,2008
"261","Great Smoky Mountains National Park","Fall","Fall","Unintentional","Fatal injury","Male","25-34","Not Reported",2008-11-08,2008
"262","Golden Gate National Recreation Area","Undetermined","Undetermined","Undetermined","Fatal injury","Male","Not Reported","Not Reported",2008-11-08,2008
"263","Lake Mead National Recreation Area","Fall","Fall","Unintentional","Fatal injury","Male","35-44","Not Reported",2008-11-16,2008
"264","Amistad National Recreation Area","Drowning","Drowning","Unintentional","Fatal injury","Male","Not Reported","Playing Sports",2008-11-18,2008
"265","Natchez Trace Parkway","Motor Vehicle Crash","Motor Vehicle Crash","Unintentional","Fatal injury","Female","25-34","Driving",2008-11-20,2008
"266","Zion National Park","Fall","Fall","Unintentional","Fatal injury","Male","55-64","Not Reported",2008-11-28,2008
"267","Zion National Park","Fall","Fall","Unintentional","Fatal injury","Male","55-64","Not Reported",2008-11-29,2008
"268","Amistad National Recreation Area","Drowning","Drowning","Unintentional","Fatal injury","Male","35-44","Not Reported",2008-12-04,2008
"269","Gateway National Recreation Area","Hypothermia","Environmental","Unintentional","Fatal injury","Male","55-64","Not Reported",2008-12-14,2008
"270","Natchez Trace Parkway","Motor Vehicle Crash","Motor Vehicle Crash","Unintentional","Fatal injury","Male","55-64","Driving",2008-12-16,2008
"271","Harpers Ferry National Historical Park","Undetermined","Undetermined","Undetermined","Fatal injury","Female","65+","Not Reported",2008-12-18,2008
"272","Cuyahoga Valley National Park","Motor Vehicle Crash","Motor Vehicle Crash","Unintentional","Fatal injury","Male","35-44","Driving",2008-12-26,2008
"273","Natchez Trace Parkway","Motor Vehicle Crash","Motor Vehicle Crash","Unintentional","Fatal injury","Male","15-24","Driving",2008-12-29,2008
"274","Golden Gate National Recreation Area","Hypothermia","Environmental","Unintentional","Fatal injury","Female","65+","Walking",2009-01-04,2009
"275","Lake Mead National Recreation Area","Drowning","Drowning","Unintentional","Fatal injury","Male","65+","Vessel Related",2009-01-09,2009
"276","Lake Mead National Recreation Area","Drowning","Drowning","Unintentional","Fatal injury","Male","65+","Vessel Related",2009-01-09,2009
"277","Hawaii Volcanoes National Park","Aircraft Incident","Other Transportation","Unintentional","Fatal injury","Male","65+","Flying",2009-01-16,2009
"278","Hawaii Volcanoes National Park","Aircraft Incident","Other Transportation","Unintentional","Fatal injury","Male","65+","Flying",2009-01-18,2009
"279","Chesapeake & Ohio Canal National Historical Park","Motor Vehicle Crash","Motor Vehicle Crash","Unintentional","Fatal injury","Male","15-24","Driving",2009-01-20,2009
"280","Voyageurs National Park","Motor Vehicle Crash","Motor Vehicle Crash","Unintentional","Fatal injury","Male","25-34","Snowmobiling",2009-01-24,2009
"281","Golden Gate National Recreation Area","Undetermined","Undetermined","Undetermined","Fatal injury","Not Reported","Not Reported","Not Reported",2009-01-24,2009
"282","Lake Mead National Recreation Area","Motor Vehicle Crash","Motor Vehicle Crash","Unintentional","Fatal injury","Not Reported","Not Reported","Driving",2009-01-29,2009
"283","Lake Mead National Recreation Area","Motor Vehicle Crash","Motor Vehicle Crash","Unintentional","Fatal injury","Not Reported","Not Reported","Driving",2009-01-29,2009
"284","Lake Mead National Recreation Area","Motor Vehicle Crash","Motor Vehicle Crash","Unintentional","Fatal injury","Not Reported","Not Reported","Driving",2009-01-29,2009
"285","Lake Mead National Recreation Area","Motor Vehicle Crash","Motor Vehicle Crash","Unintentional","Fatal injury","Not Reported","Not Reported","Driving",2009-01-29,2009
"286","Lake Mead National Recreation Area","Motor Vehicle Crash","Motor Vehicle Crash","Unintentional","Fatal injury","Not Reported","Not Reported","Driving",2009-01-29,2009
"287","Lake Mead National Recreation Area","Motor Vehicle Crash","Motor Vehicle Crash","Unintentional","Fatal injury","Not Reported","Not Reported","Driving",2009-01-29,2009
"288","Lake Mead National Recreation Area","Motor Vehicle Crash","Motor Vehicle Crash","Unintentional","Fatal injury","Not Reported","Not Reported","Driving",2009-01-29,2009
"289","Great Smoky Mountains National Park","Asphyxiation","Other","Unintentional","Fatal injury","Male","55-64","Suicide",2009-02-03,2009
"290","Grand Canyon National Park","Undetermined","Undetermined","Undetermined","Fatal injury","Not Reported","Not Reported","Not Reported",2009-02-05,2009
"291","Golden Gate National Recreation Area","Drowning","Drowning","Unintentional","Fatal injury","Male","45-54","Flying",2009-02-08,2009
"292","Golden Gate National Recreation Area","Drowning","Drowning","Unintentional","Fatal injury","Male","45-54","Flying",2009-02-09,2009
"293","Baltimore-Washington Parkway","Motor Vehicle Crash","Motor Vehicle Crash","Unintentional","Fatal injury","Male","35-44","Walking",2009-02-10,2009
"294","Baltimore-Washington Parkway","Motor Vehicle Crash","Motor Vehicle Crash","Unintentional","Fatal injury","Male","15-24","Driving",2009-02-17,2009
"295","Golden Gate National Recreation Area","Fall","Fall","Unintentional","Fatal injury","Male","45-54","Not Reported",2009-02-18,2009
"296","Hot Springs National Park","Motor Vehicle Crash","Motor Vehicle Crash","Unintentional","Fatal injury","Male","45-54","Driving",2009-03-07,2009
"297","Chattahoochee River National Recreation Area","Undetermined","Undetermined","Undetermined","Fatal injury","Male","45-54","Not Reported",2009-03-09,2009
"298","Joshua Tree National Park","Fall","Fall","Unintentional","Fatal injury","Male","65+","Climbing",2009-03-15,2009
"299","Grand Canyon National Park","Undetermined","Undetermined","Undetermined","Fatal injury","Male","Not Reported","Not Reported",2009-03-16,2009
"300","Natchez Trace Parkway","Motor Vehicle Crash","Motor Vehicle Crash","Unintentional","Fatal injury","Male","55-64","Driving",2009-03-26,2009
"301","Great Falls Park","Drowning","Drowning","Unintentional","Fatal injury","Not Reported","Not Reported","Vessel Related",2009-04-03,2009
"302","Biscayne National Park","Drowning","Drowning","Unintentional","Fatal injury","Female","0-14","Vessel Related",2009-04-05,2009
"303","Biscayne National Park","Drowning","Drowning","Unintentional","Fatal injury","Male","45-54","Vessel Related",2009-04-05,2009
"304","Saint Croix National Scenic Riverway","Drowning","Drowning","Unintentional","Fatal injury","Male","45-54","Vessel Related",2009-04-08,2009
"305","Great Smoky Mountains National Park","Fall","Fall","Unintentional","Fatal injury","Male","65+","Hiking",2009-04-10,2009
"306","Golden Gate National Recreation Area","Undetermined","Undetermined","Undetermined","Fatal injury","Male","45-54","Vessel Related",2009-04-12,2009
"307","Natchez Trace Parkway","Motor Vehicle Crash","Motor Vehicle Crash","Unintentional","Fatal injury","Female","45-54","Bicycling",2009-04-22,2009
"308","Gulf Islands National Seashore","Drowning","Drowning","Unintentional","Fatal injury","Male","55-64","Swimming",2009-04-24,2009
"309","Glen Canyon National Recreation Area","Drowning","Drowning","Unintentional","Fatal injury","Female","Not Reported","Vessel Related",2009-04-25,2009
"310","Glen Canyon National Recreation Area","Drowning","Drowning","Unintentional","Fatal injury","Female","Not Reported","Vessel Related",2009-04-25,2009
"311","Glen Canyon National Recreation Area","Drowning","Drowning","Unintentional","Fatal injury","Male","Not Reported","Vessel Related",2009-04-25,2009
"312","Glen Canyon National Recreation Area","Drowning","Drowning","Unintentional","Fatal injury","Female","Not Reported","Vessel Related",2009-04-25,2009
"313","Chesapeake & Ohio Canal National Historical Park","Drowning","Drowning","Unintentional","Fatal injury","Male","0-14","Vessel Related",2009-04-26,2009
"314","Chesapeake & Ohio Canal National Historical Park","Drowning","Drowning","Unintentional","Fatal injury","Male","35-44","Swimming",2009-04-26,2009
"315","Gulf Islands National Seashore","Drowning","Drowning","Unintentional","Fatal injury","Male","15-24","Vessel Related",2009-04-27,2009
"316","Rocky Mountain National Park","Undetermined","Undetermined","Undetermined","Fatal injury","Not Reported","Not Reported","Not Reported",2009-04-29,2009
"317","Grand Canyon National Park","Drowning","Drowning","Unintentional","Fatal injury","Male","15-24","Swimming",2009-04-30,2009
"318","Grand Canyon National Park","Drowning","Drowning","Unintentional","Fatal injury","Male","15-24","Swimming",2009-04-30,2009
"319","Grand Canyon National Park","Drowning","Drowning","Unintentional","Fatal injury","Male","15-24","Swimming",2009-04-30,2009
"320","New River Gorge National River","Drowning","Drowning","Unintentional","Fatal injury","Female","Not Reported","Vessel Related",2009-05-02,2009
"321","Yosemite National Park","Drowning","Drowning","Unintentional","Fatal injury","Female","25-34","Not Reported",2009-05-18,2009
"322","Yosemite National Park","Motor Vehicle Crash","Motor Vehicle Crash","Unintentional","Fatal injury","Male","45-54","Bicycling",2009-05-29,2009
"323","Grand Canyon National Park","Fall","Fall","Unintentional","Fatal injury","Male","65+","Not Reported",2009-06-02,2009
"324","Virgin Islands National Park","Drowning","Drowning","Unintentional","Fatal injury","Female","Not Reported","Snorkeling",2009-06-03,2009
"325","Chickasaw National Recreation Area","Poisoning - other","Poisoning","Unintentional","Fatal injury","Not Reported","0-14","Not Reported",2009-06-09,2009
"326","Big Bend National Park","Hyperthermia","Environmental","Unintentional","Fatal injury","Not Reported","Not Reported","Walking",2009-06-10,2009
"327","Denali National Park & Preserve","Fall","Fall","Unintentional","Fatal injury","Male","35-44","Hiking",2009-06-11,2009
"328","Denali National Park & Preserve","Fall","Fall","Unintentional","Fatal injury","Male","35-44","Hiking",2009-06-11,2009
"329","Yosemite National Park","Fall","Fall","Unintentional","Fatal injury","Male","35-44","Hiking",2009-06-13,2009
"330","Richmond National Battlefield Park","Motor Vehicle Crash","Motor Vehicle Crash","Unintentional","Fatal injury","Male","35-44","Driving",2009-06-13,2009
"331","Yosemite National Park","Fall","Fall","Unintentional","Fatal injury","Male","15-24","Not Reported",2009-06-15,2009
"332","Mojave National Preserve","Motor Vehicle Crash","Motor Vehicle Crash","Unintentional","Fatal injury","Female","25-34","Driving",2009-06-17,2009
"333","Great Falls Park","Drowning","Drowning","Unintentional","Fatal injury","Male","15-24","Swimming",2009-06-21,2009
"334","Great Falls Park","Drowning","Drowning","Unintentional","Fatal injury","Male","15-24","Swimming",2009-06-21,2009
"335","Cape Hatteras National Seashore","Drowning","Drowning","Unintentional","Fatal injury","Male","Not Reported","Swimming",2009-06-25,2009
"336","Lake Mead National Recreation Area","Drowning","Drowning","Unintentional","Fatal injury","Male","45-54","Swimming",2009-06-26,2009
"337","Chickasaw National Recreation Area","Drowning","Drowning","Unintentional","Fatal injury","Male","25-34","Swimming",2009-06-29,2009
"338","Delaware Water Gap National Recreation Area","Drowning","Drowning","Unintentional","Fatal injury","Male","25-34","Swimming",2009-07-03,2009
"339","Cape Hatteras National Seashore","Drowning","Drowning","Unintentional","Fatal injury","Male","65+","Swimming",2009-07-04,2009
"340","Natchez Trace Parkway","Motor Vehicle Crash","Motor Vehicle Crash","Unintentional","Fatal injury","Male","45-54","Driving",2009-07-11,2009
"341","Great Falls Park","Drowning","Drowning","Unintentional","Fatal injury","Male","25-34","Swimming",2009-07-14,2009
"342","Golden Gate National Recreation Area","Drowning","Drowning","Unintentional","Fatal injury","Male","35-44","Vessel Related",2009-07-19,2009
"343","Sequoia & Kings Canyon National Parks","Drowning","Drowning","Unintentional","Fatal injury","Female","0-14","Swimming",2009-07-19,2009
"344","Golden Gate National Recreation Area","Undetermined","Undetermined","Undetermined","Fatal injury","Male","35-44","Vessel Related",2009-07-19,2009
"345","Grand Canyon National Park","Fall","Fall","Unintentional","Fatal injury","Male","15-24","Hiking",2009-07-21,2009
"346","Cape Hatteras National Seashore","Drowning","Drowning","Unintentional","Fatal injury","Male","35-44","Swimming",2009-07-24,2009
"347","Upper Delaware Scenic & Recreational River","Drowning","Drowning","Unintentional","Fatal injury","Male","25-34","Swimming",2009-07-26,2009
"348","Death Valley National Park","Hyperthermia","Environmental","Unintentional","Fatal injury","Female","45-54","Not Reported",2009-07-26,2009
"349","Dinosaur National Monument","Drowning","Drowning","Unintentional","Fatal injury","Female","45-54","Vessel Related",2009-07-29,2009
"350","Big Thicket National Preserve","Drowning","Drowning","Unintentional","Fatal injury","Female","45-54","Swimming",2009-07-29,2009
"351","Lassen Volcanic National Park","Rockfall","Environmental","Unintentional","Fatal injury","Male","0-14","Hiking",2009-07-29,2009
"352","Bluestone National Scenic River","Drowning","Drowning","Unintentional","Fatal injury","Male","Not Reported","Vessel Related",2009-08-01,2009
"353","Saguaro National Park","Motor Vehicle Crash","Motor Vehicle Crash","Unintentional","Fatal injury","Male","55-64","Driving",2009-08-01,2009
"354","Gateway National Recreation Area","Drowning","Drowning","Unintentional","Fatal injury","Male","15-24","Swimming",2009-08-03,2009
"355","New River Gorge National River","Drowning","Drowning","Unintentional","Fatal injury","Male","35-44","Vessel Related",2009-08-03,2009
"356","Glen Canyon National Recreation Area","Drowning","Drowning","Unintentional","Fatal injury","Male","0-14","Not Reported",2009-08-03,2009
"357","Death Valley National Park","Hyperthermia","Environmental","Unintentional","Fatal injury","Male","0-14","Not Reported",2009-08-05,2009
"358","Lake Mead National Recreation Area","Drowning","Drowning","Unintentional","Fatal injury","Male","45-54","Swimming",2009-08-09,2009
"359","Zion National Park","Fall","Fall","Unintentional","Fatal injury","Female","55-64","Hiking",2009-08-09,2009
"360","North Cascades National Park","Falling Ice","Environmental","Unintentional","Fatal injury","Male","45-54","Hiking",2009-08-09,2009
"361","Great Smoky Mountains National Park","Motor Vehicle Crash","Motor Vehicle Crash","Unintentional","Fatal injury","Male","55-64","Driving",2009-08-09,2009
"362","Grand Canyon National Park","Hyperthermia","Environmental","Unintentional","Fatal injury","Not Reported","15-24","Hiking",2009-08-13,2009
"363","Yosemite National Park","Fall","Fall","Unintentional","Fatal injury","Female","45-54","Not Reported",2009-08-14,2009
"364","New River Gorge National River","Drowning","Drowning","Unintentional","Fatal injury","Male","25-34","Swimming",2009-08-15,2009
"365","Sleeping Bear Dunes National Lakeshore","Drowning","Drowning","Unintentional","Fatal injury","Male","15-24","Swimming",2009-08-15,2009
"366","Cape Hatteras National Seashore","Drowning","Drowning","Unintentional","Fatal injury","Male","65+","Swimming",2009-08-17,2009
"367","Yosemite National Park","Fall","Fall","Unintentional","Fatal injury","Male","55-64","Fishing",2009-08-17,2009
"368","Great Smoky Mountains National Park","Motor Vehicle Crash","Motor Vehicle Crash","Unintentional","Fatal injury","Not Reported","Not Reported","Driving",2009-08-19,2009
"369","Great Smoky Mountains National Park","Motor Vehicle Crash","Motor Vehicle Crash","Unintentional","Fatal injury","Not Reported","Not Reported","Driving",2009-08-19,2009
"370","Blue Ridge Parkway","Motor Vehicle Crash","Motor Vehicle Crash","Unintentional","Fatal injury","Female","55-64","Driving",2009-08-19,2009
"371","Lake Mead National Recreation Area","Drowning","Drowning","Unintentional","Fatal injury","Male","0-14","Not Reported",2009-08-20,2009
"372","Colonial National Historical Park","Bicycle only crash","Other Transportation","Unintentional","Fatal injury","Male","65+","Bicycling",2009-08-22,2009
"373","Glacier National Park","Fall","Fall","Unintentional","Fatal injury","Male","65+","Climbing",2009-08-22,2009
"374","Upper Delaware Scenic & Recreational River","Drowning","Drowning","Unintentional","Fatal injury","Male","35-44","Vessel Related",2009-08-23,2009
"375","Acadia National Park","Drowning","Drowning","Unintentional","Fatal injury","Female","0-14","Not Reported",2009-08-23,2009
"376","Lake Roosevelt National Recreation Area","Drowning","Drowning","Unintentional","Fatal injury","Male","65+","Swimming",2009-08-25,2009
"377","Lake Mead National Recreation Area","Vessel Incident","Other Transportation","Unintentional","Fatal injury","Female","15-24","Vessel Related",2009-08-29,2009
"378","Lake Mead National Recreation Area","Drowning","Drowning","Unintentional","Fatal injury","Male","25-34","Not Reported",2009-09-01,2009
"379","Lake Mead National Recreation Area","Drowning","Drowning","Unintentional","Fatal injury","Male","25-34","Not Reported",2009-09-01,2009
"380","Rocky Mountain National Park","Fall","Fall","Unintentional","Fatal injury","Female","55-64","Hiking",2009-09-04,2009
"381","Biscayne National Park","Lightning strike","Environmental","Unintentional","Fatal injury","Male","35-44","Vessel Related",2009-09-05,2009
"382","Blue Ridge Parkway","Motor Vehicle Crash","Motor Vehicle Crash","Unintentional","Fatal injury","Female","0-14","Driving",2009-09-05,2009
"383","Lake Mead National Recreation Area","Drowning","Drowning","Unintentional","Fatal injury","Male","15-24","Swimming",2009-09-06,2009
"384","Yosemite National Park","Drowning","Drowning","Unintentional","Fatal injury","Male","25-34","Swimming",2009-09-06,2009
"385","Grand Canyon National Park","Hyperthermia","Environmental","Unintentional","Fatal injury","Male","35-44","Hiking",2009-09-09,2009
"386","Glacier National Park","Motor Vehicle Crash","Motor Vehicle Crash","Unintentional","Fatal injury","Male","45-54","Driving",2009-09-09,2009
"387","Yellowstone National Park","Drowning","Drowning","Unintentional","Fatal injury","Female","25-34","Swimming",2009-09-10,2009
"388","Rocky Mountain National Park","Fall","Fall","Unintentional","Fatal injury","Male","Not Reported","Not Reported",2009-09-11,2009
"389","Biscayne National Park","Drowning","Drowning","Unintentional","Fatal injury","Male","Not Reported","Snorkeling",2009-09-13,2009
"390","Lake Mead National Recreation Area","Drowning","Drowning","Unintentional","Fatal injury","Male","45-54","Swimming",2009-09-13,2009
"391","Cape Hatteras National Seashore","Drowning","Drowning","Unintentional","Fatal injury","Male","45-54","Swimming",2009-09-18,2009
"392","Golden Gate National Recreation Area","Drowning","Drowning","Unintentional","Fatal injury","Male","55-64","Vessel Related",2009-09-19,2009
"393","Grand Canyon National Park","Fall","Fall","Unintentional","Fatal injury","Male","35-44","Hiking",2009-09-22,2009
"394","Grand Teton National Park","Fall","Fall","Unintentional","Fatal injury","Male","15-24","Hiking",2009-09-22,2009
"395","Glen Canyon National Recreation Area","Fall","Fall","Unintentional","Fatal injury","Male","45-54","Not Reported",2009-09-26,2009
"396","Gauley River National Recreation Area","Drowning","Drowning","Unintentional","Fatal injury","Male","Not Reported","Vessel Related",2009-10-02,2009
"397","Great Smoky Mountains National Park","Motor Vehicle Crash","Motor Vehicle Crash","Unintentional","Fatal injury","Male","45-54","Driving",2009-10-07,2009
"398","Natchez Trace Parkway","Motor Vehicle Crash","Motor Vehicle Crash","Unintentional","Fatal injury","Male","45-54","Bicycling",2009-10-09,2009
"399","Yosemite National Park","Motor Vehicle Crash","Motor Vehicle Crash","Unintentional","Fatal injury","Female","Not Reported","Driving",2009-10-10,2009
"400","Denali National Park & Preserve","Aircraft Incident","Other Transportation","Unintentional","Fatal injury","Male","65+","Flying",2009-10-14,2009
"401","Cape Hatteras National Seashore","Drowning","Drowning","Unintentional","Fatal injury","Male","15-24","Vessel Related",2009-10-16,2009
"402","Channel Islands National Park","Hyperthermia","Environmental","Unintentional","Fatal injury","Male","45-54","Hiking",2009-10-16,2009
"403","Grand Teton National Park","Motor Vehicle Crash","Motor Vehicle Crash","Unintentional","Fatal injury","Male","55-64","Driving",2009-10-27,2009
"404","Sequoia & Kings Canyon National Parks","Undetermined","Undetermined","Undetermined","Fatal injury","Male","Not Reported","Hiking",2009-10-27,2009
"405","Golden Gate National Recreation Area","Undetermined","Undetermined","Undetermined","Fatal injury","Male","25-34","Not Reported",2009-11-15,2009
"406","Golden Gate National Recreation Area","Drowning","Drowning","Unintentional","Fatal injury","Female","35-44","Swimming",2009-11-23,2009
"407","Zion National Park","Fall","Fall","Unintentional","Fatal injury","Female","45-54","Hiking",2009-11-27,2009
"408","Grand Canyon National Park","Fall","Fall","Unintentional","Fatal injury","Male","Not Reported","Not Reported",2009-11-28,2009
"409","Natchez Trace Parkway","Motor Vehicle Crash","Motor Vehicle Crash","Unintentional","Fatal injury","Male","15-24","Driving",2009-11-28,2009
"410","Great Sand Dunes National Park & Preserve","Hypothermia","Environmental","Unintentional","Fatal injury","Female","25-34","Not Reported",2009-12-03,2009
"411","Yosemite National Park","Poisoning - Drugs","Poisoning","Unintentional","Fatal injury","Male","Not Reported","Not Reported",2009-12-06,2009
"412","Great Smoky Mountains National Park","Fall","Fall","Unintentional","Fatal injury","Female","Not Reported","Photographing",2009-12-21,2009
"413","Natchez Trace Parkway","Motor Vehicle Crash","Motor Vehicle Crash","Unintentional","Fatal injury","Female","25-34","Driving",2010-01-13,2010
"414","Great Smoky Mountains National Park","Motor Vehicle Crash","Motor Vehicle Crash","Unintentional","Fatal injury","Female","Not Reported","Driving",2010-01-26,2010
"415","New River Gorge National River","Undetermined","Undetermined","Undetermined","Fatal injury","Male","Not Reported","Vessel Related",2010-03-13,2010
"416","Yosemite National Park","Undetermined","Undetermined","Undetermined","Fatal injury","Male","55-64","Not Reported",2010-03-13,2010
"417","Golden Gate National Recreation Area","Fall","Fall","Unintentional","Fatal injury","Female","15-24","Camping",2010-03-20,2010
"418","Natchez Trace Parkway","Asphyxiation","Other","Unintentional","Fatal injury","Male","45-54","Suicide",2010-03-23,2010
"419","Saguaro National Park","Motor Vehicle Crash","Motor Vehicle Crash","Unintentional","Fatal injury","Male","65+","Driving",2010-03-24,2010
"420","Natchez Trace Parkway","Motor Vehicle Crash","Motor Vehicle Crash","Unintentional","Fatal injury","Male","25-34","Driving",2010-03-29,2010
"421","Chickamauga & Chattanooga National Military Park","Motor Vehicle Crash","Motor Vehicle Crash","Unintentional","Fatal injury","Female","45-54","Driving",2010-03-29,2010
"422","Glacier National Park","Avalanche","Environmental","Unintentional","Fatal injury","Male","Not Reported","Skiing",2010-03-31,2010
"423","Ozark National Scenic Riverways","Drowning","Drowning","Unintentional","Fatal injury","Male","35-44","Swimming",2010-04-03,2010
"424","Point Reyes National Seashore","Drowning","Drowning","Unintentional","Fatal injury","Male","45-54","Vessel Related",2010-04-03,2010
"425","Castillo De San Marcos National Monument","Trolly crash","Other Transportation","Unintentional","Fatal injury","Male","Not Reported","Driving",2010-04-09,2010
"426","Great Smoky Mountains National Park","Motor Vehicle Crash","Motor Vehicle Crash","Unintentional","Fatal injury","Male","25-34","Driving",2010-04-13,2010
"427","Amistad National Recreation Area","Drowning","Drowning","Unintentional","Fatal injury","Male","25-34","Not Reported",2010-04-16,2010
"428","Hawaii Volcanoes National Park","Motor Vehicle Crash","Motor Vehicle Crash","Unintentional","Fatal injury","Male","45-54","Driving",2010-04-16,2010
"429","Zion National Park","Drowning","Drowning","Unintentional","Fatal injury","Male","25-34","Vessel Related",2010-04-26,2010
"430","Zion National Park","Drowning","Drowning","Unintentional","Fatal injury","Male","25-34","Vessel Related",2010-04-26,2010
"431","Zion National Park","Fall","Fall","Unintentional","Fatal injury","Female","55-64","Hiking",2010-04-27,2010
"432","Zion National Park","Fall","Fall","Unintentional","Fatal injury","Female","55-64","Hiking",2010-04-27,2010
"433","Saguaro National Park","Motor Vehicle Crash","Motor Vehicle Crash","Unintentional","Fatal injury","Male","55-64","Driving",2010-04-28,2010
"434","Blue Ridge Parkway","Motor Vehicle Crash","Motor Vehicle Crash","Unintentional","Fatal injury","Male","35-44","Driving",2010-04-29,2010
"435","Zion National Park","Undetermined","Undetermined","Undetermined","Fatal injury","Male","Not Reported","Not Reported",2010-05-01,2010
"436","Everglades National Park","Drowning","Drowning","Unintentional","Fatal injury","Male","Not Reported","Vessel Related",2010-05-02,2010
"437","Yosemite National Park","Fall","Fall","Unintentional","Fatal injury","Male","25-34","Climbing",2010-05-07,2010
"438","Channel Islands National Park","Fall","Fall","Unintentional","Fatal injury","Male","15-24","Hiking",2010-05-08,2010
"439","Great Smoky Mountains National Park","Poisoning - Drugs","Poisoning","Unintentional","Fatal injury","Male","25-34","Hiking",2010-05-08,2010
"440","Denali National Park & Preserve","Fall","Fall","Unintentional","Fatal injury","Male","45-54","Hiking",2010-05-16,2010
"441","Golden Gate National Recreation Area","Drowning","Drowning","Unintentional","Fatal injury","Male","Not Reported","Vessel Related",2010-05-23,2010
"442","Biscayne National Park","Drowning","Drowning","Unintentional","Fatal injury","Male","Not Reported","Swimming",2010-05-23,2010
"443","Golden Gate National Recreation Area","Undetermined","Undetermined","Undetermined","Fatal injury","Male","35-44","Vessel Related",2010-05-23,2010
"444","Golden Gate National Recreation Area","Undetermined","Undetermined","Undetermined","Fatal injury","Male","Not Reported","Vessel Related",2010-05-23,2010
"445","Golden Gate National Recreation Area","Undetermined","Undetermined","Undetermined","Fatal injury","Female","Not Reported","Vessel Related",2010-05-23,2010
"446","Yellowstone National Park","Fall","Fall","Unintentional","Fatal injury","Male","25-34","Climbing",2010-05-25,2010
"447","Yellowstone National Park","Fall","Fall","Unintentional","Fatal injury","Male","25-34","Climbing",2010-05-25,2010
"448","Denali National Park & Preserve","Avalanche","Environmental","Unintentional","Fatal injury","Male","35-44","Hiking",2010-05-29,2010
"449","Denali National Park & Preserve","Avalanche","Environmental","Unintentional","Fatal injury","Male","35-44","Hiking",2010-05-29,2010
"450","Delaware Water Gap National Recreation Area","Drowning","Drowning","Unintentional","Fatal injury","Male","25-34","Swimming",2010-05-31,2010
"451","Great Falls Park","Drowning","Drowning","Unintentional","Fatal injury","Female","0-14","Swimming",2010-05-31,2010
"452","Great Falls Park","Drowning","Drowning","Unintentional","Fatal injury","Female","35-44","Swimming",2010-05-31,2010
"453","Yosemite National Park","Fall","Fall","Unintentional","Fatal injury","Male","25-34","Climbing",2010-05-31,2010
"454","Virgin Islands National Park","Drowning","Drowning","Unintentional","Fatal injury","Male","Not Reported","Snorkeling",2010-06-03,2010
"455","Blue Ridge Parkway","Motor Vehicle Crash","Motor Vehicle Crash","Unintentional","Fatal injury","Female","Not Reported","Driving",2010-06-04,2010
"456","Mount Rainier National Park","Avalanche","Environmental","Unintentional","Fatal injury","Male","55-64","Hiking",2010-06-05,2010
"457","Mount Rainier National Park","Avalanche","Environmental","Unintentional","Fatal injury","Male","55-64","Hiking",2010-06-05,2010
"458","Mount Rainier National Park","Avalanche","Environmental","Unintentional","Fatal injury","Male","25-34","Hiking",2010-06-05,2010
"459","Lake Mead National Recreation Area","Drowning","Drowning","Unintentional","Fatal injury","Male","15-24","Swimming",2010-06-05,2010
"460","Buffalo National River","Drowning","Drowning","Unintentional","Fatal injury","Male","0-14","Swimming",2010-06-05,2010
"461","Buffalo National River","Drowning","Drowning","Unintentional","Fatal injury","Male","0-14","Swimming",2010-06-05,2010
"462","Denali National Park & Preserve","Fall","Fall","Unintentional","Fatal injury","Male","25-34","Hiking",2010-06-07,2010
"463","New River Gorge National River","Rockfall","Environmental","Unintentional","Fatal injury","Female","25-34","Climbing",2010-06-12,2010
"464","Glacier National Park","Drowning","Drowning","Unintentional","Fatal injury","Female","Not Reported","Not Reported",2010-06-18,2010
"465","Glacier National Park","Fall","Fall","Unintentional","Fatal injury","Female","55-64","Walking",2010-06-18,2010
"466","Lake Mead National Recreation Area","Drowning","Drowning","Unintentional","Fatal injury","Male","15-24","Swimming",2010-06-21,2010
"467","Glen Canyon National Recreation Area","Motor Vehicle Crash","Motor Vehicle Crash","Unintentional","Fatal injury","Male","Not Reported","Driving",2010-06-23,2010
"468","Cape Cod National Seashore","Drowning","Drowning","Unintentional","Fatal injury","Male","65+","Vessel Related",2010-06-24,2010
"469","Great Sand Dunes National Park & Preserve","Motor Vehicle Crash","Motor Vehicle Crash","Unintentional","Fatal injury","Female","65+","Driving",2010-06-27,2010
"470","Buffalo National River","Motor Vehicle Crash","Motor Vehicle Crash","Unintentional","Fatal injury","Male","15-24","Driving",2010-06-27,2010
"471","Yellowstone National Park","Motor Vehicle Crash","Motor Vehicle Crash","Unintentional","Fatal injury","Male","45-54","Driving",2010-06-28,2010
"472","Mount Rainier National Park","Fall","Fall","Unintentional","Fatal injury","Male","55-64","Hiking",2010-07-01,2010
"473","Sequoia & Kings Canyon National Parks","Drowning","Drowning","Unintentional","Fatal injury","Male","35-44","Hiking",2010-07-02,2010
"474","Lake Mead National Recreation Area","Motor Vehicle Crash","Motor Vehicle Crash","Unintentional","Fatal injury","Male","Not Reported","Driving",2010-07-02,2010
"475","Indiana Dunes National Park","Drowning","Drowning","Unintentional","Fatal injury","Female","0-14","Swimming",2010-07-03,2010
"476","Ozark National Scenic Riverways","Drowning","Drowning","Unintentional","Fatal injury","Male","0-14","Swimming",2010-07-04,2010
"477","Sequoia & Kings Canyon National Parks","Drowning","Drowning","Unintentional","Fatal injury","Male","35-44","Not Reported",2010-07-04,2010
"478","Olympic National Park","Aircraft Incident","Other Transportation","Unintentional","Fatal injury","Not Reported","Not Reported","Flying",2010-07-07,2010
"479","Olympic National Park","Aircraft Incident","Other Transportation","Unintentional","Fatal injury","Not Reported","Not Reported","Flying",2010-07-07,2010
"480","Olympic National Park","Aircraft Incident","Other Transportation","Unintentional","Fatal injury","Not Reported","Not Reported","Flying",2010-07-07,2010
"481","Olympic National Park","Aircraft Incident","Other Transportation","Unintentional","Fatal injury","Not Reported","Not Reported","Flying",2010-07-07,2010
"482","Padre Island National Seashore","Drowning","Drowning","Unintentional","Fatal injury","Female","55-64","Swimming",2010-07-07,2010
"483","Glen Canyon National Recreation Area","Fall","Fall","Unintentional","Fatal injury","Male","15-24","Hiking",2010-07-07,2010
"484","Grand Canyon National Park","Hyperthermia","Environmental","Unintentional","Fatal injury","Female","15-24","Not Reported",2010-07-08,2010
"485","Yosemite National Park","Fall","Fall","Unintentional","Fatal injury","Female","25-34","Climbing",2010-07-09,2010
"486","Cape Cod National Seashore","Drowning","Drowning","Unintentional","Fatal injury","Male","55-64","Vessel Related",2010-07-10,2010
"487","Golden Gate National Recreation Area","Drowning","Drowning","Unintentional","Fatal injury","Male","Not Reported","Fishing",2010-07-10,2010
"488","Lake Mead National Recreation Area","Drowning","Drowning","Unintentional","Fatal injury","Male","Not Reported","Swimming",2010-07-11,2010
"489","Grand Canyon National Park","Fall","Fall","Unintentional","Fatal injury","Not Reported","Not Reported","Not Reported",2010-07-12,2010
"490","Point Reyes National Seashore","Drowning","Drowning","Unintentional","Fatal injury","Male","Not Reported","Vessel Related",2010-07-14,2010
"491","Point Reyes National Seashore","Drowning","Drowning","Unintentional","Fatal injury","Male","Not Reported","Vessel Related",2010-07-14,2010
"492","Point Reyes National Seashore","Drowning","Drowning","Unintentional","Fatal injury","Male","Not Reported","Vessel Related",2010-07-14,2010
"493","Point Reyes National Seashore","Drowning","Drowning","Unintentional","Fatal injury","Male","Not Reported","Vessel Related",2010-07-14,2010
"494","Yellowstone National Park","Motor Vehicle Crash","Motor Vehicle Crash","Unintentional","Fatal injury","Male","35-44","Driving",2010-07-14,2010
"495","Yellowstone National Park","Drowning","Drowning","Unintentional","Fatal injury","Male","65+","Fishing",2010-07-15,2010
"496","Rocky Mountain National Park","Fall","Fall","Unintentional","Fatal injury","Male","25-34","Hiking",2010-07-15,2010
"497","Blue Ridge Parkway","Motor Vehicle Crash","Motor Vehicle Crash","Unintentional","Fatal injury","Male","35-44","Driving",2010-07-15,2010
"498","Yosemite National Park","Fall","Fall","Unintentional","Fatal injury","Male","55-64","Hiking",2010-07-16,2010
"499","Rocky Mountain National Park","Fall","Fall","Unintentional","Fatal injury","Male","25-34","Not Reported",2010-07-16,2010
"500","Rocky Mountain National Park","Fall","Fall","Unintentional","Fatal injury","Male","25-34","Hiking",2010-07-18,2010
"501","Golden Gate National Recreation Area","Fall","Fall","Unintentional","Fatal injury","Male","15-24","Walking",2010-07-19,2010
"502","Lake Mead National Recreation Area","Fire/Burn","Other","Unintentional","Fatal injury","Not Reported","Not Reported","Not Reported",2010-07-19,2010
"503","Lake Mead National Recreation Area","Fire/Burn","Other","Unintentional","Fatal injury","Not Reported","Not Reported","Not Reported",2010-07-19,2010
"504","Valley Forge National Historical Park","Bicycle only crash","Other Transportation","Unintentional","Fatal injury","Male","55-64","Bicycling",2010-07-20,2010
"505","Grand Teton National Park","Fall","Fall","Unintentional","Fatal injury","Female","15-24","Climbing",2010-07-20,2010
"506","Grand Teton National Park","Fall","Fall","Unintentional","Fatal injury","Male","15-24","Not Reported",2010-07-21,2010
"507","Zion National Park","Hyperthermia","Environmental","Unintentional","Fatal injury","Male","15-24","Hiking",2010-07-21,2010
"508","Zion National Park","Undetermined","Undetermined","Undetermined","Fatal injury","Male","15-24","Hiking",2010-07-22,2010
"509","Oxon Cove Park & Oxon Hill Farm","Bicycle only crash","Other Transportation","Unintentional","Fatal injury","Male","Not Reported","Bicycling",2010-07-24,2010
"510","Gateway National Recreation Area","Drowning","Drowning","Unintentional","Fatal injury","Male","Not Reported","Swimming",2010-07-24,2010
"511","Gateway National Recreation Area","Drowning","Drowning","Unintentional","Fatal injury","Male","Not Reported","Swimming",2010-07-24,2010
"512","Glen Canyon National Recreation Area","Fall","Fall","Unintentional","Fatal injury","Male","15-24","Not Reported",2010-07-24,2010
"513","Lake Roosevelt National Recreation Area","Drowning","Drowning","Unintentional","Fatal injury","Male","15-24","Vessel Related",2010-07-25,2010
"514","Rocky Mountain National Park","Hypothermia","Environmental","Unintentional","Fatal injury","Male","35-44","Hiking",2010-07-25,2010
"515","Buffalo National River","Drowning","Drowning","Unintentional","Fatal injury","Male","15-24","Not Reported",2010-07-27,2010
"516","Yellowstone National Park","Drowning","Drowning","Unintentional","Fatal injury","Female","15-24","Walking",2010-07-27,2010
"517","Mount Rainier National Park","Fall","Fall","Unintentional","Fatal injury","Male","45-54","Hiking",2010-07-27,2010
"518","Great Smoky Mountains National Park","Motor Vehicle Crash","Motor Vehicle Crash","Unintentional","Fatal injury","Male","45-54","Driving",2010-07-27,2010
"519","Mount Rainier National Park","Fall","Fall","Unintentional","Fatal injury","Male","45-54","Hiking",2010-07-28,2010
"520","Death Valley National Park","Motor Vehicle Crash","Motor Vehicle Crash","Unintentional","Fatal injury","Male","65+","Driving",2010-07-28,2010
"521","Denali National Park & Preserve","Aircraft Incident","Other Transportation","Unintentional","Fatal injury","Male","45-54","Flying",2010-08-01,2010
"522","Denali National Park & Preserve","Aircraft Incident","Other Transportation","Unintentional","Fatal injury","Male","55-64","Flying",2010-08-01,2010
"523","Denali National Park & Preserve","Aircraft Incident","Other Transportation","Unintentional","Fatal injury","Male","65+","Flying",2010-08-01,2010
"524","Lake Mead National Recreation Area","Hyperthermia","Environmental","Unintentional","Fatal injury","Not Reported","Not Reported","Not Reported",2010-08-06,2010
"525","Big South Fork National River and Recreation Area","Drowning","Drowning","Unintentional","Fatal injury","Male","Not Reported","Vessel Related",2010-08-07,2010
"526","Cape Hatteras National Seashore","Drowning","Drowning","Unintentional","Fatal injury","Male","45-54","Swimming",2010-08-07,2010
"527","Blue Ridge Parkway","Motor Vehicle Crash","Motor Vehicle Crash","Unintentional","Fatal injury","Female","55-64","Driving",2010-08-08,2010
"528","Gateway National Recreation Area","Drowning","Drowning","Unintentional","Fatal injury","Male","25-34","Swimming",2010-08-10,2010
"529","Mount Rainier National Park","Fall","Fall","Unintentional","Fatal injury","Male","0-14","Walking",2010-08-12,2010
"530","Gulf Islands National Seashore","Motor Vehicle Crash","Motor Vehicle Crash","Unintentional","Fatal injury","Not Reported","Not Reported","Driving",2010-08-13,2010
"531","Ozark National Scenic Riverways","Drowning","Drowning","Unintentional","Fatal injury","Male","0-14","Camping",2010-08-14,2010
"532","Denali National Park & Preserve","Fall","Fall","Unintentional","Fatal injury","Female","25-34","Hiking",2010-08-14,2010
"533","Lake Mead National Recreation Area","Drowning","Drowning","Unintentional","Fatal injury","Male","35-44","Swimming",2010-08-16,2010
"534","Cape Hatteras National Seashore","Drowning","Drowning","Unintentional","Fatal injury","Male","Not Reported","Swimming",2010-08-18,2010
"535","Lake Mead National Recreation Area","Drowning","Drowning","Unintentional","Fatal injury","Male","15-24","Diving (Land)",2010-08-21,2010
"536","Lake Mead National Recreation Area","Drowning","Drowning","Unintentional","Fatal injury","Female","Not Reported","Swimming",2010-08-21,2010
"537","Grand Canyon National Park","Motor Vehicle Crash","Motor Vehicle Crash","Unintentional","Fatal injury","Male","Not Reported","Driving",2010-08-23,2010
"538","Rocky Mountain National Park","Fall","Fall","Unintentional","Fatal injury","Male","Not Reported","Climbing",2010-08-26,2010
"539","Lake Mead National Recreation Area","Drowning","Drowning","Unintentional","Fatal injury","Male","15-24","Swimming",2010-08-30,2010
"540","Lake Mead National Recreation Area","Drowning","Drowning","Unintentional","Fatal injury","Male","15-24","Swimming",2010-08-31,2010
"541","North Cascades National Park","Fall","Fall","Unintentional","Fatal injury","Male","45-54","Hiking",2010-09-03,2010
"542","Yosemite National Park","Fall","Fall","Unintentional","Fatal injury","Male","45-54","Not Reported",2010-09-03,2010
"543","Apostle Islands National Lakeshore","Drowning","Drowning","Unintentional","Fatal injury","Male","45-54","Vessel Related",2010-09-10,2010
"544","Glacier National Park","Motor Vehicle Crash","Motor Vehicle Crash","Unintentional","Fatal injury","Male","55-64","Driving",2010-09-13,2010
"545","Blue Ridge Parkway","Motor Vehicle Crash","Motor Vehicle Crash","Unintentional","Fatal injury","Male","45-54","Driving",2010-09-13,2010
"546","Redwood National and State Parks","Motor Vehicle Crash","Motor Vehicle Crash","Unintentional","Fatal injury","Female","65+","Walking",2010-09-14,2010
"547","Gauley River National Recreation Area","Drowning","Drowning","Unintentional","Fatal injury","Female","25-34","Vessel Related",2010-09-18,2010
"548","Gauley River National Recreation Area","Drowning","Drowning","Unintentional","Fatal injury","Female","Not Reported","Vessel Related",2010-09-19,2010
"549","New River Gorge National River","Drowning","Drowning","Unintentional","Fatal injury","Male","Not Reported","Vessel Related",2010-09-20,2010
"550","Glacier National Park","Drowning","Drowning","Unintentional","Fatal injury","Male","25-34","Fishing",2010-09-21,2010
"551","Bighorn Canyon National Recreation Area","Drowning","Drowning","Unintentional","Fatal injury","Male","55-64","Swimming",2010-09-25,2010
"552","Lake Mead National Recreation Area","Fall","Fall","Unintentional","Fatal injury","Male","15-24","Not Reported",2010-09-25,2010
"553","Grand Canyon National Park","Hyperthermia","Environmental","Unintentional","Fatal injury","Male","25-34","Hiking",2010-09-28,2010
"554","Lake Mead National Recreation Area","Undetermined","Undetermined","Undetermined","Fatal injury","Male","Not Reported","Hiking",2010-09-28,2010
"555","Grand Canyon National Park","Hyperthermia","Environmental","Unintentional","Fatal injury","Male","25-34","Not Reported",2010-09-30,2010
"556","Grand Canyon National Park","Fall","Fall","Unintentional","Fatal injury","Male","35-44","Not Reported",2010-10-01,2010
"557","Sequoia & Kings Canyon National Parks","Undetermined","Undetermined","Undetermined","Fatal injury","Male","45-54","Not Reported",2010-10-09,2010
"558","Gauley River National Recreation Area","Drowning","Drowning","Unintentional","Fatal injury","Male","55-64","Vessel Related",2010-10-10,2010
"559","Big South Fork National River and Recreation Area","Motor Vehicle Crash","Motor Vehicle Crash","Unintentional","Fatal injury","Male","65+","Driving",2010-10-14,2010
"560","Appalachian National Scenic Trail","Fall","Fall","Unintentional","Fatal injury","Female","65+","Not Reported",2010-10-15,2010
"561","Rocky Mountain National Park","Fall","Fall","Unintentional","Fatal injury","Male","45-54","Hiking",2010-10-16,2010
"562","Santa Monica Mountains National Recreation Area","Fall","Fall","Unintentional","Fatal injury","Male","15-24","Not Reported",2010-10-16,2010
"563","Olympic National Park","Widlife incident","Wildlife Incident","Unintentional","Fatal injury","Male","55-64","Hiking",2010-10-16,2010
"564","Great Smoky Mountains National Park","Undetermined","Undetermined","Undetermined","Fatal injury","Male","45-54","Not Reported",2010-10-19,2010
"565","Grand Canyon National Park","Fall","Fall","Unintentional","Fatal injury","Male","45-54","Hiking",2010-10-20,2010
"566","Grand Canyon National Park","Undetermined","Undetermined","Undetermined","Fatal injury","Male","35-44","Not Reported",2010-10-28,2010
"567","Cuyahoga Valley National Park","Motor Vehicle Crash","Motor Vehicle Crash","Unintentional","Fatal injury","Male","15-24","Driving",2010-10-31,2010
"568","Cuyahoga Valley National Park","Motor Vehicle Crash","Motor Vehicle Crash","Unintentional","Fatal injury","Male","15-24","Driving",2010-10-31,2010
"569","Grand Canyon National Park","Drowning","Drowning","Unintentional","Fatal injury","Male","Not Reported","Not Reported",2010-11-03,2010
"570","Lake Mead National Recreation Area","Undetermined","Undetermined","Undetermined","Fatal injury","Not Reported","Not Reported","Not Reported",2010-11-04,2010
"571","Lake Mead National Recreation Area","Drowning","Drowning","Unintentional","Fatal injury","Male","55-64","Vessel Related",2010-11-09,2010
"572","Blue Ridge Parkway","Motor Vehicle Crash","Motor Vehicle Crash","Unintentional","Fatal injury","Male","65+","Driving",2010-11-17,2010
"573","Great Smoky Mountains National Park","Motor Vehicle Crash","Motor Vehicle Crash","Unintentional","Fatal injury","Female","45-54","Driving",2010-11-17,2010
"574","Rocky Mountain National Park","Fall","Fall","Unintentional","Fatal injury","Male","35-44","Climbing",2010-11-20,2010
"575","Lake Mead National Recreation Area","Undetermined","Undetermined","Undetermined","Fatal injury","Male","55-64","Not Reported",2010-11-29,2010
"576","Lake Mead National Recreation Area","Motor Vehicle Crash","Motor Vehicle Crash","Unintentional","Fatal injury","Male","45-54","Driving",2010-12-04,2010
"577","Lake Mead National Recreation Area","Undetermined","Undetermined","Undetermined","Fatal injury","Male","55-64","Not Reported",2010-12-04,2010
"578","Delaware Water Gap National Recreation Area","Drowning","Drowning","Unintentional","Fatal injury","Male","25-34","Diving - Scuba",2010-12-11,2010
"579","Lake Mead National Recreation Area","Motor Vehicle Crash","Motor Vehicle Crash","Unintentional","Fatal injury","Male","45-54","Driving",2010-12-11,2010
"580","Natchez Trace Parkway","Motor Vehicle Crash","Motor Vehicle Crash","Unintentional","Fatal injury","Male","0-14","Driving",2010-12-18,2010
"581","Natchez Trace Parkway","Motor Vehicle Crash","Motor Vehicle Crash","Unintentional","Fatal injury","Male","Not Reported","Driving",2010-12-18,2010
"582","Natchez Trace Parkway","Motor Vehicle Crash","Motor Vehicle Crash","Unintentional","Fatal injury","Male","Not Reported","Driving",2010-12-18,2010
"583","Lake Mead National Recreation Area","Undetermined","Undetermined","Undetermined","Fatal injury","Female","35-44","Not Reported",2010-12-23,2010
"584","Yellowstone National Park","Poisoning - Drugs","Poisoning","Unintentional","Fatal injury","Male","65+","Other",2010-12-28,2010
"585","Lake Mead National Recreation Area","Undetermined","Undetermined","Undetermined","Fatal injury","Male","65+","Not Reported",2010-12-30,2010
"586","Golden Gate National Recreation Area","Undetermined","Undetermined","Undetermined","Fatal injury","Male","55-64","Not Reported",2010-12-31,2010
"587","Grand Canyon National Park","Drowning","Drowning","Unintentional","Fatal injury","Male","Not Reported","Vessel Related",2011-01-10,2011
"588","Golden Gate National Recreation Area","Drowning","Drowning","Unintentional","Fatal injury","Male","35-44","Fishing",2011-01-21,2011
"589","Acadia National Park","Hypothermia","Environmental","Unintentional","Fatal injury","Male","45-54","Skiing",2011-01-22,2011
"590","Indiana Dunes National Park","Drowning","Drowning","Unintentional","Fatal injury","Female","Not Reported","Walking",2011-02-01,2011
"591","Grand Canyon National Park","Fall","Fall","Unintentional","Fatal injury","Female","55-64","Hiking",2011-02-09,2011
"592","Colonial National Historical Park","Motor Vehicle Crash","Motor Vehicle Crash","Unintentional","Fatal injury","Female","65+","Driving",2011-02-19,2011
"593","Glacier National Park","Motor Vehicle Crash","Motor Vehicle Crash","Unintentional","Fatal injury","Male","Not Reported","Driving",2011-02-22,2011
"594","Golden Gate National Recreation Area","Undetermined","Undetermined","Undetermined","Fatal injury","Male","55-64","Not Reported",2011-03-08,2011
"595","Death Valley National Park","Fall","Fall","Unintentional","Fatal injury","Female","35-44","Not Reported",2011-03-15,2011
"596","New River Gorge National River","Drowning","Drowning","Unintentional","Fatal injury","Male","Not Reported","Vessel Related",2011-04-03,2011
"597","New River Gorge National River","Drowning","Drowning","Unintentional","Fatal injury","Male","Not Reported","Vessel Related",2011-04-03,2011
"598","New River Gorge National River","Drowning","Drowning","Unintentional","Fatal injury","Male","Not Reported","Vessel Related",2011-04-03,2011
"599","Gulf Islands National Seashore","Drowning","Drowning","Unintentional","Fatal injury","Male","15-24","Swimming",2011-04-04,2011
"600","Golden Gate National Recreation Area","Drowning","Drowning","Unintentional","Fatal injury","Male","45-54","Vessel Related",2011-04-09,2011
"601","Chattahoochee River National Recreation Area","Drowning","Drowning","Unintentional","Fatal injury","Male","55-64","Vessel Related",2011-04-13,2011
"602","New River Gorge National River","Drowning","Drowning","Unintentional","Fatal injury","Female","Not Reported","Vessel Related",2011-04-16,2011
"603","Death Valley National Park","Motor Vehicle Crash","Motor Vehicle Crash","Unintentional","Fatal injury","Male","45-54","Driving",2011-04-17,2011
"604","Joshua Tree National Park","Fall","Fall","Unintentional","Fatal injury","Male","25-34","Climbing",2011-04-18,2011
"605","George Washington Memorial Parkway","Motor Vehicle Crash","Motor Vehicle Crash","Unintentional","Fatal injury","Female","55-64","Playing Sports",2011-04-20,2011
"606","New River Gorge National River","Drowning","Drowning","Unintentional","Fatal injury","Female","Not Reported","Not Reported",2011-04-22,2011
"607","Grand Teton National Park","Avalanche","Environmental","Unintentional","Fatal injury","Male","25-34","Skiing",2011-04-23,2011
"608","Grand Teton National Park","Avalanche","Environmental","Unintentional","Fatal injury","Male","25-34","Skiing",2011-04-23,2011
"609","Big South Fork National River and Recreation Area","Drowning","Drowning","Unintentional","Fatal injury","Male","Not Reported","Vessel Related",2011-04-26,2011
"610","Golden Gate National Recreation Area","Drowning","Drowning","Unintentional","Fatal injury","Male","35-44","Vessel Related",2011-04-27,2011
"611","Denali National Park & Preserve","Avalanche","Environmental","Unintentional","Fatal injury","Male","35-44","Climbing",2011-04-28,2011
"612","Glen Canyon National Recreation Area","Drowning","Drowning","Unintentional","Fatal injury","Male","15-24","Vessel Related",2011-04-28,2011
"613","Grand Canyon National Park","Fall","Fall","Unintentional","Fatal injury","Female","Not Reported","Not Reported",2011-04-28,2011
"614","Grand Canyon National Park","Fall","Fall","Unintentional","Fatal injury","Male","Not Reported","Not Reported",2011-05-06,2011
"615","Cuyahoga Valley National Park","Fall","Fall","Unintentional","Fatal injury","Male","25-34","Not Reported",2011-05-10,2011
"616","Mount Rainier National Park","Skiing Incident","Other Transportation","Unintentional","Fatal injury","Male","25-34","Skiing",2011-05-10,2011
"617","Denali National Park & Preserve","Fall","Fall","Unintentional","Fatal injury","Male","35-44","Hiking",2011-05-12,2011
"618","Yosemite National Park","Fall","Fall","Unintentional","Fatal injury","Male","Not Reported","Playing Sports",2011-05-13,2011
"619","Yosemite National Park","Fall","Fall","Unintentional","Fatal injury","Male","55-64","Not Reported",2011-05-13,2011
"620","Chattahoochee River National Recreation Area","Drowning","Drowning","Unintentional","Fatal injury","Male","45-54","Fishing",2011-05-14,2011
"621","Lake Meredith National Recreation Area","Motor Vehicle Crash","Motor Vehicle Crash","Unintentional","Fatal injury","Female","15-24","Driving",2011-05-15,2011
"622","Denali National Park & Preserve","Fall","Fall","Unintentional","Fatal injury","Male","65+","Hiking",2011-05-16,2011
"623","Yosemite National Park","Undetermined","Undetermined","Undetermined","Fatal injury","Male","45-54","Not Reported",2011-05-19,2011
"624","Denali National Park & Preserve","Avalanche","Environmental","Unintentional","Fatal injury","Male","25-34","Hiking",2011-05-24,2011
"625","Denali National Park & Preserve","Avalanche","Environmental","Unintentional","Fatal injury","Male","25-34","Hiking",2011-05-24,2011
"626","Denali National Park & Preserve","Fall","Fall","Unintentional","Fatal injury","Male","25-34","Hiking",2011-05-25,2011
"627","Denali National Park & Preserve","Fall","Fall","Unintentional","Fatal injury","Male","25-34","Hiking",2011-05-25,2011
"628","Delaware Water Gap National Recreation Area","Drowning","Drowning","Unintentional","Fatal injury","Male","65+","Vessel Related",2011-05-28,2011
"629","Upper Delaware Scenic & Recreational River","Drowning","Drowning","Unintentional","Fatal injury","Male","65+","Vessel Related",2011-05-28,2011
"630","Buffalo National River","Drowning","Drowning","Unintentional","Fatal injury","Male","15-24","Swimming",2011-05-28,2011
"631","Lake Mead National Recreation Area","Drowning","Drowning","Unintentional","Fatal injury","Male","Not Reported","Swimming",2011-05-31,2011
"632","Haleakala National Park","Rockfall","Environmental","Unintentional","Fatal injury","Female","0-14","Not Reported",2011-05-31,2011
"633","Buffalo National River","Drowning","Drowning","Unintentional","Fatal injury","Male","15-24","Swimming",2011-06-02,2011
"634","Chattahoochee River National Recreation Area","Hypothermia","Environmental","Unintentional","Fatal injury","Female","0-14","Vessel Related",2011-06-03,2011
"635","Glen Canyon National Recreation Area","Asphyxiation","Other","Unintentional","Fatal injury","Female","0-14","Eating",2011-06-05,2011
"636","Apostle Islands National Lakeshore","Drowning","Drowning","Unintentional","Fatal injury","Male","15-24","Vessel Related",2011-06-07,2011
"637","Grand Canyon National Park","Drowning","Drowning","Unintentional","Fatal injury","Male","35-44","Vessel Related",2011-06-09,2011
"638","Mount Rainier National Park","Hypothermia","Environmental","Unintentional","Fatal injury","Male","45-54","Hiking",2011-06-10,2011
"639","Hawaii Volcanoes National Park","Motor Vehicle Crash","Motor Vehicle Crash","Unintentional","Fatal injury","Male","15-24","Driving",2011-06-12,2011
"640","Upper Delaware Scenic & Recreational River","Drowning","Drowning","Unintentional","Fatal injury","Male","55-64","Fishing",2011-06-13,2011
"641","Blue Ridge Parkway","Fall","Fall","Unintentional","Fatal injury","Male","15-24","Climbing",2011-06-15,2011
"642","Grand Canyon National Park","Hyperthermia","Environmental","Unintentional","Fatal injury","Male","55-64","Hiking",2011-06-15,2011
"643","Big Bend National Park","Hyperthermia","Environmental","Unintentional","Fatal injury","Male","Not Reported","Other",2011-06-15,2011
"644","White Sands National Park","Hyperthermia","Environmental","Unintentional","Fatal injury","Female","15-24","Not Reported",2011-06-15,2011
"645","Great Smoky Mountains National Park","Motor Vehicle Crash","Motor Vehicle Crash","Unintentional","Fatal injury","Male","Not Reported","Driving",2011-06-16,2011
"646","Blue Ridge Parkway","Motor Vehicle Crash","Motor Vehicle Crash","Unintentional","Fatal injury","Male","65+","Driving",2011-06-18,2011
"647","Lake Mead National Recreation Area","Motor Vehicle Crash","Motor Vehicle Crash","Unintentional","Fatal injury","Male","Not Reported","Driving",2011-06-24,2011
"648","Yosemite National Park","Fall","Fall","Unintentional","Fatal injury","Male","65+","Walking",2011-06-27,2011
"649","Mojave National Preserve","Other","Other","Unintentional","Fatal injury","Male","Not Reported","Other",2011-06-27,2011
"650","Yosemite National Park","Drowning","Drowning","Unintentional","Fatal injury","Male","45-54","Not Reported",2011-06-29,2011
"651","Yosemite National Park","Drowning","Drowning","Unintentional","Fatal injury","Male","45-54","Not Reported",2011-06-29,2011
"652","Cape Hatteras National Seashore","Drowning","Drowning","Unintentional","Fatal injury","Male","35-44","Swimming",2011-06-30,2011
"653","Denali National Park & Preserve","Fall","Fall","Unintentional","Fatal injury","Male","35-44","Hiking",2011-06-30,2011
"654","North Cascades National Park","Fall","Fall","Unintentional","Fatal injury","Not Reported","Not Reported","Not Reported",2011-07-01,2011
"655","Ozark National Scenic Riverways","Drowning","Drowning","Unintentional","Fatal injury","Male","25-34","Swimming",2011-07-02,2011
"656","New River Gorge National River","Fall","Fall","Unintentional","Fatal injury","Male","35-44","Climbing",2011-07-02,2011
"657","Sequoia & Kings Canyon National Parks","Drowning","Drowning","Unintentional","Fatal injury","Male","45-54","Vessel Related",2011-07-03,2011
"658","Chesapeake & Ohio Canal National Historical Park","Falling tree/branch","Environmental","Unintentional","Fatal injury","Male","55-64","Bicycling",2011-07-03,2011
"659","Yellowstone National Park","Widlife incident","Wildlife Incident","Unintentional","Fatal injury","Male","55-64","Not Reported",2011-07-06,2011
"660","Glen Canyon National Recreation Area","Drowning","Drowning","Unintentional","Fatal injury","Male","Not Reported","Vessel Related",2011-07-07,2011
"661","Lake Mead National Recreation Area","Motor Vehicle Crash","Motor Vehicle Crash","Unintentional","Fatal injury","Male","15-24","Driving",2011-07-07,2011
"662","Great Smoky Mountains National Park","Drowning","Drowning","Unintentional","Fatal injury","Male","25-34","Vessel Related",2011-07-11,2011
"663","Canaveral National Seashore","Drowning","Drowning","Unintentional","Fatal injury","Male","45-54","Not Reported",2011-07-12,2011
"664","Gulf Islands National Seashore","Drowning","Drowning","Unintentional","Fatal injury","Male","Not Reported","Vessel Related",2011-07-15,2011
"665","Indiana Dunes National Park","Drowning","Drowning","Unintentional","Fatal injury","Male","Not Reported","Vessel Related",2011-07-15,2011
"666","New River Gorge National River","Drowning","Drowning","Unintentional","Fatal injury","Female","Not Reported","Vessel Related",2011-07-16,2011
"667","Glacier National Park","Avalanche","Environmental","Unintentional","Fatal injury","Male","25-34","Not Reported",2011-07-18,2011
"668","Delaware Water Gap National Recreation Area","Drowning","Drowning","Unintentional","Fatal injury","Male","35-44","Vessel Related",2011-07-18,2011
"669","Yosemite National Park","Drowning","Drowning","Unintentional","Fatal injury","Female","15-24","Swimming",2011-07-19,2011
"670","Yosemite National Park","Drowning","Drowning","Unintentional","Fatal injury","Male","25-34","Swimming",2011-07-19,2011
"671","Yosemite National Park","Drowning","Drowning","Unintentional","Fatal injury","Male","15-24","Swimming",2011-07-19,2011
"672","Yosemite National Park","Motor Vehicle Crash","Motor Vehicle Crash","Unintentional","Fatal injury","Not Reported","Not Reported","Driving",2011-07-19,2011
"673","Lake Mead National Recreation Area","Motor Vehicle Crash","Motor Vehicle Crash","Unintentional","Fatal injury","Not Reported","Not Reported","Driving",2011-07-21,2011
"674","Blue Ridge Parkway","Motor Vehicle Crash","Motor Vehicle Crash","Unintentional","Fatal injury","Male","65+","Driving",2011-07-22,2011
"675","Lake Roosevelt National Recreation Area","Drowning","Drowning","Unintentional","Fatal injury","Male","Not Reported","Vessel Related",2011-07-23,2011
"676","Glacier National Park","Motor Vehicle Crash","Motor Vehicle Crash","Unintentional","Fatal injury","Male","65+","Driving",2011-07-23,2011
"677","Upper Delaware Scenic & Recreational River","Drowning","Drowning","Unintentional","Fatal injury","Male","15-24","Swimming",2011-07-27,2011
"678","Curecanti National Recreation Area","Drowning","Drowning","Unintentional","Fatal injury","Male","15-24","Swimming",2011-07-28,2011
"679","Glen Canyon National Recreation Area","Vessel Incident","Other Transportation","Unintentional","Fatal injury","Male","Not Reported","Vessel Related",2011-07-28,2011
"680","Lake Mead National Recreation Area","Vessel Incident","Other Transportation","Unintentional","Fatal injury","Male","Not Reported","Vessel Related",2011-07-28,2011
"681","Upper Delaware Scenic & Recreational River","Drowning","Drowning","Unintentional","Fatal injury","Male","Not Reported","Swimming",2011-07-30,2011
"682","Great Smoky Mountains National Park","Drowning","Drowning","Unintentional","Fatal injury","Female","Not Reported","Swimming",2011-07-30,2011
"683","Saint Croix National Scenic Riverway","Drowning","Drowning","Unintentional","Fatal injury","Male","25-34","Diving (Land)",2011-07-31,2011
"684","Grand Teton National Park","Fall","Fall","Unintentional","Fatal injury","Male","35-44","Climbing",2011-07-31,2011
"685","Yosemite National Park","Fall","Fall","Unintentional","Fatal injury","Female","25-34","Hiking",2011-07-31,2011
"686","Lake Mead National Recreation Area","Hyperthermia","Environmental","Unintentional","Fatal injury","Female","Not Reported","Not Reported",2011-07-31,2011
"687","Glen Canyon National Recreation Area","Drowning","Drowning","Unintentional","Fatal injury","Male","15-24","Vessel Related",2011-08-01,2011
"688","Lake Mead National Recreation Area","Drowning","Drowning","Unintentional","Fatal injury","Male","Not Reported","Vessel Related",2011-08-04,2011
"689","Upper Delaware Scenic & Recreational River","Drowning","Drowning","Unintentional","Fatal injury","Male","15-24","Swimming",2011-08-04,2011
"690","Grand Canyon National Park","Lightning strike","Environmental","Unintentional","Fatal injury","Male","55-64","Not Reported",2011-08-04,2011
"691","Lake Mead National Recreation Area","Drowning","Drowning","Unintentional","Fatal injury","Male","Not Reported","Swimming",2011-08-05,2011
"692","Natchez Trace Parkway","Motor Vehicle Crash","Motor Vehicle Crash","Unintentional","Fatal injury","Male","55-64","Driving",2011-08-05,2011
"693","Yosemite National Park","Fall","Fall","Unintentional","Fatal injury","Male","15-24","Playing Sports",2011-08-06,2011
"694","Lake Mead National Recreation Area","Drowning","Drowning","Unintentional","Fatal injury","Male","15-24","Swimming",2011-08-07,2011
"695","Blue Ridge Parkway","Motor Vehicle Crash","Motor Vehicle Crash","Unintentional","Fatal injury","Female","55-64","Driving",2011-08-08,2011
"696","Yosemite National Park","Fall","Fall","Unintentional","Fatal injury","Male","15-24","Not Reported",2011-08-10,2011
"697","Delaware Water Gap National Recreation Area","Poisoning - Carbon monoxide","Poisoning","Unintentional","Fatal injury","Male","45-54","Driving",2011-08-15,2011
"698","Bryce Canyon National Park","Lightning strike","Environmental","Unintentional","Fatal injury","Male","45-54","Walking",2011-08-18,2011
"699","Shenandoah National Park","Motor Vehicle Crash","Motor Vehicle Crash","Unintentional","Fatal injury","Male","15-24","Driving",2011-08-20,2011
"700","Cape Cod National Seashore","Undetermined","Undetermined","Undetermined","Fatal injury","Female","35-44","Not Reported",2011-08-21,2011
"701","Yosemite National Park","Fall","Fall","Unintentional","Fatal injury","Male","15-24","Hiking",2011-08-22,2011
"702","Joshua Tree National Park","Hyperthermia","Environmental","Unintentional","Fatal injury","Male","35-44","Hiking",2011-08-22,2011
"703","Joshua Tree National Park","Hyperthermia","Environmental","Unintentional","Fatal injury","Female","35-44","Hiking",2011-08-22,2011
"704","Glen Canyon National Recreation Area","Drowning","Drowning","Unintentional","Fatal injury","Female","Not Reported","Vessel Related",2011-08-23,2011
"705","Yellowstone National Park","Widlife incident","Wildlife Incident","Unintentional","Fatal injury","Male","55-64","Not Reported",2011-08-26,2011
"706","Blue Ridge Parkway","Motor Vehicle Crash","Motor Vehicle Crash","Unintentional","Fatal injury","Female","35-44","Driving",2011-08-27,2011
"707","Lake Mead National Recreation Area","Drowning","Drowning","Unintentional","Fatal injury","Male","15-24","Swimming",2011-08-28,2011
"708","Indiana Dunes National Park","Drowning","Drowning","Unintentional","Fatal injury","Not Reported","Not Reported","Swimming",2011-08-28,2011
"709","Grand Canyon National Park","Hyperthermia","Environmental","Unintentional","Fatal injury","Male","Not Reported","Hiking",2011-08-28,2011
"710","Blue Ridge Parkway","Motor Vehicle Crash","Motor Vehicle Crash","Unintentional","Fatal injury","Male","Not Reported","Driving",2011-08-28,2011
"711","Bighorn Canyon National Recreation Area","Drowning","Drowning","Unintentional","Fatal injury","Not Reported","Not Reported","Vessel Related",2011-08-29,2011
"712","Bighorn Canyon National Recreation Area","Drowning","Drowning","Unintentional","Fatal injury","Not Reported","Not Reported","Vessel Related",2011-08-29,2011
"713","Cape Cod National Seashore","Aircraft Incident","Other Transportation","Unintentional","Fatal injury","Male","45-54","Flying",2011-08-31,2011
"714","Sleeping Bear Dunes National Lakeshore","Drowning","Drowning","Unintentional","Fatal injury","Male","65+","Vessel Related",2011-08-31,2011
"715","Cape Hatteras National Seashore","Drowning","Drowning","Unintentional","Fatal injury","Male","35-44","Swimming",2011-08-31,2011
"716","Prince William Forest Park","Motor Vehicle Crash","Motor Vehicle Crash","Unintentional","Fatal injury","Male","35-44","Driving",2011-09-05,2011
"717","Natchez Trace Parkway","Undetermined","Undetermined","Undetermined","Fatal injury","Male","45-54","Not Reported",2011-09-06,2011
"718","Lake Mead National Recreation Area","Drowning","Drowning","Unintentional","Fatal injury","Male","0-14","Swimming",2011-09-11,2011
"719","Delaware Water Gap National Recreation Area","Drowning","Drowning","Unintentional","Fatal injury","Male","25-34","Swimming",2011-09-12,2011
"720","Mount Rainier National Park","Fall","Fall","Unintentional","Fatal injury","Male","55-64","Hiking",2011-09-12,2011
"721","Lake Mead National Recreation Area","Drowning","Drowning","Unintentional","Fatal injury","Male","Not Reported","Swimming",2011-09-14,2011
"722","Lake Mead National Recreation Area","Motor Vehicle Crash","Motor Vehicle Crash","Unintentional","Fatal injury","Male","Not Reported","Driving",2011-09-14,2011
"723","Cape Hatteras National Seashore","Drowning","Drowning","Unintentional","Fatal injury","Male","35-44","Vessel Related",2011-09-18,2011
"724","Grand Canyon National Park","Drowning","Drowning","Unintentional","Fatal injury","Male","55-64","Vessel Related",2011-09-18,2011
"725","Grand Canyon National Park","Drowning","Drowning","Unintentional","Fatal injury","Male","55-64","Swimming",2011-09-18,2011
"726","Yosemite National Park","Fall","Fall","Unintentional","Fatal injury","Male","45-54","Climbing",2011-09-19,2011
"727","New River Gorge National River","Drowning","Drowning","Unintentional","Fatal injury","Female","35-44","Vessel Related",2011-09-26,2011
"728","Biscayne National Park","Vessel Incident","Other Transportation","Unintentional","Fatal injury","Male","Not Reported","Vessel Related",2011-09-28,2011
"729","Lake Roosevelt National Recreation Area","Drowning","Drowning","Unintentional","Fatal injury","Male","55-64","Vessel Related",2011-10-07,2011
"730","Biscayne National Park","Vessel Incident","Other Transportation","Unintentional","Fatal injury","Male","Not Reported","Vessel Related",2011-10-08,2011
"731","Shenandoah National Park","Motor Vehicle Crash","Motor Vehicle Crash","Unintentional","Fatal injury","Female","45-54","Driving",2011-10-09,2011
"732","Shenandoah National Park","Motor Vehicle Crash","Motor Vehicle Crash","Unintentional","Fatal injury","Male","55-64","Driving",2011-10-09,2011
"733","Natchez Trace Parkway","Motor Vehicle Crash","Motor Vehicle Crash","Unintentional","Fatal injury","Not Reported","Not Reported","Driving",2011-10-12,2011
"734","Blue Ridge Parkway","Motor Vehicle Crash","Motor Vehicle Crash","Unintentional","Fatal injury","Male","25-34","Driving",2011-10-16,2011
"735","Baltimore-Washington Parkway","Motor Vehicle Crash","Motor Vehicle Crash","Unintentional","Fatal injury","Male","45-54","Driving",2011-10-18,2011
"736","Indiana Dunes National Park","Drowning","Drowning","Unintentional","Fatal injury","Not Reported","Not Reported","Not Reported",2011-10-21,2011
"737","Golden Gate National Recreation Area","Undetermined","Undetermined","Undetermined","Fatal injury","Not Reported","Not Reported","Not Reported",2011-11-01,2011
"738","Cape Cod National Seashore","Drowning","Drowning","Unintentional","Fatal injury","Female","45-54","Swimming",2011-11-03,2011
"739","Indiana Dunes National Park","Drowning","Drowning","Unintentional","Fatal injury","Male","15-24","Vessel Related",2011-11-04,2011
"740","Assateague Island National Seashore","Drowning","Drowning","Unintentional","Fatal injury","Not Reported","Not Reported","Vessel Related",2011-11-09,2011
"741","Mount Rainier National Park","Fall","Fall","Unintentional","Fatal injury","Male","55-64","Photographing",2011-11-12,2011
"742","Cuyahoga Valley National Park","Motor Vehicle Crash","Motor Vehicle Crash","Unintentional","Fatal injury","Male","35-44","Driving",2011-11-12,2011
"743","Delaware Water Gap National Recreation Area","Fall","Fall","Unintentional","Fatal injury","Female","65+","Hiking",2011-11-13,2011
"744","Grand Canyon National Park","Undetermined","Undetermined","Undetermined","Fatal injury","Male","Not Reported","Not Reported",2011-11-17,2011
"745","Virgin Islands National Park","Drowning","Drowning","Unintentional","Fatal injury","Male","65+","Snorkeling",2011-11-20,2011
"746","Saratoga National Historical Park","Drowning","Drowning","Unintentional","Fatal injury","Male","35-44","Not Reported",2011-11-23,2011
"747","Blue Ridge Parkway","Motor Vehicle Crash","Motor Vehicle Crash","Unintentional","Fatal injury","Female","65+","Driving",2011-11-25,2011
"748","Colonial National Historical Park","Undetermined","Undetermined","Undetermined","Fatal injury","Male","35-44","Not Reported",2011-11-30,2011
"749","Lake Mead National Recreation Area","Aircraft Incident","Other Transportation","Unintentional","Fatal injury","Not Reported","Not Reported","Flying",2011-12-07,2011
"750","Lake Mead National Recreation Area","Aircraft Incident","Other Transportation","Unintentional","Fatal injury","Not Reported","Not Reported","Flying",2011-12-07,2011
"751","Lake Mead National Recreation Area","Aircraft Incident","Other Transportation","Unintentional","Fatal injury","Not Reported","Not Reported","Flying",2011-12-07,2011
"752","Lake Mead National Recreation Area","Aircraft Incident","Other Transportation","Unintentional","Fatal injury","Not Reported","Not Reported","Flying",2011-12-07,2011
"753","Lake Mead National Recreation Area","Aircraft Incident","Other Transportation","Unintentional","Fatal injury","Not Reported","Not Reported","Flying",2011-12-07,2011
"754","Mount Rainier National Park","Hypothermia","Environmental","Unintentional","Fatal injury","Male","45-54","Snowshoeing",2011-12-12,2011
"755","Cape Cod National Seashore","Undetermined","Undetermined","Undetermined","Fatal injury","Male","35-44","Not Reported",2011-12-26,2011
"756","Virgin Islands National Park","Drowning","Drowning","Unintentional","Fatal injury","Male","45-54","Swimming",2011-12-28,2011
"757","Lake Mead National Recreation Area","Undetermined","Undetermined","Undetermined","Fatal injury","Male","45-54","Not Reported",2012-01-01,2012
"758","Grand Canyon National Park","Fall","Fall","Unintentional","Fatal injury","Male","35-44","Not Reported",2012-01-12,2012
"759","Mount Rainier National Park","Undetermined","Undetermined","Undetermined","Fatal injury","Female","25-34","Camping",2012-01-16,2012
"760","Mount Rainier National Park","Undetermined","Undetermined","Undetermined","Fatal injury","Female","45-54","Camping",2012-01-16,2012
"761","Mount Rainier National Park","Undetermined","Undetermined","Undetermined","Fatal injury","Male","45-54","Camping",2012-01-16,2012
"762","Mount Rainier National Park","Undetermined","Undetermined","Undetermined","Fatal injury","Male","35-44","Hiking",2012-01-16,2012
"763","Saguaro National Park","Motor Vehicle Crash","Motor Vehicle Crash","Unintentional","Fatal injury","Female","Not Reported","Driving",2012-01-19,2012
"764","Yosemite National Park","Falling tree/branch","Environmental","Unintentional","Fatal injury","Male","25-34","Sleeping",2012-01-21,2012
"765","Saguaro National Park","Motor Vehicle Crash","Motor Vehicle Crash","Unintentional","Fatal injury","Male","35-44","Driving",2012-02-10,2012
"766","Grand Teton National Park","Aircraft Incident","Other Transportation","Unintentional","Fatal injury","Male","Not Reported","Flying",2012-02-15,2012
"767","Saguaro National Park","Motor Vehicle Crash","Motor Vehicle Crash","Unintentional","Fatal injury","Female","65+","Driving",2012-02-25,2012
"768","Grand Canyon National Park","Fall","Fall","Unintentional","Fatal injury","Female","15-24","Not Reported",2012-02-26,2012
"769","Grand Teton National Park","Avalanche","Environmental","Unintentional","Fatal injury","Male","Not Reported","Skiing",2012-03-07,2012
"770","Grand Teton National Park","Avalanche","Environmental","Unintentional","Fatal injury","Male","Not Reported","Skiing",2012-03-07,2012
"771","Channel Islands National Park","Drowning","Drowning","Unintentional","Fatal injury","Male","35-44","Vessel Related",2012-03-11,2012
"772","Channel Islands National Park","Drowning","Drowning","Unintentional","Fatal injury","Male","35-44","Vessel Related",2012-03-11,2012
"773","Channel Islands National Park","Drowning","Drowning","Unintentional","Fatal injury","Male","45-54","Vessel Related",2012-03-11,2012
"774","Channel Islands National Park","Drowning","Drowning","Unintentional","Fatal injury","Male","45-54","Vessel Related",2012-03-11,2012
"775","Death Valley National Park","Undetermined","Undetermined","Undetermined","Fatal injury","Male","65+","Bicycling",2012-03-13,2012
"776","Wind Cave National Park","Motor Vehicle Crash","Motor Vehicle Crash","Unintentional","Fatal injury","Male","45-54","Driving",2012-03-17,2012
"777","Little River Canyon National Preserve","Drowning","Drowning","Unintentional","Fatal injury","Male","15-24","Swimming",2012-03-18,2012
"778","Yosemite National Park","Poisoning - Drugs","Poisoning","Unintentional","Fatal injury","Female","25-34","Not Reported",2012-03-27,2012
"779","Big Thicket National Preserve","Drowning","Drowning","Unintentional","Fatal injury","Male","15-24","Swimming",2012-04-08,2012
"780","Indiana Dunes National Park","Drowning","Drowning","Unintentional","Fatal injury","Not Reported","Not Reported","Not Reported",2012-04-12,2012
"781","Death Valley National Park","Motor Vehicle Crash","Motor Vehicle Crash","Unintentional","Fatal injury","Male","65+","Driving",2012-04-15,2012
"782","New River Gorge National River","Drowning","Drowning","Unintentional","Fatal injury","Male","35-44","Vessel Related",2012-04-17,2012
"783","Blue Ridge Parkway","Undetermined","Undetermined","Undetermined","Fatal injury","Male","15-24","Not Reported",2012-04-18,2012
"784","Delaware Water Gap National Recreation Area","Motor Vehicle Crash","Motor Vehicle Crash","Unintentional","Fatal injury","Not Reported","Not Reported","Driving",2012-04-25,2012
"785","Grand Canyon National Park","Fall","Fall","Unintentional","Fatal injury","Male","45-54","Not Reported",2012-04-26,2012
"786","Gauley River National Recreation Area","Drowning","Drowning","Unintentional","Fatal injury","Male","45-54","Vessel Related",2012-04-28,2012
"787","Mojave National Preserve","Motor Vehicle Crash","Motor Vehicle Crash","Unintentional","Fatal injury","Male","65+","Driving",2012-05-04,2012
"788","Natchez Trace Parkway","Motor Vehicle Crash","Motor Vehicle Crash","Unintentional","Fatal injury","Male","55-64","Bicycling",2012-05-06,2012
"789","Blue Ridge Parkway","Motor Vehicle Crash","Motor Vehicle Crash","Unintentional","Fatal injury","Male","55-64","Driving",2012-05-14,2012
"790","New River Gorge National River","Drowning","Drowning","Unintentional","Fatal injury","Male","Not Reported","Vessel Related",2012-05-16,2012
"791","Denali National Park & Preserve","Fall","Fall","Unintentional","Fatal injury","Male","Not Reported","Hiking",2012-05-18,2012
"792","Big South Fork National River and Recreation Area","Drowning","Drowning","Unintentional","Fatal injury","Male","15-24","Swimming",2012-05-20,2012
"793","Lake Meredith National Recreation Area","Motor Vehicle Crash","Motor Vehicle Crash","Unintentional","Fatal injury","Female","55-64","Driving",2012-05-20,2012
"794","Grand Canyon National Park","Fall","Fall","Unintentional","Fatal injury","Male","15-24","Not Reported",2012-05-22,2012
"795","Denali National Park & Preserve","Fall","Fall","Unintentional","Fatal injury","Male","35-44","Skiing",2012-05-23,2012
"796","Glen Canyon National Recreation Area","Drowning","Drowning","Unintentional","Fatal injury","Male","Not Reported","Swimming",2012-05-25,2012
"797","Blue Ridge Parkway","Motor Vehicle Crash","Motor Vehicle Crash","Unintentional","Fatal injury","Male","Not Reported","Driving",2012-05-25,2012
"798","New River Gorge National River","Drowning","Drowning","Unintentional","Fatal injury","Male","Not Reported","Vessel Related",2012-05-26,2012
"799","Canyon De Chelly National Monument","Motor Vehicle Crash","Motor Vehicle Crash","Unintentional","Fatal injury","Male","55-64","Driving",2012-05-27,2012
"800","Colonial National Historical Park","Drowning","Drowning","Unintentional","Fatal injury","Male","15-24","Swimming",2012-05-28,2012
"801","New River Gorge National River","Drowning","Drowning","Unintentional","Fatal injury","Male","35-44","Swimming",2012-05-30,2012
"802","New River Gorge National River","Drowning","Drowning","Unintentional","Fatal injury","Male","55-64","Swimming",2012-05-30,2012
"803","Joshua Tree National Park","Fall","Fall","Unintentional","Fatal injury","Male","35-44","Camping",2012-06-06,2012
"804","Acadia National Park","Undetermined","Undetermined","Undetermined","Fatal injury","Male","Not Reported","Not Reported",2012-06-06,2012
"805","Friendship Hill National Historic Site","Undetermined","Undetermined","Undetermined","Fatal injury","Not Reported","Not Reported","Not Reported",2012-06-07,2012
"806","Niobrara National Scenic River","Drowning","Drowning","Unintentional","Fatal injury","Male","Not Reported","Not Reported",2012-06-10,2012
"807","Denali National Park & Preserve","Avalanche","Environmental","Unintentional","Fatal injury","Male","Not Reported","Hiking",2012-06-14,2012
"808","Denali National Park & Preserve","Avalanche","Environmental","Unintentional","Fatal injury","Male","Not Reported","Hiking",2012-06-14,2012
"809","Denali National Park & Preserve","Avalanche","Environmental","Unintentional","Fatal injury","Male","Not Reported","Hiking",2012-06-14,2012
"810","Denali National Park & Preserve","Avalanche","Environmental","Unintentional","Fatal injury","Male","Not Reported","Hiking",2012-06-14,2012
"811","Denali National Park & Preserve","Avalanche","Environmental","Unintentional","Fatal injury","Female","45-54","Hiking",2012-06-14,2012
"812","Denali National Park & Preserve","Avalanche","Environmental","Unintentional","Fatal injury","Male","55-64","Hiking",2012-06-14,2012
"813","Denali National Park & Preserve","Avalanche","Environmental","Unintentional","Fatal injury","Female","55-64","Hiking",2012-06-14,2012
"814","Denali National Park & Preserve","Avalanche","Environmental","Unintentional","Fatal injury","Male","55-64","Hiking",2012-06-14,2012
"815","Denali National Park & Preserve","Hypothermia","Environmental","Unintentional","Fatal injury","Not Reported","45-54","Hiking",2012-06-14,2012
"816","Denali National Park & Preserve","Hypothermia","Environmental","Unintentional","Fatal injury","Not Reported","55-64","Hiking",2012-06-14,2012
"817","Denali National Park & Preserve","Hypothermia","Environmental","Unintentional","Fatal injury","Not Reported","55-64","Hiking",2012-06-14,2012
"818","Denali National Park & Preserve","Hypothermia","Environmental","Unintentional","Fatal injury","Not Reported","55-64","Hiking",2012-06-14,2012
"819","Grand Teton National Park","Motor Vehicle Crash","Motor Vehicle Crash","Unintentional","Fatal injury","Male","55-64","Driving",2012-06-14,2012
"820","Lake Mead National Recreation Area","Drowning","Drowning","Unintentional","Fatal injury","Male","0-14","Not Reported",2012-06-15,2012
"821","New River Gorge National River","Motor Vehicle Crash","Motor Vehicle Crash","Unintentional","Fatal injury","Male","15-24","Driving",2012-06-15,2012
"822","Blue Ridge Parkway","Motor Vehicle Crash","Motor Vehicle Crash","Unintentional","Fatal injury","Male","65+","Driving",2012-06-15,2012
"823","Indiana Dunes National Park","Drowning","Drowning","Unintentional","Fatal injury","Male","Not Reported","Vessel Related",2012-06-18,2012
"824","Glen Canyon National Recreation Area","Drowning","Drowning","Unintentional","Fatal injury","Male","25-34","Swimming",2012-06-20,2012
"825","Cape Hatteras National Seashore","Drowning","Drowning","Unintentional","Fatal injury","Female","45-54","Swimming",2012-06-20,2012
"826","Big Thicket National Preserve","Drowning","Drowning","Unintentional","Fatal injury","Male","15-24","Not Reported",2012-06-21,2012
"827","Lake Mead National Recreation Area","Drowning","Drowning","Unintentional","Fatal injury","Male","Not Reported","Swimming",2012-06-23,2012
"828","Channel Islands National Park","Drowning","Drowning","Unintentional","Fatal injury","Male","55-64","Fishing",2012-06-25,2012
"829","Acadia National Park","Fall","Fall","Unintentional","Fatal injury","Female","15-24","Climbing",2012-06-28,2012
"830","Yosemite National Park","Fall","Fall","Unintentional","Fatal injury","Male","Not Reported","Climbing",2012-06-30,2012
"831","Saguaro National Park","Motor Vehicle Crash","Motor Vehicle Crash","Unintentional","Fatal injury","Male","55-64","Driving",2012-06-30,2012
"832","Ozark National Scenic Riverways","Widlife incident","Wildlife Incident","Unintentional","Fatal injury","Male","45-54","Camping",2012-06-30,2012
"833","Yosemite National Park","Fall","Fall","Unintentional","Fatal injury","Male","45-54","Climbing",2012-07-02,2012
"834","Mount Rainier National Park","Drowning","Drowning","Unintentional","Fatal injury","Male","Not Reported","Playing Sports",2012-07-04,2012
"835","Lake Meredith National Recreation Area","Drowning","Drowning","Unintentional","Fatal injury","Male","15-24","Swimming",2012-07-04,2012
"836","Delaware Water Gap National Recreation Area","Drowning","Drowning","Unintentional","Fatal injury","Male","45-54","Vessel Related",2012-07-05,2012
"837","Great Smoky Mountains National Park","Falling tree/branch","Environmental","Unintentional","Fatal injury","Male","Not Reported","Driving",2012-07-05,2012
"838","Yosemite National Park","Drowning","Drowning","Unintentional","Fatal injury","Male","Not Reported","Swimming",2012-07-06,2012
"839","Great Smoky Mountains National Park","Falling tree/branch","Environmental","Unintentional","Fatal injury","Female","35-44","Not Reported",2012-07-06,2012
"840","Glen Canyon National Recreation Area","Vessel Incident","Other Transportation","Unintentional","Fatal injury","Not Reported","Not Reported","Vessel Related",2012-07-06,2012
"841","Glen Canyon National Recreation Area","Vessel Incident","Other Transportation","Unintentional","Fatal injury","Not Reported","Not Reported","Vessel Related",2012-07-06,2012
"842","Point Reyes National Seashore","Drowning","Drowning","Unintentional","Fatal injury","Male","65+","Fishing",2012-07-07,2012
"843","Indiana Dunes National Park","Drowning","Drowning","Unintentional","Fatal injury","Male","15-24","Swimming",2012-07-08,2012
"844","Lake Mead National Recreation Area","Drowning","Drowning","Unintentional","Fatal injury","Male","0-14","Not Reported",2012-07-08,2012
"845","Lake Mead National Recreation Area","Drowning","Drowning","Unintentional","Fatal injury","Male","35-44","Not Reported",2012-07-08,2012
"846","Rocky Mountain National Park","Fall","Fall","Unintentional","Fatal injury","Male","45-54","Hiking",2012-07-12,2012
"847","Grand Teton National Park","Fall","Fall","Unintentional","Fatal injury","Male","25-34","Climbing",2012-07-13,2012
"848","Lake Mead National Recreation Area","Undetermined","Undetermined","Undetermined","Fatal injury","Male","Not Reported","Not Reported",2012-07-14,2012
"849","Cape Hatteras National Seashore","Drowning","Drowning","Unintentional","Fatal injury","Female","65+","Swimming",2012-07-15,2012
"850","Theodore Roosevelt National Park","Undetermined","Undetermined","Undetermined","Fatal injury","Male","45-54","Not Reported",2012-07-15,2012
"851","Lake Mead National Recreation Area","Drowning","Drowning","Unintentional","Fatal injury","Male","15-24","Swimming",2012-07-17,2012
"852","Indiana Dunes National Park","Drowning","Drowning","Unintentional","Fatal injury","Male","0-14","Not Reported",2012-07-19,2012
"853","Grand Teton National Park","Fall","Fall","Unintentional","Fatal injury","Male","25-34","Climbing",2012-07-19,2012
"854","Grand Canyon National Park","Fall","Fall","Unintentional","Fatal injury","Female","Not Reported","Not Reported",2012-07-19,2012
"855","Cape Hatteras National Seashore","Drowning","Drowning","Unintentional","Fatal injury","Male","Not Reported","Swimming",2012-07-20,2012
"856","Everglades National Park","Drowning","Drowning","Unintentional","Fatal injury","Male","65+","Swimming",2012-07-21,2012
"857","Grand Teton National Park","Fall","Fall","Unintentional","Fatal injury","Male","25-34","Climbing",2012-07-22,2012
"858","Sequoia & Kings Canyon National Parks","Undetermined","Undetermined","Undetermined","Fatal injury","Male","25-34","Not Reported",2012-07-24,2012
"859","Cape Hatteras National Seashore","Drowning","Drowning","Unintentional","Fatal injury","Female","25-34","Swimming",2012-07-25,2012
"860","Mount Rainier National Park","Bicycle only crash","Other Transportation","Unintentional","Fatal injury","Male","55-64","Bicycling",2012-07-26,2012
"861","Glacier National Park","Fall","Fall","Unintentional","Fatal injury","Male","15-24","Hiking",2012-07-28,2012
"862","Acadia National Park","Fall","Fall","Unintentional","Fatal injury","Female","15-24","Not Reported",2012-07-28,2012
"863","Sequoia & Kings Canyon National Parks","Undetermined","Undetermined","Undetermined","Fatal injury","Male","55-64","Hiking",2012-07-28,2012
"864","Sequoia & Kings Canyon National Parks","Hyperthermia","Environmental","Unintentional","Fatal injury","Male","0-14","Hiking",2012-07-31,2012
"865","Redwood National and State Parks","Motor Vehicle Crash","Motor Vehicle Crash","Unintentional","Fatal injury","Female","45-54","Driving",2012-07-31,2012
"866","Yosemite National Park","Drowning","Drowning","Unintentional","Fatal injury","Male","45-54","Swimming",2012-08-01,2012
"867","Apostle Islands National Lakeshore","Drowning","Drowning","Unintentional","Fatal injury","Male","65+","Swimming",2012-08-02,2012
"868","Shenandoah National Park","Fall","Fall","Unintentional","Fatal injury","Male","35-44","Not Reported",2012-08-02,2012
"869","Sequoia & Kings Canyon National Parks","Hyperthermia","Environmental","Unintentional","Fatal injury","Male","55-64","Not Reported",2012-08-02,2012
"870","Sleeping Bear Dunes National Lakeshore","Drowning","Drowning","Unintentional","Fatal injury","Male","35-44","Swimming",2012-08-05,2012
"871","Mount Rainier National Park","Avalanche","Environmental","Unintentional","Fatal injury","Male","Not Reported","Hiking",2012-08-06,2012
"872","Mount Rushmore National Memorial","Motor Vehicle Crash","Motor Vehicle Crash","Unintentional","Fatal injury","Male","Not Reported","Driving",2012-08-06,2012
"873","Little River Canyon National Preserve","Drowning","Drowning","Unintentional","Fatal injury","Male","45-54","Diving (Land)",2012-08-07,2012
"874","Death Valley National Park","Hyperthermia","Environmental","Unintentional","Fatal injury","Male","55-64","Hiking",2012-08-07,2012
"875","Death Valley National Park","Hyperthermia","Environmental","Unintentional","Fatal injury","Male","25-34","Playing Sports",2012-08-07,2012
"876","Saint Croix Island International Historic Site","Drowning","Drowning","Unintentional","Fatal injury","Female","0-14","Not Reported",2012-08-14,2012
"877","Yellowstone National Park","Motor Vehicle Crash","Motor Vehicle Crash","Unintentional","Fatal injury","Male","45-54","Driving",2012-08-14,2012
"878","Yosemite National Park","Drowning","Drowning","Unintentional","Fatal injury","Male","0-14","Swimming",2012-08-15,2012
"879","Yosemite National Park","Drowning","Drowning","Unintentional","Fatal injury","Male","0-14","Swimming",2012-08-15,2012
"880","Lake Mead National Recreation Area","Drowning","Drowning","Unintentional","Fatal injury","Male","45-54","Swimming",2012-08-18,2012
"881","Glen Canyon National Recreation Area","Fall","Fall","Unintentional","Fatal injury","Male","45-54","Not Reported",2012-08-18,2012
"882","North Cascades National Park","Motor Vehicle Crash","Motor Vehicle Crash","Unintentional","Fatal injury","Male","35-44","Driving",2012-08-19,2012
"883","Lake Mead National Recreation Area","Drowning","Drowning","Unintentional","Fatal injury","Male","Not Reported","Swimming",2012-08-20,2012
"884","Yellowstone National Park","Motor Vehicle Crash","Motor Vehicle Crash","Unintentional","Fatal injury","Not Reported","Not Reported","Driving",2012-08-20,2012
"885","Denali National Park & Preserve","Widlife incident","Wildlife Incident","Unintentional","Fatal injury","Male","45-54","Hiking",2012-08-24,2012
"886","Glen Canyon National Recreation Area","Motor Vehicle Crash","Motor Vehicle Crash","Unintentional","Fatal injury","Male","15-24","Driving",2012-08-26,2012
"887","Sequoia & Kings Canyon National Parks","Fall","Fall","Unintentional","Fatal injury","Male","55-64","Climbing",2012-09-01,2012
"888","Lake Mead National Recreation Area","Drowning","Drowning","Unintentional","Fatal injury","Male","45-54","Fishing",2012-09-02,2012
"889","Lake Mead National Recreation Area","Motor Vehicle Crash","Motor Vehicle Crash","Unintentional","Fatal injury","Not Reported","Not Reported","Driving",2012-09-02,2012
"890","Whiskeytown National Recreation Area","Drowning","Drowning","Unintentional","Fatal injury","Female","Not Reported","Walking",2012-09-04,2012
"891","Mount Rainier National Park","Avalanche","Environmental","Unintentional","Fatal injury","Female","Not Reported","Hiking",2012-09-06,2012
"892","Zion National Park","Fall","Fall","Unintentional","Fatal injury","Male","65+","Canyoneering",2012-09-19,2012
"893","Golden Gate National Recreation Area","Undetermined","Undetermined","Undetermined","Fatal injury","Not Reported","Not Reported","Not Reported",2012-09-19,2012
"894","Glen Canyon National Recreation Area","Drowning","Drowning","Unintentional","Fatal injury","Male","35-44","Swimming",2012-09-21,2012
"895","Mount Rainier National Park","Fall","Fall","Unintentional","Fatal injury","Male","Not Reported","Not Reported",2012-09-23,2012
"896","Lake Mead National Recreation Area","Motor Vehicle Crash","Motor Vehicle Crash","Unintentional","Fatal injury","Male","15-24","Driving",2012-09-23,2012
"897","Glen Canyon National Recreation Area","Drowning","Drowning","Unintentional","Fatal injury","Male","55-64","Swimming",2012-09-24,2012
"898","Glacier National Park","Drowning","Drowning","Unintentional","Fatal injury","Male","65+","Fishing",2012-09-25,2012
"899","Lake Mead National Recreation Area","Drowning","Drowning","Unintentional","Fatal injury","Male","45-54","Diving - Scuba",2012-09-29,2012
"900","Rocky Mountain National Park","Fall","Fall","Unintentional","Fatal injury","Female","45-54","Not Reported",2012-09-29,2012
"901","Glen Canyon National Recreation Area","Drowning","Drowning","Unintentional","Fatal injury","Male","35-44","Swimming",2012-10-03,2012
"902","Lake Mead National Recreation Area","Drowning","Drowning","Unintentional","Fatal injury","Male","45-54","Vessel Related",2012-10-04,2012
"903","Grand Canyon National Park","Motor Vehicle Crash","Motor Vehicle Crash","Unintentional","Fatal injury","Female","55-64","Driving",2012-10-09,2012
"904","Cape Hatteras National Seashore","Drowning","Drowning","Unintentional","Fatal injury","Male","65+","Fishing",2012-10-11,2012
"905","Lake Mead National Recreation Area","Fall","Fall","Unintentional","Fatal injury","Male","25-34","Diving (Land)",2012-10-13,2012
"906","Great Smoky Mountains National Park","Motor Vehicle Crash","Motor Vehicle Crash","Unintentional","Fatal injury","Male","25-34","Driving",2012-10-13,2012
"907","Saint Croix Island International Historic Site","Drowning","Drowning","Unintentional","Fatal injury","Male","45-54","Not Reported",2012-10-14,2012
"908","Fire Island National Seashore","Aircraft Incident","Other Transportation","Unintentional","Fatal injury","Male","45-54","Flying",2012-10-20,2012
"909","Fire Island National Seashore","Aircraft Incident","Other Transportation","Unintentional","Fatal injury","Male","65+","Flying",2012-10-20,2012
"910","Shenandoah National Park","Motor Vehicle Crash","Motor Vehicle Crash","Unintentional","Fatal injury","Male","55-64","Driving",2012-10-23,2012
"911","Sequoia & Kings Canyon National Parks","Undetermined","Undetermined","Undetermined","Fatal injury","Male","45-54","Hiking",2012-10-24,2012
"912","Zion National Park","Fall","Fall","Unintentional","Fatal injury","Male","45-54","Climbing",2012-10-26,2012
"913","Buffalo National River","Motor Vehicle Crash","Motor Vehicle Crash","Unintentional","Fatal injury","Male","Not Reported","Driving",2012-11-01,2012
"914","Cape Hatteras National Seashore","Motor Vehicle Crash","Motor Vehicle Crash","Unintentional","Fatal injury","Male","Not Reported","Driving",2012-11-11,2012
"915","Lake Mead National Recreation Area","Undetermined","Undetermined","Undetermined","Fatal injury","Male","25-34","Not Reported",2012-11-11,2012
"916","Cape Lookout National Seashore","Drowning","Drowning","Unintentional","Fatal injury","Male","55-64","Fishing",2012-11-19,2012
"917","Scotts Bluff National Monument","Fall","Fall","Unintentional","Fatal injury","Male","15-24","Not Reported",2012-11-25,2012
"918","Point Reyes National Seashore","Undetermined","Undetermined","Undetermined","Fatal injury","Female","65+","Not Reported",2012-12-06,2012
"919","Virgin Islands National Park","Drowning","Drowning","Unintentional","Fatal injury","Male","65+","Snorkeling",2012-12-13,2012
"920","Baltimore-Washington Parkway","Motor Vehicle Crash","Motor Vehicle Crash","Unintentional","Fatal injury","Not Reported","Not Reported","Driving",2012-12-24,2012
"921","Yosemite National Park","Aircraft Incident","Other Transportation","Unintentional","Fatal injury","Male","65+","Flying",2012-12-27,2012
"922","Baltimore-Washington Parkway","Motor Vehicle Crash","Motor Vehicle Crash","Unintentional","Fatal injury","Male","35-44","Driving",2013-01-05,2013
"923","Yosemite National Park","Asphyxiation","Other","Unintentional","Fatal injury","Male","65+","Eating",2013-01-09,2013
"924","Grand Canyon National Park","Drowning","Drowning","Unintentional","Fatal injury","Female","15-24","Vessel Related",2013-01-11,2013
"925","Virgin Islands National Park","Drowning","Drowning","Unintentional","Fatal injury","Male","55-64","Snorkeling",2013-01-13,2013
"926","Great Smoky Mountains National Park","Motor Vehicle Crash","Motor Vehicle Crash","Unintentional","Fatal injury","Female","Not Reported","Driving",2013-01-15,2013
"927","Great Smoky Mountains National Park","Undetermined","Undetermined","Undetermined","Fatal injury","Male","45-54","Hiking",2013-01-15,2013
"928","Redwood National and State Parks","Undetermined","Undetermined","Undetermined","Fatal injury","Not Reported","Not Reported","Not Reported",2013-01-15,2013
"929","Redwood National and State Parks","Undetermined","Undetermined","Undetermined","Fatal injury","Not Reported","Not Reported","Not Reported",2013-01-15,2013
"930","Joshua Tree National Park","Undetermined","Undetermined","Undetermined","Fatal injury","Male","55-64","Not Reported",2013-01-16,2013
"931","Great Smoky Mountains National Park","Motor Vehicle Crash","Motor Vehicle Crash","Unintentional","Fatal injury","Female","15-24","Driving",2013-01-17,2013
"932","Grand Canyon National Park","Fall","Fall","Unintentional","Fatal injury","Male","35-44","Base jumping",2013-01-24,2013
"933","Rocky Mountain National Park","Undetermined","Undetermined","Undetermined","Fatal injury","Male","35-44","Not Reported",2013-01-25,2013
"934","Grand Teton National Park","Avalanche","Environmental","Unintentional","Fatal injury","Male","25-34","Skiing",2013-01-27,2013
"935","Grand Teton National Park","Avalanche","Environmental","Unintentional","Fatal injury","Male","25-34","Skiing",2013-01-28,2013
"936","Fort Bowie National Historic Site","Undetermined","Undetermined","Undetermined","Fatal injury","Not Reported","Not Reported","Not Reported",2013-01-31,2013
"937","Delaware Water Gap National Recreation Area","Drowning","Drowning","Unintentional","Fatal injury","Male","65+","Fishing",2013-02-14,2013
"938","Delaware Water Gap National Recreation Area","Drowning","Drowning","Unintentional","Fatal injury","Male","Not Reported","Fishing",2013-02-15,2013
"939","Saint Croix Island International Historic Site","Drowning","Drowning","Unintentional","Fatal injury","Not Reported","Not Reported","Snowmobiling",2013-02-16,2013
"940","Grand Teton National Park","Avalanche","Environmental","Unintentional","Fatal injury","Male","35-44","Skiing",2013-03-01,2013
"941","Great Smoky Mountains National Park","Hypothermia","Environmental","Unintentional","Fatal injury","Male","35-44","Not Reported",2013-03-06,2013
"942","Great Smoky Mountains National Park","Drowning","Drowning","Unintentional","Fatal injury","Male","65+","Vessel Related",2013-03-11,2013
"943","Pea Ridge National Military Park","Motor Vehicle Crash","Motor Vehicle Crash","Unintentional","Fatal injury","Not Reported","Not Reported","Driving",2013-03-12,2013
"944","Pea Ridge National Military Park","Motor Vehicle Crash","Motor Vehicle Crash","Unintentional","Fatal injury","Not Reported","Not Reported","Driving",2013-03-12,2013
"945","Glacier National Park","Drowning","Drowning","Unintentional","Fatal injury","Female","25-34","Not Reported",2013-03-13,2013
"946","Rocky Mountain National Park","Hypothermia","Environmental","Unintentional","Fatal injury","Male","35-44","Hiking",2013-03-16,2013
"947","Everglades National Park","Undetermined","Undetermined","Undetermined","Fatal injury","Male","45-54","Vessel Related",2013-03-23,2013
"948","Canyonlands National Park","Undetermined","Undetermined","Undetermined","Fatal injury","Not Reported","Not Reported","Hiking",2013-04-07,2013
"949","Canyonlands National Park","Undetermined","Undetermined","Undetermined","Fatal injury","Not Reported","Not Reported","Hiking",2013-04-07,2013
"950","Natchez Trace Parkway","Motor Vehicle Crash","Motor Vehicle Crash","Unintentional","Fatal injury","Male","45-54","Bicycling",2013-04-09,2013
"951","Black Canyon Of The Gunnison National Park","Undetermined","Undetermined","Undetermined","Fatal injury","Male","Not Reported","Hiking",2013-04-09,2013
"952","Great Falls Park","Drowning","Drowning","Unintentional","Fatal injury","Male","45-54","Fishing",2013-04-12,2013
"953","Shenandoah National Park","Hypothermia","Environmental","Unintentional","Fatal injury","Male","65+","Not Reported",2013-04-13,2013
"954","Great Smoky Mountains National Park","Undetermined","Undetermined","Undetermined","Fatal injury","Male","Not Reported","Hiking",2013-04-16,2013
"955","Natchez Trace Parkway","Undetermined","Undetermined","Undetermined","Fatal injury","Male","55-64","Not Reported",2013-04-16,2013
"956","Acadia National Park","Drowning","Drowning","Unintentional","Fatal injury","Male","35-44","Vessel Related",2013-04-18,2013
"957","Acadia National Park","Drowning","Drowning","Unintentional","Fatal injury","Male","65+","Vessel Related",2013-04-18,2013
"958","Baltimore-Washington Parkway","Motor Vehicle Crash","Motor Vehicle Crash","Unintentional","Fatal injury","Male","Not Reported","Driving",2013-04-24,2013
"959","Gateway National Recreation Area","Drowning","Drowning","Unintentional","Fatal injury","Male","Not Reported","Not Reported",2013-04-27,2013
"960","Mojave National Preserve","Hyperthermia","Environmental","Unintentional","Fatal injury","Male","45-54","Driving",2013-04-27,2013
"961","Acadia National Park","Fall","Fall","Unintentional","Fatal injury","Male","15-24","Climbing",2013-04-28,2013
"962","Upper Delaware Scenic & Recreational River","Undetermined","Undetermined","Undetermined","Fatal injury","Male","Not Reported","Not Reported",2013-05-04,2013
"963","Golden Gate National Recreation Area","Undetermined","Undetermined","Undetermined","Fatal injury","Male","Not Reported","Not Reported",2013-05-04,2013
"964","Delaware Water Gap National Recreation Area","Drowning","Drowning","Unintentional","Fatal injury","Male","55-64","Swimming",2013-05-05,2013
"965","Yosemite National Park","Fall","Fall","Unintentional","Fatal injury","Male","65+","Photographing",2013-05-05,2013
"966","Buffalo National River","Drowning","Drowning","Unintentional","Fatal injury","Female","65+","Vessel Related",2013-05-06,2013
"967","New River Gorge National River","Electrocution","Other","Unintentional","Fatal injury","Male","15-24","Not Reported",2013-05-08,2013
"968","Golden Gate National Recreation Area","Undetermined","Undetermined","Undetermined","Fatal injury","Not Reported","Not Reported","Hiking",2013-05-15,2013
"969","Harpers Ferry National Historical Park","Train crash","Other Transportation","Unintentional","Fatal injury","Male","Not Reported","Not Reported",2013-05-17,2013
"970","Yosemite National Park","Rockfall","Environmental","Unintentional","Fatal injury","Male","35-44","Climbing",2013-05-19,2013
"971","New River Gorge National River","Train crash","Other Transportation","Unintentional","Fatal injury","Female","45-54","Walking",2013-05-20,2013
"972","Lake Roosevelt National Recreation Area","Drowning","Drowning","Unintentional","Fatal injury","Male","65+","Vessel Related",2013-05-21,2013
"973","Death Valley National Park","Motor Vehicle Crash","Motor Vehicle Crash","Unintentional","Fatal injury","Male","Not Reported","Driving",2013-05-21,2013
"974","Big Thicket National Preserve","Drowning","Drowning","Unintentional","Fatal injury","Male","25-34","Swimming",2013-05-26,2013
"975","Cape Hatteras National Seashore","Drowning","Drowning","Unintentional","Fatal injury","Male","55-64","Swimming",2013-05-31,2013
"976","Buffalo National River","Fall","Fall","Unintentional","Fatal injury","Male","Not Reported","Diving (Land)",2013-05-31,2013
"977","Yosemite National Park","Drowning","Drowning","Unintentional","Fatal injury","Male","15-24","Swimming",2013-06-01,2013
"978","Lake Mead National Recreation Area","Undetermined","Undetermined","Undetermined","Fatal injury","Male","Not Reported","Diving - Scuba",2013-06-01,2013
"979","Yosemite National Park","Rockfall","Environmental","Unintentional","Fatal injury","Male","25-34","Climbing",2013-06-02,2013
"980","Joshua Tree National Park","Fall","Fall","Unintentional","Fatal injury","Male","Not Reported","Camping",2013-06-06,2013
"981","Big Bend National Park","Hyperthermia","Environmental","Unintentional","Fatal injury","Male","25-34","Not Reported",2013-06-07,2013
"982","Lake Mead National Recreation Area","Undetermined","Undetermined","Undetermined","Fatal injury","Male","65+","Not Reported",2013-06-08,2013
"983","Chattahoochee River National Recreation Area","Drowning","Drowning","Unintentional","Fatal injury","Male","15-24","Not Reported",2013-06-09,2013
"984","Gulf Islands National Seashore","Undetermined","Undetermined","Undetermined","Fatal injury","Male","Not Reported","Not Reported",2013-06-14,2013
"985","Little River Canyon National Preserve","Drowning","Drowning","Unintentional","Fatal injury","Male","15-24","Swimming",2013-06-15,2013
"986","Blue Ridge Parkway","Motor Vehicle Crash","Motor Vehicle Crash","Unintentional","Fatal injury","Female","35-44","Driving",2013-06-16,2013
"987","Lake Roosevelt National Recreation Area","Drowning","Drowning","Unintentional","Fatal injury","Male","65+","Vessel Related",2013-06-19,2013
"988","Lake Mead National Recreation Area","Drowning","Drowning","Unintentional","Fatal injury","Male","35-44","Swimming",2013-06-20,2013
"989","Olympic National Park","Fall","Fall","Unintentional","Fatal injury","Male","Not Reported","Climbing",2013-06-20,2013
"990","Grand Teton National Park","Fall","Fall","Unintentional","Fatal injury","Male","55-64","Climbing",2013-06-20,2013
"991","Glen Canyon National Recreation Area","Vessel Incident","Other Transportation","Unintentional","Fatal injury","Female","15-24","Vessel Related",2013-06-20,2013
"992","Glen Canyon National Recreation Area","Vessel Incident","Other Transportation","Unintentional","Fatal injury","Female","25-34","Vessel Related",2013-06-20,2013
"993","Glen Canyon National Recreation Area","Vessel Incident","Other Transportation","Unintentional","Fatal injury","Female","55-64","Vessel Related",2013-06-20,2013
"994","Sequoia & Kings Canyon National Parks","Fall","Fall","Unintentional","Fatal injury","Male","45-54","Not Reported",2013-06-21,2013
"995","Chickasaw National Recreation Area","Drowning","Drowning","Unintentional","Fatal injury","Male","45-54","Swimming",2013-06-22,2013
"996","Lake Mead National Recreation Area","Drowning","Drowning","Unintentional","Fatal injury","Male","25-34","Swimming",2013-06-22,2013
"997","Lake Mead National Recreation Area","Drowning","Drowning","Unintentional","Fatal injury","Male","25-34","Swimming",2013-06-23,2013
"998","Lake Mead National Recreation Area","Drowning","Drowning","Unintentional","Fatal injury","Male","25-34","Not Reported",2013-06-23,2013
"999","Mount Rainier National Park","Drowning","Drowning","Unintentional","Fatal injury","Male","0-14","Not Reported",2013-06-23,2013
"1000","Glen Canyon National Recreation Area","Drowning","Drowning","Unintentional","Fatal injury","Male","45-54","Swimming",2013-06-24,2013
"1001","Great Falls Park","Drowning","Drowning","Unintentional","Fatal injury","Male","15-24","Swimming",2013-06-24,2013
"1002","Lake Mead National Recreation Area","Drowning","Drowning","Unintentional","Fatal injury","Male","25-34","Not Reported",2013-06-24,2013
"1003","Grand Teton National Park","Fall","Fall","Unintentional","Fatal injury","Male","55-64","Climbing",2013-06-24,2013
"1004","Cape Hatteras National Seashore","Drowning","Drowning","Unintentional","Fatal injury","Male","15-24","Swimming",2013-06-26,2013
"1005","Glacier National Park","Fall","Fall","Unintentional","Fatal injury","Male","55-64","Hiking",2013-06-26,2013
"1006","Glen Canyon National Recreation Area","Undetermined","Undetermined","Undetermined","Fatal injury","Male","55-64","Not Reported",2013-06-26,2013
"1007","Glen Canyon National Recreation Area","Vessel Incident","Other Transportation","Unintentional","Fatal injury","Male","0-14","Vessel Related",2013-06-28,2013
"1008","Great Falls Park","Drowning","Drowning","Unintentional","Fatal injury","Male","15-24","Rock Scrambling",2013-06-29,2013
"1009","Lake Mead National Recreation Area","Fall","Fall","Unintentional","Fatal injury","Male","Not Reported","Not Reported",2013-06-30,2013
"1010","Grand Canyon National Park","Hyperthermia","Environmental","Unintentional","Fatal injury","Female","Not Reported","Hiking",2013-06-30,2013
"1011","Sleeping Bear Dunes National Lakeshore","Drowning","Drowning","Unintentional","Fatal injury","Male","0-14","Vessel Related",2013-07-01,2013
"1012","Baltimore-Washington Parkway","Motor Vehicle Crash","Motor Vehicle Crash","Unintentional","Fatal injury","Male","Not Reported","Walking",2013-07-06,2013
"1013","Delaware Water Gap National Recreation Area","Drowning","Drowning","Unintentional","Fatal injury","Male","0-14","Fishing",2013-07-08,2013
"1014","Golden Gate National Recreation Area","Motor Vehicle Crash","Motor Vehicle Crash","Unintentional","Fatal injury","Male","25-34","Driving",2013-07-08,2013
"1015","Glacier National Park","Fall","Fall","Unintentional","Fatal injury","Male","15-24","Climbing",2013-07-09,2013
"1016","Black Canyon Of The Gunnison National Park","Fall","Fall","Unintentional","Fatal injury","Male","Not Reported","Not Reported",2013-07-10,2013
"1017","Channel Islands National Park","Undetermined","Undetermined","Undetermined","Fatal injury","Not Reported","Not Reported","Not Reported",2013-07-10,2013
"1018","Great Falls Park","Drowning","Drowning","Unintentional","Fatal injury","Female","15-24","Vessel Related",2013-07-11,2013
"1019","Shenandoah National Park","Undetermined","Undetermined","Undetermined","Fatal injury","Male","15-24","Not Reported",2013-07-12,2013
"1020","Glacier National Park","Undetermined","Undetermined","Undetermined","Fatal injury","Male","25-34","Not Reported",2013-07-12,2013
"1021","Isle Royale National Park","Undetermined","Undetermined","Undetermined","Fatal injury","Male","55-64","Diving - Scuba",2013-07-13,2013
"1022","Saint Croix Island International Historic Site","Undetermined","Undetermined","Undetermined","Fatal injury","Male","15-24","Diving (Land)",2013-07-15,2013
"1023","Yellowstone National Park","Undetermined","Undetermined","Undetermined","Fatal injury","Male","15-24","Hiking",2013-07-18,2013
"1024","Delaware Water Gap National Recreation Area","Drowning","Drowning","Unintentional","Fatal injury","Male","45-54","Swimming",2013-07-20,2013
"1025","Olympic National Park","Fall","Fall","Unintentional","Fatal injury","Male","25-34","Climbing",2013-07-20,2013
"1026","Redwood National and State Parks","Drowning","Drowning","Unintentional","Fatal injury","Not Reported","Not Reported","Not Reported",2013-07-22,2013
"1027","Yellowstone National Park","Drowning","Drowning","Unintentional","Fatal injury","Male","65+","Fishing",2013-07-24,2013
"1028","Glacier National Park","Fall","Fall","Unintentional","Fatal injury","Male","15-24","Climbing",2013-07-25,2013
"1029","Indiana Dunes National Park","Drowning","Drowning","Unintentional","Fatal injury","Male","35-44","Swimming",2013-07-27,2013
"1030","Big Bend National Park","Drowning","Drowning","Unintentional","Fatal injury","Not Reported","Not Reported","Not Reported",2013-07-27,2013
"1031","Voyageurs National Park","Drowning","Drowning","Unintentional","Fatal injury","Male","0-14","Snorkeling",2013-07-29,2013
"1032","Delaware Water Gap National Recreation Area","Motor Vehicle Crash","Motor Vehicle Crash","Unintentional","Fatal injury","Male","55-64","Driving",2013-08-01,2013
"1033","Point Reyes National Seashore","Undetermined","Undetermined","Undetermined","Fatal injury","Male","Not Reported","Not Reported",2013-08-01,2013
"1034","Big Bend National Park","Hyperthermia","Environmental","Unintentional","Fatal injury","Male","15-24","Hiking",2013-08-03,2013
"1035","Lake Mead National Recreation Area","Drowning","Drowning","Unintentional","Fatal injury","Male","15-24","Swimming",2013-08-04,2013
"1036","Canyonlands National Park","Undetermined","Undetermined","Undetermined","Fatal injury","Male","65+","Not Reported",2013-08-04,2013
"1037","Chattahoochee River National Recreation Area","Drowning","Drowning","Unintentional","Fatal injury","Male","25-34","Vessel Related",2013-08-06,2013
"1038","Glen Canyon National Recreation Area","Vessel Incident","Other Transportation","Unintentional","Fatal injury","Male","15-24","Vessel Related",2013-08-07,2013
"1039","Great Smoky Mountains National Park","Motor Vehicle Crash","Motor Vehicle Crash","Unintentional","Fatal injury","Male","35-44","Driving",2013-08-09,2013
"1040","Grand Canyon National Park","Undetermined","Undetermined","Undetermined","Fatal injury","Male","55-64","Hiking",2013-08-09,2013
"1041","Sequoia & Kings Canyon National Parks","Undetermined","Undetermined","Undetermined","Fatal injury","Not Reported","65+","Not Reported",2013-08-09,2013
"1042","Sequoia & Kings Canyon National Parks","Undetermined","Undetermined","Undetermined","Fatal injury","Male","45-54","Not Reported",2013-08-09,2013
"1043","Upper Delaware Scenic & Recreational River","Drowning","Drowning","Unintentional","Fatal injury","Male","15-24","Vessel Related",2013-08-10,2013
"1044","Blue Ridge Parkway","Motor Vehicle Crash","Motor Vehicle Crash","Unintentional","Fatal injury","Male","15-24","Driving",2013-08-10,2013
"1045","George Washington Birthplace","Drowning","Drowning","Unintentional","Fatal injury","Male","0-14","Photographing",2013-08-11,2013
"1046","Lake Mead National Recreation Area","Motor Vehicle Crash","Motor Vehicle Crash","Unintentional","Fatal injury","Male","25-34","Driving",2013-08-11,2013
"1047","George Washington Birthplace","Drowning","Drowning","Unintentional","Fatal injury","Male","0-14","Swimming",2013-08-12,2013
"1048","New River Gorge National River","Drowning","Drowning","Unintentional","Fatal injury","Male","15-24","Vessel Related",2013-08-13,2013
"1049","Chattahoochee River National Recreation Area","Drowning","Drowning","Unintentional","Fatal injury","Male","25-34","Swimming",2013-08-13,2013
"1050","Delaware Water Gap National Recreation Area","Drowning","Drowning","Unintentional","Fatal injury","Male","15-24","Swimming",2013-08-14,2013
"1051","Rocky Mountain National Park","Fall","Fall","Unintentional","Fatal injury","Male","15-24","Climbing",2013-08-15,2013
"1052","Glen Canyon National Recreation Area","Undetermined","Undetermined","Undetermined","Fatal injury","Male","45-54","Not Reported",2013-08-16,2013
"1053","Upper Delaware Scenic & Recreational River","Drowning","Drowning","Unintentional","Fatal injury","Male","15-24","Swimming",2013-08-18,2013
"1054","Great Smoky Mountains National Park","Motor Vehicle Crash","Motor Vehicle Crash","Unintentional","Fatal injury","Male","35-44","Driving",2013-08-18,2013
"1055","Rocky Mountain National Park","Fall","Fall","Unintentional","Fatal injury","Male","15-24","Climbing",2013-08-22,2013
"1056","Baltimore-Washington Parkway","Motor Vehicle Crash","Motor Vehicle Crash","Unintentional","Fatal injury","Female","Not Reported","Driving",2013-08-22,2013
"1057","Organ Pipe Cactus National Monument","Undetermined","Undetermined","Undetermined","Fatal injury","Not Reported","Not Reported","Not Reported",2013-08-25,2013
"1058","Zion National Park","Fall","Fall","Unintentional","Fatal injury","Male","55-64","Hiking",2013-08-27,2013
"1059","Chattahoochee River National Recreation Area","Drowning","Drowning","Unintentional","Fatal injury","Male","65+","Vessel Related",2013-08-29,2013
"1060","Haleakala National Park","Drowning","Drowning","Unintentional","Fatal injury","Male","35-44","Swimming",2013-08-30,2013
"1061","Sequoia & Kings Canyon National Parks","Motor Vehicle Crash","Motor Vehicle Crash","Unintentional","Fatal injury","Male","35-44","Driving",2013-08-31,2013
"1062","Sequoia & Kings Canyon National Parks","Fall","Fall","Unintentional","Fatal injury","Male","55-64","Hiking",2013-09-01,2013
"1063","Great Falls Park","Drowning","Drowning","Unintentional","Fatal injury","Male","15-24","Swimming",2013-09-02,2013
"1064","Sequoia & Kings Canyon National Parks","Fall","Fall","Unintentional","Fatal injury","Male","55-64","Hiking",2013-09-02,2013
"1065","Zion National Park","Fall","Fall","Unintentional","Fatal injury","Female","45-54","Hiking",2013-09-05,2013
"1066","Grand Canyon National Park","Fall","Fall","Unintentional","Fatal injury","Female","45-54","Not Reported",2013-09-05,2013
"1067","Point Reyes National Seashore","Drowning","Drowning","Unintentional","Fatal injury","Male","35-44","Swimming",2013-09-06,2013
"1068","Zion National Park","Fall","Fall","Unintentional","Fatal injury","Female","45-54","Canyoneering",2013-09-06,2013
"1069","Yellowstone National Park","Firearm","Other","Unintentional","Fatal injury","Female","0-14","Playing Sports",2013-09-07,2013
"1070","Lake Mead National Recreation Area","Drowning","Drowning","Unintentional","Fatal injury","Male","55-64","Swimming",2013-09-08,2013
"1071","Grand Teton National Park","Fall","Fall","Unintentional","Fatal injury","Male","35-44","Climbing",2013-09-08,2013
"1072","Colorado National Monument","Fall","Fall","Unintentional","Fatal injury","Female","Not Reported","Not Reported",2013-09-08,2013
"1073","Colorado National Monument","Undetermined","Undetermined","Undetermined","Fatal injury","Not Reported","Not Reported","Not Reported",2013-09-09,2013
"1074","Lake Mead National Recreation Area","Undetermined","Undetermined","Undetermined","Fatal injury","Male","55-64","Not Reported",2013-09-09,2013
"1075","Grand Teton National Park","Aircraft Incident","Other Transportation","Unintentional","Fatal injury","Male","Not Reported","Flying",2013-09-11,2013
"1076","Grand Teton National Park","Aircraft Incident","Other Transportation","Unintentional","Fatal injury","Female","Not Reported","Flying",2013-09-11,2013
"1077","Blue Ridge Parkway","Fall","Fall","Unintentional","Fatal injury","Female","0-14","Climbing",2013-09-15,2013
"1078","North Cascades National Park","Rockfall","Environmental","Unintentional","Fatal injury","Not Reported","25-34","Climbing",2013-09-15,2013
"1079","Colorado National Monument","Fall","Fall","Unintentional","Fatal injury","Male","25-34","Not Reported",2013-09-18,2013
"1080","Craters Of The Moon National Monument & Preserve","Hypothermia","Environmental","Unintentional","Fatal injury","Female","55-64","Hiking",2013-09-19,2013
"1081","Craters Of The Moon National Monument & Preserve","Hypothermia","Environmental","Unintentional","Fatal injury","Female","65+","Hiking",2013-09-19,2013
"1082","Crater Lake National Park","Hypothermia","Environmental","Unintentional","Fatal injury","Female","55-64","Hiking",2013-09-19,2013
"1083","Crater Lake National Park","Hypothermia","Environmental","Unintentional","Fatal injury","Female","65+","Hiking",2013-09-19,2013
"1084","Colorado National Monument","Motor Vehicle Crash","Motor Vehicle Crash","Unintentional","Fatal injury","Male","65+","Driving",2013-09-19,2013
"1085","Lake Mead National Recreation Area","Vessel Incident","Other Transportation","Unintentional","Fatal injury","Female","45-54","Vessel Related",2013-09-21,2013
"1086","Chattahoochee River National Recreation Area","Drowning","Drowning","Unintentional","Fatal injury","Male","15-24","Swimming",2013-09-22,2013
"1087","Blue Ridge Parkway","Motor Vehicle Crash","Motor Vehicle Crash","Unintentional","Fatal injury","Male","65+","Driving",2013-09-25,2013
"1088","Mount Rainier National Park","Fall","Fall","Unintentional","Fatal injury","Male","65+","Not Reported",2013-09-26,2013
"1089","Grand Canyon National Park","Undetermined","Undetermined","Undetermined","Fatal injury","Female","65+","Not Reported",2013-09-26,2013
"1090","Chattahoochee River National Recreation Area","Drowning","Drowning","Unintentional","Fatal injury","Male","25-34","Not Reported",2013-09-30,2013
"1091","Lake Mead National Recreation Area","Motor Vehicle Crash","Motor Vehicle Crash","Unintentional","Fatal injury","Male","65+","Driving",2013-09-30,2013
"1092","National Mall & Memorial Parks","Fire/Burn","Other","Unintentional","Fatal injury","Male","Not Reported","Not Reported",2013-10-04,2013
"1093","Baltimore-Washington Parkway","Motor Vehicle Crash","Motor Vehicle Crash","Unintentional","Fatal injury","Male","Not Reported","Walking",2013-10-09,2013
"1094","George Washington Memorial Parkway","Motor Vehicle Crash","Motor Vehicle Crash","Unintentional","Fatal injury","Female","Not Reported","Driving",2013-10-11,2013
"1095","Rocky Mountain National Park","Poisoning - Carbon monoxide","Poisoning","Unintentional","Fatal injury","Male","45-54","Camping",2013-10-21,2013
"1096","Cape Cod National Seashore","Drowning","Drowning","Unintentional","Fatal injury","Female","45-54","Swimming",2013-11-03,2013
"1097","Golden Gate National Recreation Area","Poisoning - Drugs","Poisoning","Unintentional","Fatal injury","Female","25-34","Not Reported",2013-11-07,2013
"1098","Pictured Rocks National Lakeshore","Fall","Fall","Unintentional","Fatal injury","Male","15-24","Climbing",2013-11-11,2013
"1099","Natchez Trace Parkway","Motor Vehicle Crash","Motor Vehicle Crash","Unintentional","Fatal injury","Male","65+","Driving",2013-11-18,2013
"1100","Natchez Trace Parkway","Motor Vehicle Crash","Motor Vehicle Crash","Unintentional","Fatal injury","Female","65+","Driving",2013-11-18,2013
"1101","New River Gorge National River","Drowning","Drowning","Unintentional","Fatal injury","Male","35-44","Vessel Related",2013-11-25,2013
"1102","Baltimore-Washington Parkway","Undetermined","Undetermined","Undetermined","Fatal injury","Not Reported","Not Reported","Not Reported",2013-12-03,2013
"1103","Chattahoochee River National Recreation Area","Undetermined","Undetermined","Undetermined","Fatal injury","Male","65+","Not Reported",2013-12-04,2013
"1104","Blue Ridge Parkway","Undetermined","Undetermined","Undetermined","Fatal injury","Male","65+","Driving",2013-12-05,2013
"1105","Baltimore-Washington Parkway","Motor Vehicle Crash","Motor Vehicle Crash","Unintentional","Fatal injury","Female","Not Reported","Driving",2013-12-08,2013
"1106","National Mall & Memorial Parks","Undetermined","Undetermined","Undetermined","Fatal injury","Not Reported","Not Reported","Not Reported",2013-12-10,2013
"1107","Baltimore-Washington Parkway","Motor Vehicle Crash","Motor Vehicle Crash","Unintentional","Fatal injury","Female","Not Reported","Driving",2013-12-12,2013
"1108","Baltimore-Washington Parkway","Motor Vehicle Crash","Motor Vehicle Crash","Unintentional","Fatal injury","Female","Not Reported","Driving",2013-12-12,2013
"1109","Lake Roosevelt National Recreation Area","Undetermined","Undetermined","Undetermined","Fatal injury","Male","65+","Not Reported",2013-12-15,2013
"1110","Great Smoky Mountains National Park","Motor Vehicle Crash","Motor Vehicle Crash","Unintentional","Fatal injury","Male","Not Reported","Driving",2013-12-19,2013
"1111","Anacostia Park","Undetermined","Undetermined","Undetermined","Fatal injury","Male","Not Reported","Not Reported",2013-12-25,2013
"1112","Golden Gate National Recreation Area","Undetermined","Undetermined","Undetermined","Fatal injury","Male","Not Reported","Not Reported",2013-12-28,2013
"1113","National Mall & Memorial Parks","Undetermined","Undetermined","Undetermined","Fatal injury","Not Reported","Not Reported","Not Reported",2013-12-29,2013
"1114","Blue Ridge Parkway","Suicide","Suicide","Intentional","Fatal Injury","Male","55-64","Suicide",2014-01-02,2014
"1115","Rocky Mountain National Park","Medical - Not during physical activity","Medical - Not during physical activity","Medical","Fatal Injury","Male","65+","Other",2014-01-07,2014
"1116","Gateway National Recreation Area","Suicide","Suicide","Intentional","Fatal Injury","Female","35-44","Suicide",2014-01-08,2014
"1117","Lake Mead National Recreation Area","Suicide","Suicide","Intentional","Fatal Injury","Female","35-44","Suicide",2014-01-10,2014
"1118","Grand Canyon National Park","Medical - Not during physical activity","Medical - Not during physical activity","Medical","Fatal Injury","Male","55-64","Other",2014-01-11,2014
"1119","Fort Foote Park","Drowning","Drowning","Unintentional","Fatal Injury","Female","45-54","Not Reported",2014-01-12,2014
"1120","Acadia National Park","Suicide","Suicide","Intentional","Fatal Injury","Male","65+","Suicide",2014-01-14,2014
"1121","Death Valley National Park","Motor Vehicle Crash","Motor Vehicle Crash","Unintentional","Fatal Injury","Female","45-54","Driving",2014-01-17,2014
"1122","Joshua Tree National Park","Suicide","Suicide","Intentional","Fatal Injury","Male","25-34","Suicide",2014-01-17,2014
"1123","Point Reyes National Seashore","Drowning","Drowning","Unintentional","Fatal Injury","Male","65+","Fishing",2014-01-21,2014
"1124","Colorado National Monument","Suicide","Suicide","Intentional","Fatal Injury","Male","55-64","Suicide",2014-01-22,2014
"1125","Grand Canyon National Park","Fall","Fall","Unintentional","Fatal Injury","Male","35-44","Base jumping",2014-01-24,2014
"1126","Golden Gate National Recreation Area","Suicide","Suicide","Intentional","Fatal Injury","Male","35-44","Suicide",2014-01-24,2014
"1127","Grand Canyon National Park","Medical - During physical activity","Medical - During physical activity","Medical","Fatal Injury","Male","65+","Walking",2014-01-25,2014
"1128","Big Cypress National Preserve","Motor Vehicle Crash","Motor Vehicle Crash","Unintentional","Fatal injury","Male","55-64","Driving",2014-01-25,2014
"1129","Grand Canyon National Park","Motor Vehicle Crash","Motor Vehicle Crash","Unintentional","Fatal Injury","Female","15-24","Driving",2014-01-31,2014
"1130","Buffalo National River","Motor Vehicle Crash","Motor Vehicle Crash","Unintentional","Fatal Injury","Male","65+","Driving",2014-02-02,2014
"1131","Grand Canyon National Park","Medical - Not during physical activity","Medical - Not during physical activity","Medical","Fatal Injury","Male","55-64","Other",2014-02-06,2014
"1132","Zion National Park","Fall","Fall","Unintentional","Fatal Injury","Female","25-34","Base jumping",2014-02-08,2014
"1133","Presidio of San Francisco","Medical - Not during physical activity","Medical - Not during physical activity","Medical","Fatal Injury","Male","65+","Other",2014-02-11,2014
"1134","Lake Mead National Recreation Area","Medical - Not during physical activity","Medical - Not during physical activity","Medical","Fatal Injury","Male","65+","Other",2014-02-13,2014
"1135","Lake Mead National Recreation Area","Medical - Not during physical activity","Medical - Not during physical activity","Medical","Fatal Injury","Female","25-34","Other",2014-02-15,2014
"1136","Great Smoky Mountains National Park","Medical - Not during physical activity","Medical - Not during physical activity","Medical","Fatal Injury","Female","65+","Driving",2014-02-16,2014
"1137","Natchez Trace Parkway","Suicide","Suicide","Intentional","Fatal Injury","Male","65+","Suicide",2014-02-16,2014
"1138","Lake Mead National Recreation Area","Medical - Not during physical activity","Medical - Not during physical activity","Medical","Fatal Injury","Female","55-64","Other",2014-02-17,2014
"1139","Gulf Islands National Seashore","Suicide","Suicide","Intentional","Fatal Injury","Male","Not Reported","Suicide",2014-02-17,2014
"1140","Piscataway Park","Suicide","Suicide","Intentional","Fatal Injury","Male","25-34","Suicide",2014-02-19,2014
"1141","Lake Mead National Recreation Area","Drowning","Drowning","Unintentional","Fatal Injury","Male","45-54","Vessel Related",2014-02-20,2014
"1142","Point Reyes National Seashore","Medical - Not during physical activity","Medical - Not during physical activity","Medical","Fatal Injury","Male","45-54","Other",2014-02-22,2014
"1143","Yosemite National Park","Hypothermia","Environmental","Unintentional","Fatal Injury","Male","35-44","Bicycling",2014-02-26,2014
"1144","Chattahoochee River National Recreation Area","Medical - Unknown","Medical - Unknown","Medical","Fatal Injury","Male","55-64","Not Reported",2014-03-03,2014
"1145","Chesapeake & Ohio Canal National Historical Park","Medical - During physical activity","Medical - During physical activity","Medical","Fatal Injury","Male","55-64","Walking",2014-03-08,2014
"1146","Grand Canyon National Park","Medical - Not during physical activity","Medical - Not during physical activity","Medical","Fatal Injury","Male","55-64","Driving",2014-03-09,2014
"1147","Golden Gate National Recreation Area","Suicide","Suicide","Intentional","Fatal Injury","Female","25-34","Suicide",2014-03-11,2014
"1148","National Mall & Memorial Parks","Medical - Not during physical activity","Medical - Not during physical activity","Medical","Fatal Injury","Male","65+","Sleeping",2014-03-13,2014
"1149","Rock Creek Park","Suicide","Suicide","Intentional","Fatal Injury","Female","45-54","Suicide",2014-03-13,2014
"1150","Grand Canyon National Park","Fall","Fall","Unintentional","Fatal Injury","Male","45-54","Photographing",2014-03-15,2014
"1151","Glen Canyon National Recreation Area","Medical - Unknown","Medical - Unknown","Medical","Fatal Injury","Male","65+","Not Reported",2014-03-15,2014
"1152","Yosemite National Park","Skateboard Incident","Other Transportation","Unintentional","Fatal Injury","Female","15-24","Skateboarding",2014-03-16,2014
"1153","Grand Canyon National Park","Suicide","Suicide","Intentional","Fatal Injury","Male","15-24","Suicide",2014-03-17,2014
"1154","Grand Canyon National Park","Drowning","Drowning","Unintentional","Fatal Injury","Male","25-34","Vessel Related",2014-03-18,2014
"1155","Sequoia & Kings Canyon National Parks","Fall","Fall","Unintentional","Fatal Injury","Male","0-14","Hiking",2014-03-22,2014
"1156","Blue Ridge Parkway","Motor Vehicle Crash","Motor Vehicle Crash","Unintentional","Fatal Injury","Male","15-24","Driving",2014-03-22,2014
"1157","Assateague Island National Seashore","Skateboard Incident","Other Transportation","Unintentional","Fatal Injury","Male","15-24","Skateboarding",2014-03-22,2014
"1158","Yosemite National Park","Drowning","Drowning","Unintentional","Fatal Injury","Male","15-24","Swimming",2014-03-23,2014
"1159","Zion National Park","Fall","Fall","Unintentional","Fatal Injury","Male","35-44","Base jumping",2014-03-23,2014
"1160","Delaware Water Gap National Recreation Area","Suicide","Suicide","Intentional","Fatal Injury","Male","45-54","Suicide",2014-03-25,2014
"1161","Valley Forge National Historical Park","Medical - Not during physical activity","Medical - Not during physical activity","Medical","Fatal Injury","Male","65+","Other",2014-03-28,2014
"1162","Joshua Tree National Park","Fall","Fall","Unintentional","Fatal Injury","Female","35-44","Climbing",2014-03-29,2014
"1163","San Francisco Maritime National Historical Park","Drowning","Drowning","Unintentional","Fatal Injury","Male","Not Reported","Not Reported",2014-03-30,2014
"1164","Kenilworth Park & Aquatic Gardens","Undetermined","Undetermined","Undetermined","Fatal Injury","Not Reported","Not Reported","Not Reported",2014-03-31,2014
"1165","Point Reyes National Seashore","Motor Vehicle Crash","Motor Vehicle Crash","Unintentional","Fatal Injury","Male","65+","Driving",2014-04-01,2014
"1166","Gulf Islands National Seashore","Suicide","Suicide","Intentional","Fatal Injury","Male","55-64","Suicide",2014-04-01,2014
"1167","Blue Ridge Parkway","Bicycle only crash","Other Transportation","Unintentional","Fatal Injury","Male","45-54","Bicycling",2014-04-02,2014
"1168","Whiskeytown National Recreation Area","Suicide","Suicide","Intentional","Fatal Injury","Female","35-44","Suicide",2014-04-02,2014
"1169","Chickasaw National Recreation Area","Drowning","Drowning","Unintentional","Fatal Injury","Male","0-14","Vessel Related",2014-04-05,2014
"1170","National Mall & Memorial Parks","Medical - Unknown","Medical - Unknown","Medical","Fatal Injury","Female","65+","Not Reported",2014-04-05,2014
"1171","Joshua Tree National Park","Motor Vehicle Crash","Motor Vehicle Crash","Unintentional","Fatal Injury","Male","25-34","Driving",2014-04-06,2014
"1172","Joshua Tree National Park","Motor Vehicle Crash","Motor Vehicle Crash","Unintentional","Fatal Injury","Female","55-64","Driving",2014-04-06,2014
"1173","Presidio of San Francisco","Medical - Not during physical activity","Medical - Not during physical activity","Medical","Fatal Injury","Male","55-64","Other",2014-04-07,2014
"1174","Grand Canyon National Park","Medical - Not during physical activity","Medical - Not during physical activity","Medical","Fatal Injury","Male","65+","Other",2014-04-10,2014
"1175","George Washington Memorial Parkway","Motor Vehicle Crash","Motor Vehicle Crash","Unintentional","Fatal Injury","Male","15-24","Driving",2014-04-11,2014
"1176","Yosemite National Park","Suicide","Suicide","Intentional","Fatal Injury","Male","35-44","Suicide",2014-04-12,2014
"1177","Assateague Island National Seashore","Suicide","Suicide","Intentional","Fatal Injury","Male","25-34","Suicide",2014-04-15,2014
"1178","Golden Gate National Recreation Area","Medical - Unknown","Medical - Unknown","Medical","Fatal Injury","Male","45-54","Not Reported",2014-04-17,2014
"1179","Virgin Islands National Park","Medical - During physical activity","Medical - During physical activity","Medical","Fatal Injury","Male","65+","Snorkeling",2014-04-19,2014
"1180","Chesapeake & Ohio Canal National Historical Park","Medical - During physical activity","Medical - During physical activity","Medical","Fatal Injury","Male","55-64","Bicycling",2014-04-22,2014
"1181","Yosemite National Park","Medical - Not during physical activity","Medical - Not during physical activity","Medical","Fatal Injury","Male","65+","Other",2014-04-22,2014
"1182","Glen Canyon National Recreation Area","Vessel Incident","Other Transportation","Unintentional","Fatal Injury","Male","45-54","Other",2014-04-22,2014
"1183","Canaveral National Seashore","Drowning","Drowning","Unintentional","Fatal Injury","Male","45-54","Fishing",2014-04-23,2014
"1184","Mojave National Preserve","Motor Vehicle Crash","Motor Vehicle Crash","Unintentional","Fatal Injury","Male","65+","Driving",2014-04-23,2014
"1185","Badlands National Park","Motor Vehicle Crash","Motor Vehicle Crash","Unintentional","Fatal Injury","Female","15-24","Driving",2014-04-24,2014
"1186","Chattahoochee River National Recreation Area","Suicide","Suicide","Intentional","Fatal Injury","Male","45-54","Suicide",2014-04-24,2014
"1187","Capitol Reef National Park","Medical - During physical activity","Medical - During physical activity","Medical","Fatal Injury","Male","45-54","Hiking",2014-04-26,2014
"1188","Grand Canyon National Park","Suicide","Suicide","Intentional","Fatal Injury","Female","45-54","Suicide",2014-04-28,2014
"1189","Great Smoky Mountains National Park","Medical - Not during physical activity","Medical - Not during physical activity","Medical","Fatal Injury","Male","65+","Other",2014-04-30,2014
"1190","Kaloko-Honokohau National Historical Park","Drowning","Drowning","Unintentional","Fatal Injury","Female","65+","Snorkeling",2014-05-01,2014
"1191","Buffalo National River","Medical - During physical activity","Medical - During physical activity","Medical","Fatal Injury","Male","45-54","Vessel Related",2014-05-02,2014
"1192","Presidio of San Francisco","Medical - Not during physical activity","Medical - Not during physical activity","Medical","Fatal Injury","Male","Not Reported","Not Reported",2014-05-03,2014
"1193","Chattahoochee River National Recreation Area","Suicide","Suicide","Intentional","Fatal Injury","Female","55-64","Suicide",2014-05-03,2014
"1194","Golden Gate National Recreation Area","Undetermined","Undetermined","Undetermined","Fatal Injury","Male","65+","Not Reported",2014-05-04,2014
"1195","Denali National Park & Preserve","Fall","Fall","Unintentional","Fatal Injury","Female","35-44","Climbing",2014-05-05,2014
"1196","Grand Teton National Park","Snowboard Incident","Other Transportation","Unintentional","Fatal Injury","Male","15-24","Snowboarding",2014-05-05,2014
"1197","Blue Ridge Parkway","Suicide","Suicide","Intentional","Fatal Injury","Male","25-34","Suicide",2014-05-08,2014
"1198","Chattahoochee River National Recreation Area","Poisoning - drugs","Poisoning","Unintentional","Fatal Injury","Female","15-24","Not Reported",2014-05-11,2014
"1199","Kennesaw Mountain National Battlefield Park","Medical - During physical activity","Medical - During physical activity","Medical","Fatal Injury","Male","45-54","Hiking",2014-05-12,2014
"1200","North Cascades National Park","Avalanche","Environmental","Unintentional","Fatal Injury","Male","45-54","Driving",2014-05-14,2014
"1201","Big Thicket National Preserve","Drowning","Drowning","Unintentional","Fatal Injury","Male","15-24","Swimming",2014-05-15,2014
"1202","Dry Tortugas National Park","Drowning","Drowning","Unintentional","Fatal Injury","Male","55-64","Snorkeling",2014-05-16,2014
"1203","Amistad National Recreation Area","Fall","Fall","Unintentional","Fatal Injury","Male","15-24","Diving (Land)",2014-05-16,2014
"1204","Capitol Reef National Park","Medical - During physical activity","Medical - During physical activity","Medical","Fatal Injury","Male","65+","Hiking",2014-05-16,2014
"1205","Gulf Islands National Seashore","Drowning","Drowning","Unintentional","Fatal Injury","Male","0-14","Swimming",2014-05-17,2014
"1206","Suitland","Motor Vehicle Crash","Motor Vehicle Crash","Unintentional","Fatal Injury","Male","35-44","Walking",2014-05-17,2014
"1207","Valley Forge National Historical Park","Train crash","Other Transportation","Unintentional","Fatal Injury","Male","35-44","Walking",2014-05-17,2014
"1208","Valley Forge National Historical Park","Train crash","Other Transportation","Unintentional","Fatal Injury","Male","45-54","Walking",2014-05-17,2014
"1209","Yosemite National Park","Fall","Fall","Unintentional","Fatal Injury","Male","45-54","Climbing",2014-05-18,2014
"1210","Lake Mead National Recreation Area","Motor Vehicle Crash","Motor Vehicle Crash","Unintentional","Fatal Injury","Male","25-34","Driving",2014-05-18,2014
"1211","Colorado National Monument","Fall","Fall","Unintentional","Fatal Injury","Male","15-24","Walking",2014-05-20,2014
"1212","Point Reyes National Seashore","Suicide","Suicide","Intentional","Fatal Injury","Female","35-44","Suicide",2014-05-20,2014
"1213","Gulf Islands National Seashore","Drowning","Drowning","Unintentional","Fatal Injury","Male","0-14","Vessel Related",2014-05-24,2014
"1214","Lake Mead National Recreation Area","Medical - During physical activity","Medical - During physical activity","Medical","Fatal Injury","Female","65+","Swimming",2014-05-24,2014
"1215","Upper Delaware Scenic & Recreational River","Drowning","Drowning","Unintentional","Fatal Injury","Male","15-24","Swimming",2014-05-25,2014
"1216","Saint Croix National Scenic Riverway","Drowning","Drowning","Unintentional","Fatal Injury","Male","15-24","Swimming",2014-05-25,2014
"1217","Saratoga National Historical Park","Medical - During physical activity","Medical - During physical activity","Medical","Fatal Injury","Male","65+","Bicycling",2014-05-25,2014
"1218","Acadia National Park","Suicide","Suicide","Intentional","Fatal Injury","Male","15-24","Suicide",2014-05-25,2014
"1219","Gateway National Recreation Area","Undetermined","Undetermined","Undetermined","Fatal Injury","Not Reported","Not Reported","Not Reported",2014-05-25,2014
"1220","Biscayne National Park","Vessel Incident","Other Transportation","Unintentional","Fatal injury","Female","35-44","Vessel Related",2014-05-25,2014
"1221","Blue Ridge Parkway","Suicide","Suicide","Intentional","Fatal Injury","Male","55-64","Suicide",2014-05-26,2014
"1222","Mount Rainier National Park","Fall","Fall","Unintentional","Fatal Injury","Male","25-34","Climbing",2014-05-28,2014
"1223","Mount Rainier National Park","Fall","Fall","Unintentional","Fatal Injury","Male","25-34","Climbing",2014-05-28,2014
"1224","Mount Rainier National Park","Fall","Fall","Unintentional","Fatal Injury","Male","25-34","Climbing",2014-05-28,2014
"1225","Mount Rainier National Park","Fall","Fall","Unintentional","Fatal Injury","Male","35-44","Climbing",2014-05-28,2014
"1226","Mount Rainier National Park","Fall","Fall","Unintentional","Fatal Injury","Male","35-44","Climbing",2014-05-28,2014
"1227","Mount Rainier National Park","Fall","Fall","Unintentional","Fatal Injury","Male","35-44","Climbing",2014-05-28,2014
"1228","Blue Ridge Parkway","Suicide","Suicide","Intentional","Fatal Injury","Male","35-44","Suicide",2014-05-30,2014
"1229","New River Gorge National River","Suicide","Suicide","Intentional","Fatal Injury","Female","35-44","Suicide",2014-05-31,2014
"1230","Channel Islands National Park","Medical - During physical activity","Medical - During physical activity","Medical","Fatal Injury","Female","45-54","Diving - Scuba",2014-06-01,2014
"1231","Buffalo National River","Drowning","Drowning","Unintentional","Fatal Injury","Male","45-54","Swimming",2014-06-02,2014
"1232","Grand Canyon National Park","Medical - During physical activity","Medical - During physical activity","Medical","Fatal Injury","Female","55-64","Vessel Related",2014-06-03,2014
"1233","Grand Canyon National Park","Medical - Not during physical activity","Medical - Not during physical activity","Medical","Fatal Injury","Female","55-64","Other",2014-06-04,2014
"1234","Lake Mead National Recreation Area","Poisoning - drugs","Poisoning","Unintentional","Fatal Injury","Male","55-64","Camping",2014-06-05,2014
"1235","Death Valley National Park","Hyperthermia","Environmental","Unintentional","Fatal Injury","Male","45-54","Walking",2014-06-06,2014
"1236","Rock Creek Park","Undetermined","Undetermined","Undetermined","Fatal Injury","Female","Not Reported","Not Reported",2014-06-06,2014
"1237","Sleeping Bear Dunes National Lakeshore","Medical - During physical activity","Medical - During physical activity","Medical","Fatal Injury","Male","55-64","Hiking",2014-06-07,2014
"1238","Grand Canyon National Park","Medical - Not during physical activity","Medical - Not during physical activity","Medical","Fatal Injury","Male","35-44","Other",2014-06-07,2014
"1239","Chattahoochee River National Recreation Area","Drowning","Drowning","Unintentional","Fatal Injury","Male","15-24","Swimming",2014-06-08,2014
"1240","Natchez Trace Parkway","Suicide","Suicide","Intentional","Fatal Injury","Male","15-24","Suicide",2014-06-08,2014
"1241","Yellowstone National Park","Falling tree/branch","Environmental","Unintentional","Fatal Injury","Male","35-44","Hiking",2014-06-09,2014
"1242","Grand Canyon National Park","Medical - Not during physical activity","Medical - Not during physical activity","Medical","Fatal Injury","Male","55-64","Other",2014-06-09,2014
"1243","Glen Canyon National Recreation Area","Drowning","Drowning","Unintentional","Fatal Injury","Male","15-24","Swimming",2014-06-10,2014
"1244","Rocky Mountain National Park","Fall","Fall","Unintentional","Fatal Injury","Male","25-34","Hiking",2014-06-10,2014
"1245","Grand Canyon National Park","Medical - During physical activity","Medical - During physical activity","Medical","Fatal Injury","Male","35-44","Vessel Related",2014-06-11,2014
"1246","Haleakala National Park","Fall","Fall","Unintentional","Fatal Injury","Female","55-64","Hiking",2014-06-12,2014
"1247","Amistad National Recreation Area","Drowning","Drowning","Unintentional","Fatal Injury","Male","15-24","Swimming",2014-06-13,2014
"1248","Lake Mead National Recreation Area","Drowning","Drowning","Unintentional","Fatal Injury","Male","35-44","Swimming",2014-06-15,2014
"1249","Great Smoky Mountains National Park","Medical - During physical activity","Medical - During physical activity","Medical","Fatal Injury","Male","65+","Walking",2014-06-15,2014
"1250","Death Valley National Park","Suicide","Suicide","Intentional","Fatal Injury","Female","55-64","Suicide",2014-06-16,2014
"1251","Sequoia & Kings Canyon National Parks","Undetermined","Undetermined","Undetermined","Fatal Injury","Male","55-64","Hiking",2014-06-16,2014
"1252","Capitol Reef National Park","Motor Vehicle Crash","Motor Vehicle Crash","Unintentional","Fatal Injury","Female","35-44","Driving",2014-06-18,2014
"1253","Capitol Reef National Park","Motor Vehicle Crash","Motor Vehicle Crash","Unintentional","Fatal Injury","Male","35-44","Driving",2014-06-18,2014
"1254","Ozark National Scenic Riverways","Medical - Not during physical activity","Medical - Not during physical activity","Medical","Fatal Injury","Female","65+","Sleeping",2014-06-20,2014
"1255","Buffalo National River","Motor Vehicle Crash","Motor Vehicle Crash","Unintentional","Fatal Injury","Male","45-54","Driving",2014-06-20,2014
"1256","Glen Canyon National Recreation Area","Drowning","Drowning","Unintentional","Fatal Injury","Female","35-44","Swimming",2014-06-21,2014
"1257","Mount Rainier National Park","Hypothermia","Environmental","Unintentional","Fatal Injury","Female","65+","Hiking",2014-06-21,2014
"1258","Blue Ridge Parkway","Motor Vehicle Crash","Motor Vehicle Crash","Unintentional","Fatal Injury","Female","15-24","Driving",2014-06-21,2014
"1259","Cape Cod National Seashore","Drowning","Drowning","Unintentional","Fatal Injury","Male","25-34","Swimming",2014-06-22,2014
"1260","Lake Mead National Recreation Area","Medical - Not during physical activity","Medical - Not during physical activity","Medical","Fatal Injury","Male","65+","Other",2014-06-22,2014
"1261","Cape Hatteras National Seashore","Collapsing earth/sand","Other","Unintentional","Fatal Injury","Male","45-54","Other",2014-06-23,2014
"1262","Lake Mead National Recreation Area","Motor Vehicle Crash","Motor Vehicle Crash","Unintentional","Fatal Injury","Male","45-54","Driving",2014-06-23,2014
"1263","Redwood National and State Parks","Motor Vehicle Crash","Motor Vehicle Crash","Unintentional","Fatal Injury","Female","35-44","Driving",2014-06-23,2014
"1264","Natchez Trace Parkway","Motor Vehicle Crash","Motor Vehicle Crash","Unintentional","Fatal Injury","Male","65+","Driving",2014-06-24,2014
"1265","Natchez Trace Parkway","Motor Vehicle Crash","Motor Vehicle Crash","Unintentional","Fatal Injury","Female","65+","Driving",2014-06-24,2014
"1266","Sequoia & Kings Canyon National Parks","Medical - During physical activity","Medical - During physical activity","Medical","Fatal Injury","Male","55-64","Other",2014-06-25,2014
"1267","Natchez Trace Parkway","Fall","Fall","Unintentional","Fatal Injury","Male","45-54","Walking",2014-06-28,2014
"1268","Grand Canyon National Park","Medical - During physical activity","Medical - During physical activity","Medical","Fatal Injury","Male","55-64","Hiking",2014-06-29,2014
"1269","Yosemite National Park","Medical - Not during physical activity","Medical - Not during physical activity","Medical","Fatal Injury","Male","55-64","Other",2014-06-30,2014
"1270","Lake Mead National Recreation Area","Drowning","Drowning","Unintentional","Fatal Injury","Male","35-44","Vessel Related",2014-07-02,2014
"1271","Olympic National Park","Medical - Not during physical activity","Medical - Not during physical activity","Medical","Fatal Injury","Male","25-34","Other",2014-07-02,2014
"1272","George Washington Memorial Parkway","Motor Vehicle Crash","Motor Vehicle Crash","Unintentional","Fatal Injury","Male","55-64","Driving",2014-07-02,2014
"1273","Natchez Trace Parkway","Homicide","Homicide","Intentional","Fatal injury","Female","25-34","Homicide",2014-07-03,2014
"1274","Hovenweep National Monument","Motor Vehicle Crash","Motor Vehicle Crash","Unintentional","Fatal Injury","Male","35-44","Driving",2014-07-03,2014
"1275","Shenandoah National Park","Medical - During physical activity","Medical - During physical activity","Medical","Fatal Injury","Male","55-64","Hiking",2014-07-04,2014
"1276","Death Valley National Park","Hyperthermia","Environmental","Unintentional","Fatal Injury","Male","45-54","Hiking",2014-07-06,2014
"1277","Blue Ridge Parkway","Suicide","Suicide","Intentional","Fatal Injury","Male","65+","Suicide",2014-07-09,2014
"1278","Rocky Mountain National Park","Lightning Strike","Environmental","Unintentional","Fatal Injury","Female","35-44","Hiking",2014-07-11,2014
"1279","Grand Canyon National Park","Medical - During physical activity","Medical - During physical activity","Medical","Fatal Injury","Male","45-54","Hiking",2014-07-11,2014
"1280","Glacier National Park","Fall","Fall","Unintentional","Fatal Injury","Female","25-34","Hiking",2014-07-12,2014
"1281","Rocky Mountain National Park","Lightning Strike","Environmental","Unintentional","Fatal Injury","Male","45-54","Walking",2014-07-12,2014
"1282","Saint Croix National Scenic Riverway","Medical - During physical activity","Medical - During physical activity","Medical","Fatal Injury","Male","65+","Fishing",2014-07-12,2014
"1283","Lake Mead National Recreation Area","Motor Vehicle Crash","Motor Vehicle Crash","Unintentional","Fatal Injury","Female","25-34","Driving",2014-07-12,2014
"1284","Mount Rainier National Park","Motor Vehicle Crash","Motor Vehicle Crash","Unintentional","Fatal Injury","Male","55-64","Driving",2014-07-12,2014
"1285","Capitol Reef National Park","Motor Vehicle Crash","Motor Vehicle Crash","Unintentional","Fatal Injury","Male","35-44","Walking",2014-07-12,2014
"1286","Grand Teton National Park","Drowning","Drowning","Unintentional","Fatal Injury","Female","55-64","Vessel Related",2014-07-13,2014
"1287","Grand Teton National Park","Fall","Fall","Unintentional","Fatal Injury","Female","35-44","Climbing",2014-07-14,2014
"1288","Pinnacles National Park","Fall","Fall","Unintentional","Fatal Injury","Male","45-54","Climbing",2014-07-15,2014
"1289","Rocky Mountain National Park","Medical - During physical activity","Medical - During physical activity","Medical","Fatal Injury","Female","65+","Walking",2014-07-15,2014
"1290","Santa Monica Mountains National Recreation Area","Suicide","Suicide","Intentional","Fatal Injury","Male","25-34","Suicide",2014-07-15,2014
"1291","Grand Teton National Park","Motor Vehicle Crash","Motor Vehicle Crash","Unintentional","Fatal Injury","Male","45-54","Driving",2014-07-16,2014
"1292","Independence National Historical Park","Suicide","Suicide","Intentional","Fatal Injury","Male","45-54","Suicide",2014-07-16,2014
"1293","Gateway National Recreation Area","Medical - Not during physical activity","Medical - Not during physical activity","Medical","Fatal Injury","Male","55-64","Other",2014-07-18,2014
"1294","Lake Mead National Recreation Area","Motor Vehicle Crash","Motor Vehicle Crash","Unintentional","Fatal Injury","Male","45-54","Driving",2014-07-18,2014
"1295","Biscayne National Park","Aircraft incident","Other Transportation","Unintentional","Fatal injury","Male","45-54","Flying",2014-07-20,2014
"1296","Lake Mead National Recreation Area","Drowning","Drowning","Unintentional","Fatal Injury","Male","45-54","Swimming",2014-07-20,2014
"1297","Grand Canyon National Park","Medical - Not during physical activity","Medical - Not during physical activity","Medical","Fatal Injury","Male","65+","Other",2014-07-20,2014
"1298","Golden Gate National Recreation Area","Suicide","Suicide","Intentional","Fatal Injury","Male","65+","Suicide",2014-07-21,2014
"1299","Lake Mead National Recreation Area","Drowning","Drowning","Unintentional","Fatal Injury","Male","25-34","Swimming",2014-07-22,2014
"1300","Grand Teton National Park","Fall","Fall","Unintentional","Fatal Injury","Male","35-44","Hiking",2014-07-22,2014
"1301","Canyonlands National Park","Medical - During physical activity","Medical - During physical activity","Medical","Fatal Injury","Male","45-54","Hiking",2014-07-22,2014
"1302","Cape Hatteras National Seashore","Drowning","Drowning","Unintentional","Fatal Injury","Male","55-64","Vessel Related",2014-07-23,2014
"1303","Cumberland Gap National Historical Park","Medical - Not during physical activity","Medical - Not during physical activity","Medical","Fatal Injury","Male","55-64","Driving",2014-07-25,2014
"1304","Rocky Mountain National Park","Suicide","Suicide","Intentional","Fatal Injury","Male","15-24","Suicide",2014-07-25,2014
"1305","Glen Canyon National Recreation Area","Medical - Not during physical activity","Medical - Not during physical activity","Medical","Fatal Injury","Male","55-64","Other",2014-07-26,2014
"1306","National Mall & Memorial Parks","Medical - Not during physical activity","Medical - Not during physical activity","Medical","Fatal Injury","Female","45-54","Other",2014-07-26,2014
"1307","Cape Hatteras National Seashore","Drowning","Drowning","Unintentional","Fatal Injury","Male","45-54","Snorkeling",2014-07-28,2014
"1308","Glacier National Park","Medical - During physical activity","Medical - During physical activity","Medical","Fatal Injury","Male","65+","Hiking",2014-07-28,2014
"1309","Sequoia & Kings Canyon National Parks","Fall","Fall","Unintentional","Fatal Injury","Male","65+","Hiking",2014-07-30,2014
"1310","Grand Teton National Park","Medical - During physical activity","Medical - During physical activity","Medical","Fatal Injury","Male","35-44","Hiking",2014-08-01,2014
"1311","Grand Teton National Park","Undetermined","Undetermined","Undetermined","Fatal Injury","Male","35-44","Hiking",2014-08-03,2014
"1312","Sequoia & Kings Canyon National Parks","Medical - During physical activity","Medical - During physical activity","Medical","Fatal Injury","Male","55-64","Hiking",2014-08-05,2014
"1313","Chesapeake & Ohio Canal National Historical Park","Motor Vehicle Crash","Motor Vehicle Crash","Unintentional","Fatal injury","Male","Not Reported","Driving",2014-08-05,2014
"1314","Natchez Trace Parkway","Motor Vehicle Crash","Motor Vehicle Crash","Unintentional","Fatal Injury","Male","55-64","Driving",2014-08-05,2014
"1315","Wind Cave National Park","Motor Vehicle Crash","Motor Vehicle Crash","Unintentional","Fatal Injury","Male","65+","Driving",2014-08-05,2014
"1316","Channel Islands National Park","Undetermined","Undetermined","Undetermined","Fatal Injury","Male","55-64","Vessel Related",2014-08-05,2014
"1317","Cape Hatteras National Seashore","Drowning","Drowning","Unintentional","Fatal Injury","Male","35-44","Swimming",2014-08-06,2014
"1318","Grand Canyon National Park","Fall","Fall","Unintentional","Fatal Injury","Male","35-44","Hiking",2014-08-06,2014
"1319","Natchez Trace Parkway","Motor Vehicle Crash","Motor Vehicle Crash","Unintentional","Fatal Injury","Male","55-64","Driving",2014-08-06,2014
"1320","Natchez Trace Parkway","Motor Vehicle Crash","Motor Vehicle Crash","Unintentional","Fatal Injury","Female","55-64","Driving",2014-08-06,2014
"1321","Gulf Islands National Seashore","Drowning","Drowning","Unintentional","Fatal Injury","Male","55-64","Vessel Related",2014-08-08,2014
"1322","Assateague Island National Seashore","Drowning","Drowning","Unintentional","Fatal Injury","Male","25-34","Swimming",2014-08-09,2014
"1323","Saint Croix National Scenic Riverway","Drowning","Drowning","Unintentional","Fatal Injury","Male","25-34","Swimming",2014-08-09,2014
"1324","Wrangell - St Elias National Park & Reserve","Drowning","Drowning","Unintentional","Fatal Injury","Male","45-54","Vessel Related",2014-08-10,2014
"1325","Yellowstone National Park","Drowning","Drowning","Unintentional","Fatal Injury","Male","15-24","Vessel Related",2014-08-11,2014
"1326","Yellowstone National Park","Medical - During physical activity","Medical - During physical activity","Medical","Fatal Injury","Female","35-44","Driving",2014-08-13,2014
"1327","Lake Mead National Recreation Area","Drowning","Drowning","Unintentional","Fatal Injury","Male","15-24","Swimming",2014-08-14,2014
"1328","Glen Canyon National Recreation Area","Drowning","Drowning","Unintentional","Fatal Injury","Male","15-24","Swimming",2014-08-14,2014
"1329","Lake Mead National Recreation Area","Drowning","Drowning","Unintentional","Fatal Injury","Male","25-34","Swimming",2014-08-16,2014
"1330","Yosemite National Park","Fall","Fall","Unintentional","Fatal Injury","Male","35-44","Climbing",2014-08-16,2014
"1331","Yellowstone National Park","Fall","Fall","Unintentional","Fatal Injury","Female","0-14","Hiking",2014-08-17,2014
"1332","Grand Canyon National Park","Medical - Not during physical activity","Medical - Not during physical activity","Medical","Fatal Injury","Female","65+","Other",2014-08-17,2014
"1333","Sequoia & Kings Canyon National Parks","Fall","Fall","Unintentional","Fatal Injury","Male","45-54","Hiking",2014-08-18,2014
"1334","Lake Roosevelt National Recreation Area","Medical - During physical activity","Medical - During physical activity","Medical","Fatal Injury","Male","65+","Vessel Related",2014-08-19,2014
"1335","Grand Teton National Park","Fall","Fall","Unintentional","Fatal Injury","Male","15-24","Hiking",2014-08-20,2014
"1336","Death Valley National Park","Drowning","Drowning","Unintentional","Fatal Injury","Male","35-44","Swimming",2014-08-21,2014
"1337","Cuyahoga Valley National Park","Suicide","Suicide","Intentional","Fatal Injury","Female","25-34","Suicide",2014-08-21,2014
"1338","Cape Hatteras National Seashore","Drowning","Drowning","Unintentional","Fatal Injury","Male","25-34","Wading",2014-08-22,2014
"1339","Natchez Trace Parkway","Motor Vehicle Crash","Motor Vehicle Crash","Unintentional","Fatal Injury","Female","25-34","Driving",2014-08-22,2014
"1340","Big South Fork National River and Recreation Area","Fall","Fall","Unintentional","Fatal Injury","Male","15-24","Other",2014-08-23,2014
"1341","Natchez Trace Parkway","Motor Vehicle Crash","Motor Vehicle Crash","Unintentional","Fatal Injury","Male","65+","Driving",2014-08-24,2014
"1342","Gateway National Recreation Area","Drowning","Drowning","Unintentional","Fatal Injury","Male","15-24","Wading",2014-08-26,2014
"1343","Yellowstone National Park","Suicide","Suicide","Intentional","Fatal Injury","Female","15-24","Suicide",2014-08-26,2014
"1344","Mesa Verde National Park","Suicide","Suicide","Intentional","Fatal Injury","Male","45-54","Suicide",2014-08-28,2014
"1345","Blue Ridge Parkway","Motor Vehicle Crash","Motor Vehicle Crash","Unintentional","Fatal Injury","Male","65+","Driving",2014-08-29,2014
"1346","Presidio of San Francisco","Suicide","Suicide","Intentional","Fatal Injury","Male","45-54","Suicide",2014-08-29,2014
"1347","Anacostia Park","Medical - Not during physical activity","Medical - Not during physical activity","Medical","Fatal Injury","Male","55-64","Other",2014-08-30,2014
"1348","Gateway National Recreation Area","Suicide","Suicide","Intentional","Fatal Injury","Male","35-44","Suicide",2014-08-30,2014
"1349","Chesapeake & Ohio Canal National Historical Park","Rockfall","Environmental","Unintentional","Fatal Injury","Male","25-34","Climbing",2014-08-31,2014
"1350","Point Reyes National Seashore","Drowning","Drowning","Unintentional","Fatal Injury","Male","15-24","Swimming",2014-09-01,2014
"1351","Curecanti National Recreation Area","Drowning","Drowning","Unintentional","Fatal Injury","Male","65+","Vessel Related",2014-09-03,2014
"1352","Natchez Trace Parkway","Motor Vehicle Crash","Motor Vehicle Crash","Unintentional","Fatal Injury","Male","35-44","Driving",2014-09-03,2014
"1353","Lake Clark National Park & Preserve","Undetermined","Undetermined","Undetermined","Fatal Injury","Male","25-34","Hiking",2014-09-03,2014
"1354","Lake Clark National Park & Preserve","Undetermined","Undetermined","Undetermined","Fatal Injury","Male","25-34","Hiking",2014-09-03,2014
"1355","Grand Canyon National Park","Medical - Not during physical activity","Medical - Not during physical activity","Medical","Fatal Injury","Male","65+","Other",2014-09-04,2014
"1356","Grand Canyon National Park","Medical - Not during physical activity","Medical - Not during physical activity","Medical","Fatal Injury","Male","65+","Other",2014-09-04,2014
"1357","Grand Teton National Park","Vessel Incident","Other Transportation","Unintentional","Fatal Injury","Male","65+","Vessel Related",2014-09-04,2014
"1358","Cumberland Gap National Historical Park","Motor Vehicle Crash","Motor Vehicle Crash","Unintentional","Fatal Injury","Male","25-34","Driving",2014-09-05,2014
"1359","Yosemite National Park","Fall","Fall","Unintentional","Fatal Injury","Male","65+","Canyoneering",2014-09-06,2014
"1360","North Cascades National Park","Medical - During physical activity","Medical - During physical activity","Medical","Fatal Injury","Female","55-64","Bicycling",2014-09-06,2014
"1361","Lake Mead National Recreation Area","Medical - Not during physical activity","Medical - Not during physical activity","Medical","Fatal Injury","Female","35-44","Other",2014-09-06,2014
"1362","Joshua Tree National Park","Hyperthermia","Environmental","Unintentional","Fatal Injury","Female","65+","Walking",2014-09-08,2014
"1363","Delaware Water Gap National Recreation Area","Suicide","Suicide","Intentional","Fatal Injury","Male","25-34","Suicide",2014-09-10,2014
"1364","Rock Creek Park","Undetermined","Undetermined","Undetermined","Fatal Injury","Not Reported","Not Reported","Not Reported",2014-09-11,2014
"1365","Valley Forge National Historical Park","Electrocution","Other","Unintentional","Fatal Injury","Male","35-44","Illegal activity",2014-09-13,2014
"1366","Glen Canyon National Recreation Area","Fall","Fall","Unintentional","Fatal Injury","Male","15-24","Base jumping",2014-09-13,2014
"1367","Baltimore-Washington Parkway","Motor Vehicle Crash","Motor Vehicle Crash","Unintentional","Fatal Injury","Male","35-44","Other",2014-09-14,2014
"1368","Sleeping Bear Dunes National Lakeshore","Drowning","Drowning","Unintentional","Fatal Injury","Male","65+","Fishing",2014-09-15,2014
"1369","Rocky Mountain National Park","Suicide","Suicide","Intentional","Fatal Injury","Male","25-34","Suicide",2014-09-17,2014
"1370","Glacier National Park","Fall","Fall","Unintentional","Fatal Injury","Male","15-24","Walking",2014-09-19,2014
"1371","Grand Canyon National Park","Medical - During physical activity","Medical - During physical activity","Medical","Fatal Injury","Male","45-54","Hiking",2014-09-19,2014
"1372","Ozark National Scenic Riverways","Medical - During physical activity","Medical - During physical activity","Medical","Fatal Injury","Male","65+","Vessel Related",2014-09-20,2014
"1373","Valley Forge National Historical Park","Fire/burn","Other","Unintentional","Fatal Injury","Female","65+","Not Reported",2014-09-22,2014
"1374","Glen Canyon National Recreation Area","Medical - Not during physical activity","Medical - Not during physical activity","Medical","Fatal Injury","Male","55-64","Other",2014-09-23,2014
"1375","Baltimore-Washington Parkway","Motor Vehicle Crash","Motor Vehicle Crash","Unintentional","Fatal Injury","Male","15-24","Driving",2014-09-24,2014
"1376","Rock Creek Park","Suicide","Suicide","Intentional","Fatal Injury","Female","Not Reported","Suicide",2014-09-24,2014
"1377","Lake Mead National Recreation Area","Drowning","Drowning","Unintentional","Fatal Injury","Male","35-44","Swimming",2014-09-25,2014
"1378","Gulf Islands National Seashore","Drowning","Drowning","Unintentional","Fatal Injury","Male","65+","Vessel Related",2014-09-26,2014
"1379","Indiana Dunes National Park","Drowning","Drowning","Unintentional","Fatal Injury","Male","25-34","Swimming",2014-09-26,2014
"1380","Cape Cod National Seashore","Suicide","Suicide","Intentional","Fatal Injury","Female","55-64","Suicide",2014-09-26,2014
"1381","Zion National Park","Drowning","Drowning","Unintentional","Fatal Injury","Male","25-34","Not Reported",2014-09-27,2014
"1382","Great Smoky Mountains National Park","Medical - Not during physical activity","Medical - Not during physical activity","Medical","Fatal Injury","Male","55-64","Other",2014-09-27,2014
"1383","Yosemite National Park","Medical - During physical activity","Medical - During physical activity","Medical","Fatal Injury","Male","55-64","Hiking",2014-09-30,2014
"1384","Yosemite National Park","Medical - During physical activity","Medical - During physical activity","Medical","Fatal Injury","Male","65+","Walking",2014-09-30,2014
"1385","Point Reyes National Seashore","Suicide","Suicide","Intentional","Fatal Injury","Male","55-64","Suicide",2014-09-30,2014
"1386","Point Reyes National Seashore","Undetermined","Undetermined","Undetermined","Fatal Injury","Female","65+","Not Reported",2014-09-30,2014
"1387","Natchez Trace Parkway","Motor Vehicle Crash","Motor Vehicle Crash","Unintentional","Fatal Injury","Female","65+","Driving",2014-10-01,2014
"1388","Great Smoky Mountains National Park","Motor Vehicle Crash","Motor Vehicle Crash","Unintentional","Fatal Injury","Female","25-34","Driving",2014-10-04,2014
"1389","Glacier National Park","Medical - During physical activity","Medical - During physical activity","Medical","Fatal Injury","Male","65+","Hiking",2014-10-06,2014
"1390","Great Smoky Mountains National Park","Motor Vehicle Crash","Motor Vehicle Crash","Unintentional","Fatal Injury","Female","35-44","Driving",2014-10-09,2014
"1391","Golden Gate National Recreation Area","Drowning","Drowning","Unintentional","Fatal Injury","Male","55-64","Fishing",2014-10-12,2014
"1392","Catoctin Mountain Park","Medical - During physical activity","Medical - During physical activity","Medical","Fatal Injury","Male","65+","Hiking",2014-10-14,2014
"1393","Santa Monica Mountains National Recreation Area","Fall","Fall","Unintentional","Fatal Injury","Male","65+","Walking",2014-10-18,2014
"1394","Natchez Trace Parkway","Motor Vehicle Crash","Motor Vehicle Crash","Unintentional","Fatal Injury","Male","25-34","Driving",2014-10-18,2014
"1395","Zion National Park","Fall","Fall","Unintentional","Fatal Injury","Male","45-54","Climbing",2014-10-19,2014
"1396","El Morro National Monument","Medical - During physical activity","Medical - During physical activity","Medical","Fatal Injury","Male","65+","Hiking",2014-10-22,2014
"1397","Redwood National and State Parks","Suicide","Suicide","Intentional","Fatal Injury","Male","25-34","Suicide",2014-10-24,2014
"1398","Grand Canyon National Park","Medical - Not during physical activity","Medical - Not during physical activity","Medical","Fatal Injury","Female","55-64","Other",2014-10-25,2014
"1399","Chesapeake & Ohio Canal National Historical Park","Undetermined","Undetermined","Undetermined","Fatal Injury","Male","55-64","Not Reported",2014-10-27,2014
"1400","Golden Gate National Recreation Area","Fall","Fall","Unintentional","Fatal Injury","Female","Not Reported","Hiking",2014-10-30,2014
"1401","Gateway National Recreation Area","Medical - During physical activity","Medical - During physical activity","Medical","Fatal Injury","Male","65+","Vessel Related",2014-10-30,2014
"1402","Joshua Tree National Park","Medical - During physical activity","Medical - During physical activity","Medical","Fatal Injury","Male","65+","Hiking",2014-11-02,2014
"1403","Mount Rushmore National Memorial","Suicide","Suicide","Intentional","Fatal Injury","Male","35-44","Suicide",2014-11-05,2014
"1404","Death Valley National Park","Medical - Not during physical activity","Medical - Not during physical activity","Medical","Fatal Injury","Female","65+","Sleeping",2014-11-06,2014
"1405","Natchez Trace Parkway","Suicide","Suicide","Intentional","Fatal Injury","Male","55-64","Suicide",2014-11-10,2014
"1406","Grand Canyon National Park","Medical - During physical activity","Medical - During physical activity","Medical","Fatal Injury","Male","55-64","Walking",2014-11-11,2014
"1407","Big South Fork National River and Recreation Area","Medical - During physical activity","Medical - During physical activity","Medical","Fatal Injury","Male","55-64","Bicycling",2014-11-13,2014
"1408","Rocky Mountain National Park","Hypothermia","Environmental","Unintentional","Fatal Injury","Male","25-34","Climbing",2014-11-16,2014
"1409","Sequoia & Kings Canyon National Parks","Medical - Not during physical activity","Medical - Not during physical activity","Medical","Fatal Injury","Male","55-64","Other",2014-11-20,2014
"1410","Natchez Trace Parkway","Motor Vehicle Crash","Motor Vehicle Crash","Unintentional","Fatal Injury","Male","25-34","Driving",2014-11-22,2014
"1411","Natchez Trace Parkway","Motor Vehicle Crash","Motor Vehicle Crash","Unintentional","Fatal Injury","Male","55-64","Driving",2014-11-23,2014
"1412","Valley Forge National Historical Park","Motor Vehicle Crash","Motor Vehicle Crash","Unintentional","Fatal Injury","Female","65+","Driving",2014-11-26,2014
"1413","Redwood National and State Parks","Drowning","Drowning","Unintentional","Fatal Injury","Male","55-64","Vessel Related",2014-11-29,2014
"1414","Big Bend National Park","Medical - During physical activity","Medical - During physical activity","Medical","Fatal Injury","Male","55-64","Walking",2014-11-29,2014
"1415","Golden Gate National Recreation Area","Suicide","Suicide","Intentional","Fatal Injury","Male","55-64","Suicide",2014-12-09,2014
"1416","Point Reyes National Seashore","Suicide","Suicide","Intentional","Fatal Injury","Male","55-64","Suicide",2014-12-10,2014
"1417","Amistad National Recreation Area","Medical - During physical activity","Medical - During physical activity","Medical","Fatal Injury","Male","45-54","Vessel Related",2014-12-13,2014
"1418","Rock Creek Park","Medical - Unknown","Medical - Unknown","Medical","Fatal Injury","Male","Not Reported","Not Reported",2014-12-13,2014
"1419","National Mall & Memorial Parks","Medical - Not during physical activity","Medical - Not during physical activity","Medical","Fatal Injury","Female","65+","Other",2014-12-18,2014
"1420","Great Smoky Mountains National Park","Undetermined","Undetermined","Undetermined","Fatal Injury","Male","65+","Driving",2014-12-19,2014
"1421","Lake Mead National Recreation Area","Medical - Not during physical activity","Medical - Not during physical activity","Medical","Fatal Injury","Male","55-64","Other",2014-12-22,2014
"1422","Denali National Park & Preserve","Motor Vehicle Crash","Motor Vehicle Crash","Unintentional","Fatal Injury","Male","25-34","Driving",2014-12-22,2014
"1423","Denali National Park & Preserve","Motor Vehicle Crash","Motor Vehicle Crash","Unintentional","Fatal Injury","Male","45-54","Driving",2014-12-22,2014
"1424","Olympic National Park","Hypothermia","Environmental","Unintentional","Fatal Injury","Male","55-64","Hiking",2014-12-24,2014
"1425","Mount Rainier National Park","Hypothermia","Environmental","Unintentional","Fatal Injury","Male","35-44","Hiking",2014-12-27,2014
"1426","Colorado National Monument","Suicide","Suicide","Intentional","Fatal Injury","Male","25-34","Suicide",2014-12-28,2014
"1427","Mojave National Preserve","Undetermined","Undetermined","Undetermined","Fatal Injury","Male","55-64","Camping",2014-12-28,2014
"1428","Shenandoah National Park","Medical - During physical activity","Medical - During physical activity","Medical","Fatal Injury","Male","65+","Hiking",2014-12-31,2014
"1429","Lake Mead National Recreation Area","Suicide","Suicide","Intentional","Fatal Injury","Male","35-44","Suicide",2015-01-09,2015
"1430","Independence National Historical Park","Poisoning - drugs","Poisoning","Unintentional","Fatal Injury","Male","45-54","Other",2015-01-16,2015
"1431","Presidio of San Francisco","Medical - Unknown","Medical - Unknown","Medical","Fatal Injury","Male","65+","Not Reported",2015-01-17,2015
"1432","Death Valley National Park","Motor Vehicle Crash","Motor Vehicle Crash","Unintentional","Fatal Injury","Female","45-54","Driving",2015-01-17,2015
"1433","Gulf Islands National Seashore","Drowning","Drowning","Unintentional","Fatal Injury","Male","Not Reported","Not Reported",2015-01-18,2015
"1434","Natchez Trace Parkway","Motor Vehicle Crash","Motor Vehicle Crash","Unintentional","Fatal Injury","Male","55-64","Driving",2015-01-18,2015
"1435","Natchez Trace Parkway","Suicide","Suicide","Intentional","Fatal Injury","Male","15-24","Suicide",2015-01-22,2015
"1436","Great Basin National Park","Suicide","Suicide","Intentional","Fatal Injury","Male","25-34","Suicide",2015-01-23,2015
"1437","Yellowstone National Park","Hypothermia","Environmental","Unintentional","Fatal Injury","Male","45-54","Hiking",2015-01-24,2015
"1438","Yosemite National Park","Fall","Fall","Unintentional","Fatal Injury","Male","15-24","Climbing",2015-01-25,2015
"1439","Gateway National Recreation Area","Suicide","Suicide","Intentional","Fatal Injury","Male","25-34","Suicide",2015-01-25,2015
"1440","Lake Roosevelt National Recreation Area","Poisoning - drugs","Poisoning","Unintentional","Fatal Injury","Male","25-34","Other",2015-01-27,2015
"1441","Chickasaw National Recreation Area","Medical - During physical activity","Medical - During physical activity","Medical","Fatal Injury","Male","65+","Playing Sports",2015-01-29,2015
"1442","Home Of Franklin D Roosevelt National Historic Site","Electrocution","Other","Unintentional","Fatal Injury","Male","15-24","Walking",2015-01-31,2015
"1443","Baltimore-Washington Parkway","Motor Vehicle Crash","Motor Vehicle Crash","Unintentional","Fatal Injury","Male","35-44","Walking",2015-02-01,2015
"1444","Olympic National Park","Suicide","Suicide","Intentional","Fatal Injury","Male","45-54","Suicide",2015-02-04,2015
"1445","Hawaii Volcanoes National Park","Medical - During physical activity","Medical - During physical activity","Medical","Fatal Injury","Male","65+","Hiking",2015-02-05,2015
"1446","Congaree National Park","Suicide","Suicide","Intentional","Fatal Injury","Male","55-64","Suicide",2015-02-05,2015
"1447","Everglades National Park","Drowning","Drowning","Unintentional","Fatal Injury","Male","65+","Vessel Related",2015-02-07,2015
"1448","Gateway National Recreation Area","Suicide","Suicide","Intentional","Fatal Injury","Female","45-54","Suicide",2015-02-07,2015
"1449","Grand Canyon National Park","Medical - Not during physical activity","Medical - Not during physical activity","Medical","Fatal Injury","Male","45-54","Not Reported",2015-02-09,2015
"1450","Death Valley National Park","Suicide","Suicide","Intentional","Fatal Injury","Male","25-34","Suicide",2015-02-10,2015
"1451","Grand Canyon National Park","Medical - During physical activity","Medical - During physical activity","Medical","Fatal Injury","Male","65+","Hiking",2015-02-12,2015
"1452","Redwood National and State Parks","Drowning","Drowning","Unintentional","Fatal Injury","Male","25-34","Swimming",2015-02-13,2015
"1453","Golden Gate National Recreation Area","Drowning","Drowning","Unintentional","Fatal Injury","Male","35-44","Swimming",2015-02-14,2015
"1454","Lake Mead National Recreation Area","Medical - Not during physical activity","Medical - Not during physical activity","Medical","Fatal Injury","Male","55-64","Sitting",2015-02-14,2015
"1455","National Mall & Memorial Parks","Suicide","Suicide","Intentional","Fatal Injury","Male","45-54","Suicide",2015-02-18,2015
"1456","Virgin Islands National Park","Motor Vehicle Crash","Motor Vehicle Crash","Unintentional","Fatal Injury","Male","Not Reported","Driving",2015-02-20,2015
"1457","Chesapeake & Ohio Canal National Historical Park","Medical - During physical activity","Medical - During physical activity","Medical","Fatal Injury","Male","55-64","Other",2015-02-21,2015
"1458","Virgin Islands National Park","Drowning","Drowning","Unintentional","Fatal Injury","Male","65+","Snorkeling",2015-02-22,2015
"1459","Lake Mead National Recreation Area","Drowning","Drowning","Unintentional","Fatal Injury","Male","25-34","Vessel Related",2015-02-27,2015
"1460","Mammoth Cave National Park","Motor Vehicle Crash","Motor Vehicle Crash","Unintentional","Fatal Injury","Female","45-54","Driving",2015-03-03,2015
"1461","Mammoth Cave National Park","Motor Vehicle Crash","Motor Vehicle Crash","Unintentional","Fatal Injury","Male","45-54","Driving",2015-03-03,2015
"1462","Guadalupe Mountains National Park","Motor Vehicle Crash","Motor Vehicle Crash","Unintentional","Fatal Injury","Male","55-64","Driving",2015-03-05,2015
"1463","Anacostia Park","Undetermined","Undetermined","Undetermined","Fatal Injury","Not Reported","Not Reported","Not Reported",2015-03-11,2015
"1464","Lake Mead National Recreation Area","Medical - Not during physical activity","Medical - Not during physical activity","Medical","Fatal Injury","Female","45-54","Other",2015-03-13,2015
"1465","Lake Mead National Recreation Area","Motor Vehicle Crash","Motor Vehicle Crash","Unintentional","Fatal Injury","Male","65+","Driving",2015-03-14,2015
"1466","Appalachian National Scenic Trail","Falling tree/branch","Environmental","Unintentional","Fatal Injury","Male","35-44","Hiking",2015-03-15,2015
"1467","Baltimore-Washington Parkway","Motor Vehicle Crash","Motor Vehicle Crash","Unintentional","Fatal Injury","Male","15-24","Driving",2015-03-20,2015
"1468","Point Reyes National Seashore","Rockfall","Environmental","Unintentional","Fatal Injury","Female","55-64","Hiking",2015-03-21,2015
"1469","Natchez Trace Parkway","Suicide","Suicide","Intentional","Fatal Injury","Male","35-44","Suicide",2015-03-21,2015
"1470","Big Cypress National Preserve","Suicide","Suicide","Intentional","Fatal Injury","Male","35-44","Suicide",2015-03-21,2015
"1471","Dry Tortugas National Park","Medical - During physical activity","Medical - During physical activity","Medical","Fatal Injury","Male","65+","Snorkeling",2015-03-23,2015
"1472","Redwood National and State Parks","Drowning","Drowning","Unintentional","Fatal Injury","Male","15-24","Swimming",2015-03-24,2015
"1473","Ozark National Scenic Riverways","Undetermined","Undetermined","Undetermined","Fatal Injury","Male","65+","Other",2015-03-31,2015
"1474","Lake Mead National Recreation Area","Drowning","Drowning","Unintentional","Fatal Injury","Male","15-24","Swimming",2015-04-01,2015
"1475","Wrangell - St Elias National Park & Reserve","Fall","Fall","Unintentional","Fatal Injury","Male","55-64","Walking",2015-04-01,2015
"1476","Virgin Islands National Park","Medical - During physical activity","Medical - During physical activity","Medical","Fatal Injury","Male","45-54","Swimming",2015-04-06,2015
"1477","Grand Canyon National Park","Medical - During physical activity","Medical - During physical activity","Medical","Fatal Injury","Male","35-44","Hiking",2015-04-08,2015
"1478","Blue Ridge Parkway","Medical - Not during physical activity","Medical - Not during physical activity","Medical","Fatal Injury","Male","55-64","Driving",2015-04-08,2015
"1479","Natchez Trace Parkway","Suicide","Suicide","Intentional","Fatal Injury","Male","25-34","Suicide",2015-04-08,2015
"1480","Death Valley National Park","Motor Vehicle Crash","Motor Vehicle Crash","Unintentional","Fatal Injury","Male","65+","Driving",2015-04-14,2015
"1481","Point Reyes National Seashore","Vessel Incident","Other Transportation","Unintentional","Fatal injury","Male","25-34","Vessel Related",2015-04-17,2015
"1482","Point Reyes National Seashore","Vessel Incident","Other Transportation","Unintentional","Fatal injury","Male","35-44","Vessel Related",2015-04-17,2015
"1483","Point Reyes National Seashore","Vessel Incident","Other Transportation","Unintentional","Fatal injury","Male","55-64","Vessel Related",2015-04-17,2015
"1484","Point Reyes National Seashore","Vessel Incident","Other Transportation","Unintentional","Fatal injury","Female","55-64","Vessel Related",2015-04-17,2015
"1485","Great Smoky Mountains National Park","Motor Vehicle Crash","Motor Vehicle Crash","Unintentional","Fatal Injury","Male","45-54","Driving",2015-04-18,2015
"1486","Natchez Trace Parkway","Medical - During physical activity","Medical - During physical activity","Medical","Fatal Injury","Male","65+","Bicycling",2015-04-20,2015
"1487","Chattahoochee River National Recreation Area","Drowning","Drowning","Unintentional","Fatal Injury","Male","15-24","Swimming",2015-04-21,2015
"1488","Guadalupe Mountains National Park","Undetermined","Undetermined","Undetermined","Fatal Injury","Male","25-34","Other",2015-04-22,2015
"1489","Natchez Trace Parkway","Medical - During physical activity","Medical - During physical activity","Medical","Fatal Injury","Male","45-54","Bicycling",2015-04-23,2015
"1490","National Mall & Memorial Parks","Medical - During physical activity","Medical - During physical activity","Medical","Fatal Injury","Male","55-64","Walking",2015-04-23,2015
"1491","Buffalo National River","Suicide","Suicide","Intentional","Fatal Injury","Male","25-34","Suicide",2015-04-24,2015
"1492","George Washington Memorial Parkway","Motor Vehicle Crash","Motor Vehicle Crash","Unintentional","Fatal Injury","Male","15-24","Driving",2015-04-25,2015
"1493","Yellowstone National Park","Undetermined","Undetermined","Undetermined","Fatal Injury","Not Reported","Not Reported","Not Reported",2015-04-25,2015
"1494","Minute Man National Historical Park","Undetermined","Undetermined","Undetermined","Fatal Injury","Not Reported","Not Reported","Not Reported",2015-04-26,2015
"1495","Great Smoky Mountains National Park","Medical - During physical activity","Medical - During physical activity","Medical","Fatal Injury","Male","65+","Photographing",2015-04-27,2015
"1496","Mammoth Cave National Park","Medical - Not during physical activity","Medical - Not during physical activity","Medical","Fatal Injury","Male","35-44","Other",2015-04-27,2015
"1497","Amistad National Recreation Area","Undetermined","Undetermined","Undetermined","Fatal Injury","Not Reported","Not Reported","Not Reported",2015-04-29,2015
"1498","Grand Canyon National Park","Fall","Fall","Unintentional","Fatal Injury","Male","25-34","Walking",2015-04-30,2015
"1499","Lake Mead National Recreation Area","Medical - During physical activity","Medical - During physical activity","Medical","Fatal Injury","Male","55-64","Bicycling",2015-05-01,2015
"1500","Kenilworth Park & Aquatic Gardens","Medical - During physical activity","Medical - During physical activity","Medical","Fatal Injury","Male","65+","Walking",2015-05-01,2015
"1501","Saint Croix National Scenic Riverway","Suicide","Suicide","Intentional","Fatal Injury","Male","35-44","Suicide",2015-05-04,2015
"1502","Grand Canyon National Park","Suicide","Suicide","Intentional","Fatal Injury","Male","25-34","Suicide",2015-05-05,2015
"1503","Lake Roosevelt National Recreation Area","Medical - Not during physical activity","Medical - Not during physical activity","Medical","Fatal Injury","Female","Not Reported","Sleeping",2015-05-07,2015
"1504","Glacier National Park","Medical - During physical activity","Medical - During physical activity","Medical","Fatal Injury","Male","65+","Other",2015-05-09,2015
"1505","Natchez Trace Parkway","Motor Vehicle Crash","Motor Vehicle Crash","Unintentional","Fatal Injury","Female","55-64","Driving",2015-05-09,2015
"1506","Blue Ridge Parkway","Bicycle only crash","Other Transportation","Unintentional","Fatal injury","Male","65+","Bicycling",2015-05-10,2015
"1507","Denali National Park & Preserve","Undetermined","Undetermined","Undetermined","Fatal Injury","Male","35-44","Climbing",2015-05-10,2015
"1508","Blue Ridge Parkway","Suicide","Suicide","Intentional","Fatal Injury","Male","65+","Suicide",2015-05-11,2015
"1509","Grand Canyon National Park","Medical - Not during physical activity","Medical - Not during physical activity","Medical","Fatal Injury","Male","55-64","Other",2015-05-15,2015
"1510","Yosemite National Park","Fall","Fall","Unintentional","Fatal Injury","Male","25-34","Base jumping",2015-05-16,2015
"1511","Yosemite National Park","Fall","Fall","Unintentional","Fatal Injury","Male","35-44","Base jumping",2015-05-16,2015
"1512","Grand Teton National Park","Avalanche","Environmental","Unintentional","Fatal Injury","Male","35-44","Hiking",2015-05-17,2015
"1513","Grand Teton National Park","Avalanche","Environmental","Unintentional","Fatal Injury","Male","35-44","Hiking",2015-05-17,2015
"1514","Rock Creek Park","Fall","Fall","Unintentional","Fatal Injury","Male","55-64","Not Reported",2015-05-17,2015
"1515","Jean Lafitte National Historical Park & Preserve","Motor Vehicle Crash","Motor Vehicle Crash","Unintentional","Fatal Injury","Male","25-34","Driving",2015-05-18,2015
"1516","New River Gorge National River","Suicide","Suicide","Intentional","Fatal Injury","Male","15-24","Suicide",2015-05-19,2015
"1517","Cumberland Gap National Historical Park","Undetermined","Undetermined","Undetermined","Fatal Injury","Female","35-44","Walking",2015-05-19,2015
"1518","Padre Island National Seashore","Medical - Not during physical activity","Medical - Not during physical activity","Medical","Fatal Injury","Female","35-44","Other",2015-05-21,2015
"1519","Chattahoochee River National Recreation Area","Drowning","Drowning","Unintentional","Fatal Injury","Male","55-64","Vessel Related",2015-05-23,2015
"1520","Natchez Trace Parkway","Falling tree/branch","Environmental","Unintentional","Fatal Injury","Male","65+","Other",2015-05-23,2015
"1521","Badlands National Park","Motor Vehicle Crash","Motor Vehicle Crash","Unintentional","Fatal Injury","Male","45-54","Driving",2015-05-23,2015
"1522","Gulf Islands National Seashore","Drowning","Drowning","Unintentional","Fatal Injury","Male","15-24","Wading",2015-05-24,2015
"1523","Grand Canyon National Park","Medical - Not during physical activity","Medical - Not during physical activity","Medical","Fatal Injury","Male","65+","Other",2015-05-24,2015
"1524","Lake Mead National Recreation Area","Motor Vehicle Crash","Motor Vehicle Crash","Unintentional","Fatal Injury","Male","0-14","Driving",2015-05-24,2015
"1525","Whiskeytown National Recreation Area","Medical - During physical activity","Medical - During physical activity","Medical","Fatal Injury","Male","45-54","Hiking",2015-05-26,2015
"1526","Capitol Reef National Park","Motor Vehicle Crash","Motor Vehicle Crash","Unintentional","Fatal Injury","Male","Not Reported","Driving",2015-05-26,2015
"1527","Lake Meredith National Recreation Area","Drowning","Drowning","Unintentional","Fatal Injury","Male","15-24","Swimming",2015-05-27,2015
"1528","Yosemite National Park","Fall","Fall","Unintentional","Fatal Injury","Male","15-24","Climbing",2015-05-27,2015
"1529","Little River Canyon National Preserve","Fall","Fall","Unintentional","Fatal Injury","Male","15-24","Diving (Land)",2015-05-27,2015
"1530","Blue Ridge Parkway","Motor Vehicle Crash","Motor Vehicle Crash","Unintentional","Fatal Injury","Male","45-54","Driving",2015-05-27,2015
"1531","Redwood National and State Parks","Suicide","Suicide","Intentional","Fatal Injury","Male","25-34","Suicide",2015-05-27,2015
"1532","Yellowstone National Park","Medical - Not during physical activity","Medical - Not during physical activity","Medical","Fatal Injury","Female","65+","Other",2015-05-28,2015
"1533","Glen Canyon National Recreation Area","Undetermined","Undetermined","Undetermined","Fatal Injury","Male","35-44","Not Reported",2015-05-28,2015
"1534","George Washington Memorial Parkway","Motor Vehicle Crash","Motor Vehicle Crash","Unintentional","Fatal Injury","Female","45-54","Driving",2015-05-29,2015
"1535","Crater Lake National Park","Suicide","Suicide","Intentional","Fatal Injury","Male","15-24","Suicide",2015-05-29,2015
"1536","Canyonlands National Park","Fall","Fall","Unintentional","Fatal Injury","Male","45-54","Climbing",2015-05-30,2015
"1537","Great Smoky Mountains National Park","Medical - During physical activity","Medical - During physical activity","Medical","Fatal Injury","Male","65+","Hiking",2015-05-31,2015
"1538","Shenandoah National Park","Suicide","Suicide","Intentional","Fatal Injury","Male","65+","Suicide",2015-06-01,2015
"1539","Point Reyes National Seashore","Drowning","Drowning","Unintentional","Fatal Injury","Male","65+","Diving - Free",2015-06-02,2015
"1540","Dry Tortugas National Park","Drowning","Drowning","Unintentional","Fatal Injury","Male","65+","Snorkeling",2015-06-02,2015
"1541","Golden Gate National Recreation Area","Undetermined","Undetermined","Undetermined","Fatal Injury","Female","15-24","Not Reported",2015-06-02,2015
"1542","Great Falls Park","Drowning","Drowning","Unintentional","Fatal Injury","Male","15-24","Swimming",2015-06-03,2015
"1543","National Mall & Memorial Parks","Other","Other","Unintentional","Fatal Injury","Male","35-44","Other",2015-06-03,2015
"1544","Wrangell - St Elias National Park & Reserve","Aircraft incident","Other Transportation","Unintentional","Fatal Injury","Male","55-64","Other",2015-06-04,2015
"1545","Blue Ridge Parkway","Medical - During physical activity","Medical - During physical activity","Medical","Fatal Injury","Male","65+","Hiking",2015-06-04,2015
"1546","Yosemite National Park","Fall","Fall","Unintentional","Fatal Injury","Male","65+","Walking",2015-06-06,2015
"1547","Great Smoky Mountains National Park","Suicide","Suicide","Intentional","Fatal Injury","Female","55-64","Suicide",2015-06-07,2015
"1548","Little River Canyon National Preserve","Fall","Fall","Unintentional","Fatal Injury","Male","15-24","Diving (Land)",2015-06-08,2015
"1549","Saint Croix National Scenic Riverway","Suicide","Suicide","Intentional","Fatal Injury","Male","25-34","Suicide",2015-06-08,2015
"1550","Cape Hatteras National Seashore","Medical - Unknown","Medical - Unknown","Medical","Fatal Injury","Male","45-54","Not Reported",2015-06-10,2015
"1551","Mount Rainier National Park","Hypothermia","Environmental","Unintentional","Fatal Injury","Male","25-34","Hiking",2015-06-12,2015
"1552","Saint Croix National Scenic Riverway","Suicide","Suicide","Intentional","Fatal Injury","Male","35-44","Suicide",2015-06-13,2015
"1553","Glacier National Park","Drowning","Drowning","Unintentional","Fatal Injury","Male","25-34","Vessel Related",2015-06-14,2015
"1554","Lake Mead National Recreation Area","Drowning","Drowning","Unintentional","Fatal Injury","Male","45-54","Swimming",2015-06-14,2015
"1555","Saint Croix National Scenic Riverway","Suicide","Suicide","Intentional","Fatal Injury","Male","45-54","Suicide",2015-06-14,2015
"1556","Golden Gate National Recreation Area","Undetermined","Undetermined","Undetermined","Fatal Injury","Male","25-34","Not Reported",2015-06-15,2015
"1557","Blue Ridge Parkway","Suicide","Suicide","Intentional","Fatal Injury","Female","35-44","Suicide",2015-06-16,2015
"1558","Buffalo National River","Drowning","Drowning","Unintentional","Fatal Injury","Male","15-24","Swimming",2015-06-18,2015
"1559","Grand Canyon National Park","Hyperthermia","Environmental","Unintentional","Fatal Injury","Male","35-44","Hiking",2015-06-18,2015
"1560","Fort Bowie National Historic Site","Medical - During physical activity","Medical - During physical activity","Medical","Fatal Injury","Male","55-64","Hiking",2015-06-19,2015
"1561","Guadalupe Mountains National Park","Motor Vehicle Crash","Motor Vehicle Crash","Unintentional","Fatal Injury","Male","25-34","Driving",2015-06-19,2015
"1562","Dinosaur National Monument","Drowning","Drowning","Unintentional","Fatal Injury","Male","25-34","Vessel Related",2015-06-20,2015
"1563","Great Smoky Mountains National Park","Medical - During physical activity","Medical - During physical activity","Medical","Fatal Injury","Male","45-54","Swimming",2015-06-20,2015
"1564","Jean Lafitte National Historical Park & Preserve","Medical - Unknown","Medical - Unknown","Medical","Fatal Injury","Male","45-54","Not Reported",2015-06-20,2015
"1565","Yellowstone National Park","Medical - Unknown","Medical - Unknown","Medical","Fatal Injury","Male","65+","Not Reported",2015-06-21,2015
"1566","Gateway National Recreation Area","Poisoning - alcohol","Poisoning","Unintentional","Fatal Injury","Female","45-54","Sitting",2015-06-22,2015
"1567","Yellowstone National Park","Motor Vehicle Crash","Motor Vehicle Crash","Unintentional","Fatal Injury","Male","Not Reported","Driving",2015-06-23,2015
"1568","Canyonlands National Park","Undetermined","Undetermined","Undetermined","Fatal Injury","Male","65+","Not Reported",2015-06-23,2015
"1569","Yosemite National Park","Medical - Not during physical activity","Medical - Not during physical activity","Medical","Fatal Injury","Female","65+","Other",2015-06-24,2015
"1570","Golden Gate National Recreation Area","Motor Vehicle Crash","Motor Vehicle Crash","Unintentional","Fatal Injury","Male","45-54","Driving",2015-06-24,2015
"1571","Golden Gate National Recreation Area","Suicide","Suicide","Intentional","Fatal Injury","Male","55-64","Suicide",2015-06-24,2015
"1572","National Mall & Memorial Parks","Undetermined","Undetermined","Undetermined","Fatal Injury","Male","Not Reported","Not Reported",2015-06-24,2015
"1573","Blue Ridge Parkway","Motor Vehicle Crash","Motor Vehicle Crash","Unintentional","Fatal Injury","Female","55-64","Driving",2015-06-26,2015
"1574","Canyonlands National Park","Hyperthermia","Environmental","Unintentional","Fatal Injury","Female","25-34","Hiking",2015-06-28,2015
"1575","San Antonio Missions National Historical Park","Motor Vehicle Crash","Motor Vehicle Crash","Unintentional","Fatal Injury","Male","15-24","Driving",2015-06-28,2015
"1576","San Antonio Missions National Historical Park","Motor Vehicle Crash","Motor Vehicle Crash","Unintentional","Fatal Injury","Male","15-24","Driving",2015-06-28,2015
"1577","Lake Meredith National Recreation Area","Motor Vehicle Crash","Motor Vehicle Crash","Unintentional","Fatal Injury","Male","25-34","Driving",2015-06-28,2015
"1578","Lake Mead National Recreation Area","Drowning","Drowning","Unintentional","Fatal Injury","Male","15-24","Swimming",2015-06-30,2015
"1579","Chickamauga & Chattanooga National Military Park","Suicide","Suicide","Intentional","Fatal Injury","Female","25-34","Suicide",2015-06-30,2015
"1580","Denali National Park & Preserve","Undetermined","Undetermined","Undetermined","Fatal Injury","Male","15-24","Camping",2015-06-30,2015
"1581","Delaware Water Gap National Recreation Area","Motor Vehicle Crash","Motor Vehicle Crash","Unintentional","Fatal Injury","Male","25-34","Driving",2015-07-01,2015
"1582","Blue Ridge Parkway","Motor Vehicle Crash","Motor Vehicle Crash","Unintentional","Fatal Injury","Male","0-14","Driving",2015-07-01,2015
"1583","Craters Of The Moon National Monument & Preserve","Aircraft incident","Other Transportation","Unintentional","Fatal injury","Male","15-24","Flying",2015-07-02,2015
"1584","Harpers Ferry National Historical Park","Bicycle only crash","Other Transportation","Unintentional","Fatal injury","Male","45-54","Bicycling",2015-07-02,2015
"1585","Prince William Forest Park","Bicycle only crash","Other Transportation","Unintentional","Fatal injury","Male","45-54","Bicycling",2015-07-02,2015
"1586","Great Smoky Mountains National Park","Drowning","Drowning","Unintentional","Fatal Injury","Male","45-54","Vessel Related",2015-07-02,2015
"1587","Chattahoochee River National Recreation Area","Drowning","Drowning","Unintentional","Fatal Injury","Male","15-24","Swimming",2015-07-03,2015
"1588","Grand Canyon National Park","Hyperthermia","Environmental","Unintentional","Fatal Injury","Male","15-24","Hiking",2015-07-03,2015
"1589","Natchez Trace Parkway","Motor Vehicle Crash","Motor Vehicle Crash","Unintentional","Fatal Injury","Male","55-64","Driving",2015-07-03,2015
"1590","Whiskeytown National Recreation Area","Drowning","Drowning","Unintentional","Fatal Injury","Male","25-34","Swimming",2015-07-04,2015
"1591","Cumberland Island National Seashore","Medical - Unknown","Medical - Unknown","Medical","Fatal Injury","Male","65+","Not Reported",2015-07-04,2015
"1592","Lake Mead National Recreation Area","Motor Vehicle Crash","Motor Vehicle Crash","Unintentional","Fatal Injury","Male","25-34","Driving",2015-07-04,2015
"1593","Lake Mead National Recreation Area","Drowning","Drowning","Unintentional","Fatal Injury","Male","15-24","Swimming",2015-07-05,2015
"1594","Cuyahoga Valley National Park","Suicide","Suicide","Intentional","Fatal Injury","Male","25-34","Suicide",2015-07-09,2015
"1595","Zion National Park","Fall","Fall","Unintentional","Fatal Injury","Male","15-24","Canyoneering",2015-07-11,2015
"1596","Buffalo National River","Fall","Fall","Unintentional","Fatal Injury","Male","15-24","Diving (Land)",2015-07-12,2015
"1597","Sequoia & Kings Canyon National Parks","Medical - Not during physical activity","Medical - Not during physical activity","Medical","Fatal Injury","Female","65+","Other",2015-07-12,2015
"1598","Curecanti National Recreation Area","Motor Vehicle Crash","Motor Vehicle Crash","Unintentional","Fatal Injury","Male","Not Reported","Driving",2015-07-13,2015
"1599","Niobrara National Scenic River","Undetermined","Undetermined","Undetermined","Fatal Injury","Male","45-54","Not Reported",2015-07-16,2015
"1600","Delaware Water Gap National Recreation Area","Drowning","Drowning","Unintentional","Fatal Injury","Male","35-44","Swimming",2015-07-18,2015
"1601","Saint Croix National Scenic Riverway","Suicide","Suicide","Intentional","Fatal Injury","Male","25-34","Suicide",2015-07-18,2015
"1602","Buffalo National River","Drowning","Drowning","Unintentional","Fatal Injury","Male","0-14","Wading",2015-07-20,2015
"1603","Paterson Great Falls National Historical Park","Suicide","Suicide","Intentional","Fatal Injury","Female","25-34","Suicide",2015-07-22,2015
"1604","Sequoia & Kings Canyon National Parks","Undetermined","Undetermined","Undetermined","Fatal Injury","Female","65+","Not Reported",2015-07-22,2015
"1605","Yellowstone National Park","Drowning","Drowning","Unintentional","Fatal Injury","Male","15-24","Swimming",2015-07-23,2015
"1606","Glen Canyon National Recreation Area","Medical - Not during physical activity","Medical - Not during physical activity","Medical","Fatal Injury","Female","45-54","Other",2015-07-23,2015
"1607","Saint Croix National Scenic Riverway","Drowning","Drowning","Unintentional","Fatal Injury","Male","45-54","Swimming",2015-07-25,2015
"1608","Lake Roosevelt National Recreation Area","Drowning","Drowning","Unintentional","Fatal Injury","Male","15-24","Vessel Related",2015-07-25,2015
"1609","Lake Mead National Recreation Area","Vessel Incident","Other Transportation","Unintentional","Fatal injury","Male","45-54","Swimming",2015-07-25,2015
"1610","Jean Lafitte National Historical Park & Preserve","Undetermined","Undetermined","Undetermined","Fatal Injury","Male","15-24","Not Reported",2015-07-26,2015
"1611","Joshua Tree National Park","Medical - During physical activity","Medical - During physical activity","Medical","Fatal Injury","Female","65+","Hiking",2015-07-27,2015
"1612","Saint Croix Island International Historic Site","Medical - During physical activity","Medical - During physical activity","Medical","Fatal Injury","Female","65+","Hiking",2015-07-29,2015
"1613","Bryce Canyon National Park","Medical - During physical activity","Medical - During physical activity","Medical","Fatal Injury","Male","65+","Hiking",2015-07-29,2015
"1614","Saguaro National Park","Suicide","Suicide","Intentional","Fatal Injury","Male","35-44","Suicide",2015-07-29,2015
"1615","Yosemite National Park","Medical - During physical activity","Medical - During physical activity","Medical","Fatal Injury","Male","55-64","Hiking",2015-07-30,2015
"1616","Indiana Dunes National Park","Drowning","Drowning","Unintentional","Fatal Injury","Female","15-24","Swimming",2015-07-31,2015
"1617","Canyonlands National Park","Medical - During physical activity","Medical - During physical activity","Medical","Fatal Injury","Male","65+","Hiking",2015-07-31,2015
"1618","Yosemite National Park","Suicide","Suicide","Intentional","Fatal Injury","Male","25-34","Suicide",2015-07-31,2015
"1619","Mount Rainier National Park","Medical - During physical activity","Medical - During physical activity","Medical","Fatal Injury","Male","55-64","Hiking",2015-08-01,2015
"1620","Blue Ridge Parkway","Motor Vehicle Crash","Motor Vehicle Crash","Unintentional","Fatal Injury","Male","35-44","Driving",2015-08-01,2015
"1621","Lake Mead National Recreation Area","Hyperthermia","Environmental","Unintentional","Fatal Injury","Female","65+","Driving",2015-08-02,2015
"1622","Lake Mead National Recreation Area","Hyperthermia","Environmental","Unintentional","Fatal Injury","Male","65+","Driving",2015-08-02,2015
"1623","Yellowstone National Park","Motor Vehicle Crash","Motor Vehicle Crash","Unintentional","Fatal Injury","Male","25-34","Driving",2015-08-02,2015
"1624","Saint Croix National Scenic Riverway","Drowning","Drowning","Unintentional","Fatal Injury","Male","15-24","Swimming",2015-08-04,2015
"1625","White Sands National Park","Hyperthermia","Environmental","Unintentional","Fatal Injury","Male","35-44","Hiking",2015-08-04,2015
"1626","White Sands National Park","Hyperthermia","Environmental","Unintentional","Fatal Injury","Female","45-54","Hiking",2015-08-04,2015
"1627","Grand Canyon National Park","Hyperthermia","Environmental","Unintentional","Fatal Injury","Male","55-64","Hiking",2015-08-04,2015
"1628","Gateway National Recreation Area","Drowning","Drowning","Unintentional","Fatal Injury","Male","25-34","Swimming",2015-08-05,2015
"1629","Yellowstone National Park","Motor Vehicle Crash","Motor Vehicle Crash","Unintentional","Fatal Injury","Male","55-64","Driving",2015-08-08,2015
"1630","North Cascades National Park","Rockfall","Environmental","Unintentional","Fatal Injury","Male","45-54","Hiking",2015-08-09,2015
"1631","Upper Delaware Scenic & Recreational River","Suicide","Suicide","Intentional","Fatal Injury","Male","65+","Suicide",2015-08-09,2015
"1632","Lake Mead National Recreation Area","Drowning","Drowning","Unintentional","Fatal Injury","Male","65+","Vessel Related",2015-08-10,2015
"1633","Yellowstone National Park","Widlife incident","Wildlife Incident","Unintentional","Fatal Injury","Male","55-64","Hiking",2015-08-10,2015
"1634","Yosemite National Park","Fall","Fall","Unintentional","Fatal Injury","Male","35-44","Hiking",2015-08-12,2015
"1635","Allegheny Portage Railroad National Historic Site","Suicide","Suicide","Intentional","Fatal Injury","Male","35-44","Suicide",2015-08-12,2015
"1636","Lake Roosevelt National Recreation Area","Drowning","Drowning","Unintentional","Fatal Injury","Male","15-24","Swimming",2015-08-13,2015
"1637","Yellowstone National Park","Fall","Fall","Unintentional","Fatal Injury","Male","Not Reported","Not Reported",2015-08-13,2015
"1638","Yosemite National Park","Medical - During physical activity","Medical - During physical activity","Medical","Fatal Injury","Male","65+","Hiking",2015-08-13,2015
"1639","Sleeping Bear Dunes National Lakeshore","Motor Vehicle Crash","Motor Vehicle Crash","Unintentional","Fatal Injury","Female","65+","Driving",2015-08-13,2015
"1640","Upper Delaware Scenic & Recreational River","Drowning","Drowning","Unintentional","Fatal Injury","Male","45-54","Swimming",2015-08-14,2015
"1641","Yosemite National Park","Falling tree/branch","Environmental","Unintentional","Fatal Injury","Male","15-24","Camping",2015-08-14,2015
"1642","Yosemite National Park","Falling tree/branch","Environmental","Unintentional","Fatal Injury","Male","15-24","Camping",2015-08-14,2015
"1643","Buffalo National River","Motor Vehicle Crash","Motor Vehicle Crash","Unintentional","Fatal Injury","Male","0-14","Playing Sports",2015-08-14,2015
"1644","Gateway National Recreation Area","Drowning","Drowning","Unintentional","Fatal Injury","Male","0-14","Wading",2015-08-15,2015
"1645","Missouri National Recreational River","Drowning","Drowning","Unintentional","Fatal Injury","Male","15-24","Swimming",2015-08-16,2015
"1646","Buffalo National River","Drowning","Drowning","Unintentional","Fatal Injury","Male","25-34","Swimming",2015-08-16,2015
"1647","Suitland","Motor Vehicle Crash","Motor Vehicle Crash","Unintentional","Fatal Injury","Female","25-34","Driving",2015-08-16,2015
"1648","Olympic National Park","Suicide","Suicide","Intentional","Fatal Injury","Male","15-24","Suicide",2015-08-16,2015
"1649","New River Gorge National River","Undetermined","Undetermined","Undetermined","Fatal Injury","Female","25-34","Not Reported",2015-08-16,2015
"1650","Delaware Water Gap National Recreation Area","Drowning","Drowning","Unintentional","Fatal Injury","Male","25-34","Swimming",2015-08-18,2015
"1651","Cuyahoga Valley National Park","Medical - During physical activity","Medical - During physical activity","Medical","Fatal Injury","Male","65+","Hiking",2015-08-19,2015
"1652","Wrangell - St Elias National Park & Reserve","Medical - During physical activity","Medical - During physical activity","Medical","Fatal Injury","Male","65+","Hunting",2015-08-20,2015
"1653","Shenandoah National Park","Fall","Fall","Unintentional","Fatal Injury","Male","65+","Photographing",2015-08-21,2015
"1654","Grand Teton National Park","Fall","Fall","Unintentional","Fatal Injury","Female","25-34","Climbing",2015-08-22,2015
"1655","Grand Teton National Park","Fall","Fall","Unintentional","Fatal Injury","Female","25-34","Climbing",2015-08-22,2015
"1656","Glen Canyon National Recreation Area","Medical - Not during physical activity","Medical - Not during physical activity","Medical","Fatal Injury","Male","55-64","Other",2015-08-22,2015
"1657","Golden Gate National Recreation Area","Aircraft incident","Other Transportation","Unintentional","Fatal Injury","Male","65+","Flying",2015-08-23,2015
"1658","Amistad National Recreation Area","Drowning","Drowning","Unintentional","Fatal Injury","Male","25-34","Wading",2015-08-24,2015
"1659","New River Gorge National River","Suicide","Suicide","Intentional","Fatal Injury","Male","15-24","Suicide",2015-08-24,2015
"1660","Yosemite National Park","Fall","Fall","Unintentional","Fatal Injury","Male","15-24","Hiking",2015-08-25,2015
"1661","Gateway National Recreation Area","Medical - During physical activity","Medical - During physical activity","Medical","Fatal Injury","Male","65+","Hiking",2015-08-25,2015
"1662","Great Falls Park","Drowning","Drowning","Unintentional","Fatal Injury","Male","15-24","Not Reported",2015-08-26,2015
"1663","Denali National Park & Preserve","Drowning","Drowning","Unintentional","Fatal Injury","Female","25-34","Swimming",2015-08-27,2015
"1664","Gateway National Recreation Area","Suicide","Suicide","Intentional","Fatal Injury","Male","45-54","Suicide",2015-08-28,2015
"1665","Golden Gate National Recreation Area","Drowning","Drowning","Unintentional","Fatal Injury","Male","45-54","Not Reported",2015-08-31,2015
"1666","Cuyahoga Valley National Park","Suicide","Suicide","Intentional","Fatal Injury","Male","35-44","Suicide",2015-09-01,2015
"1667","National Capital Parks-East","Undetermined","Undetermined","Undetermined","Fatal Injury","Male","Not Reported","Not Reported",2015-09-04,2015
"1668","Cape Lookout National Seashore","Drowning","Drowning","Unintentional","Fatal Injury","Male","65+","Wading",2015-09-05,2015
"1669","Whiskeytown National Recreation Area","Fall","Fall","Unintentional","Fatal Injury","Male","55-64","Walking",2015-09-05,2015
"1670","Suitland","Motor Vehicle Crash","Motor Vehicle Crash","Unintentional","Fatal Injury","Female","45-54","Driving",2015-09-05,2015
"1671","Obed Wild & Scenic River","Drowning","Drowning","Unintentional","Fatal Injury","Male","45-54","Fishing",2015-09-06,2015
"1672","Chesapeake & Ohio Canal National Historical Park","Drowning","Drowning","Unintentional","Fatal Injury","Male","0-14","Swimming",2015-09-08,2015
"1673","National Mall & Memorial Parks","Medical - During physical activity","Medical - During physical activity","Medical","Fatal Injury","Male","55-64","Walking",2015-09-08,2015
"1674","Yosemite National Park","Undetermined","Undetermined","Undetermined","Fatal Injury","Male","35-44","Hiking",2015-09-11,2015
"1675","Big South Fork National River and Recreation Area","Aircraft incident","Other Transportation","Unintentional","Fatal injury","Male","55-64","Flying",2015-09-12,2015
"1676","Blue Ridge Parkway","Medical - During physical activity","Medical - During physical activity","Medical","Fatal Injury","Male","55-64","Bicycling",2015-09-12,2015
"1677","Zion National Park","Fall","Fall","Unintentional","Fatal Injury","Female","15-24","Climbing",2015-09-13,2015
"1678","Lake Mead National Recreation Area","Fall","Fall","Unintentional","Fatal Injury","Male","15-24","Diving (Land)",2015-09-13,2015
"1679","Grand Canyon National Park","Lightning Strike","Environmental","Unintentional","Fatal Injury","Male","15-24","Hiking",2015-09-13,2015
"1680","Anacostia Park","Medical - During physical activity","Medical - During physical activity","Medical","Fatal Injury","Male","65+","Playing Sports",2015-09-13,2015
"1681","George Washington Memorial Parkway","Motor Vehicle Crash","Motor Vehicle Crash","Unintentional","Fatal Injury","Female","25-34","Driving",2015-09-13,2015
"1682","Zion National Park","Flash flood","Environmental","Unintentional","Fatal Injury","Male","45-54","Canyoneering",2015-09-14,2015
"1683","Zion National Park","Flash flood","Environmental","Unintentional","Fatal Injury","Female","45-54","Canyoneering",2015-09-14,2015
"1684","Zion National Park","Flash flood","Environmental","Unintentional","Fatal Injury","Male","55-64","Canyoneering",2015-09-14,2015
"1685","Zion National Park","Flash flood","Environmental","Unintentional","Fatal Injury","Male","55-64","Canyoneering",2015-09-14,2015
"1686","Zion National Park","Flash flood","Environmental","Unintentional","Fatal Injury","Female","55-64","Canyoneering",2015-09-14,2015
"1687","Zion National Park","Flash flood","Environmental","Unintentional","Fatal Injury","Male","55-64","Canyoneering",2015-09-14,2015
"1688","Zion National Park","Flash flood","Environmental","Unintentional","Fatal Injury","Male","55-64","Canyoneering",2015-09-14,2015
"1689","Sequoia & Kings Canyon National Parks","Medical - During physical activity","Medical - During physical activity","Medical","Fatal Injury","Male","45-54","Hiking",2015-09-16,2015
"1690","Badlands National Park","Undetermined","Undetermined","Undetermined","Fatal Injury","Female","Not Reported","Not Reported",2015-09-16,2015
"1691","Great Smoky Mountains National Park","Medical - During physical activity","Medical - During physical activity","Medical","Fatal Injury","Male","25-34","Hiking",2015-09-19,2015
"1692","Blue Ridge Parkway","Motor Vehicle Crash","Motor Vehicle Crash","Unintentional","Fatal Injury","Male","45-54","Driving",2015-09-20,2015
"1693","Blue Ridge Parkway","Suicide","Suicide","Intentional","Fatal Injury","Male","55-64","Suicide",2015-09-21,2015
"1694","Saint Croix National Scenic Riverway","Suicide","Suicide","Intentional","Fatal Injury","Male","45-54","Suicide",2015-09-23,2015
"1695","Presidio of San Francisco","Undetermined","Undetermined","Undetermined","Fatal Injury","Male","Not Reported","Not Reported",2015-09-24,2015
"1696","Colorado National Monument","Fall","Fall","Unintentional","Fatal Injury","Female","65+","Walking",2015-09-26,2015
"1697","Grand Canyon National Park","Suicide","Suicide","Intentional","Fatal Injury","Male","35-44","Suicide",2015-09-26,2015
"1698","Yosemite National Park","Medical - During physical activity","Medical - During physical activity","Medical","Fatal Injury","Male","65+","Hiking",2015-09-27,2015
"1699","Olympic National Park","Medical - During physical activity","Medical - During physical activity","Medical","Fatal Injury","Male","35-44","Hiking",2015-09-27,2015
"1700","Glen Canyon National Recreation Area","Medical - During physical activity","Medical - During physical activity","Medical","Fatal Injury","Male","65+","Vessel Related",2015-10-01,2015
"1701","Gateway National Recreation Area","Drowning","Drowning","Unintentional","Fatal Injury","Male","35-44","Vessel Related",2015-10-02,2015
"1702","Gateway National Recreation Area","Drowning","Drowning","Unintentional","Fatal Injury","Male","45-54","Vessel Related",2015-10-02,2015
"1703","Zion National Park","Fall","Fall","Unintentional","Fatal Injury","Male","45-54","Canyoneering",2015-10-02,2015
"1704","Rocky Mountain National Park","Fall","Fall","Unintentional","Fatal Injury","Male","25-34","Climbing",2015-10-02,2015
"1705","Colorado National Monument","Medical - During physical activity","Medical - During physical activity","Medical","Fatal Injury","Male","65+","Bicycling",2015-10-03,2015
"1706","Glen Canyon National Recreation Area","Fall","Fall","Unintentional","Fatal Injury","Male","25-34","Diving (Land)",2015-10-09,2015
"1707","Yosemite National Park","Medical - Not during physical activity","Medical - Not during physical activity","Medical","Fatal Injury","Male","55-64","Other",2015-10-09,2015
"1708","Suitland","Motor Vehicle Crash","Motor Vehicle Crash","Unintentional","Fatal Injury","Male","Not Reported","Driving",2015-10-09,2015
"1709","Natchez Trace Parkway","Suicide","Suicide","Intentional","Fatal Injury","Male","35-44","Suicide",2015-10-09,2015
"1710","Delaware Water Gap National Recreation Area","Motor Vehicle Crash","Motor Vehicle Crash","Unintentional","Fatal Injury","Male","Not Reported","Driving",2015-10-10,2015
"1711","Yosemite National Park","Motor Vehicle Crash","Motor Vehicle Crash","Unintentional","Fatal Injury","Male","25-34","Driving",2015-10-10,2015
"1712","Rocky Mountain National Park","Suicide","Suicide","Intentional","Fatal Injury","Male","35-44","Suicide",2015-10-10,2015
"1713","Glen Canyon National Recreation Area","Poisoning - alcohol","Poisoning","Unintentional","Fatal Injury","Male","55-64","Not Reported",2015-10-11,2015
"1714","New River Gorge National River","Suicide","Suicide","Intentional","Fatal Injury","Female","35-44","Suicide",2015-10-11,2015
"1715","Redwood National and State Parks","Motor Vehicle Crash","Motor Vehicle Crash","Unintentional","Fatal Injury","Male","65+","Driving",2015-10-12,2015
"1716","Baltimore-Washington Parkway","Motor Vehicle Crash","Motor Vehicle Crash","Unintentional","Fatal Injury","Female","25-34","Driving",2015-10-14,2015
"1717","Baltimore-Washington Parkway","Motor Vehicle Crash","Motor Vehicle Crash","Unintentional","Fatal Injury","Male","45-54","Driving",2015-10-14,2015
"1718","Delaware Water Gap National Recreation Area","Suicide","Suicide","Intentional","Fatal Injury","Female","45-54","Suicide",2015-10-15,2015
"1719","Golden Gate National Recreation Area","Poisoning - drugs","Poisoning","Unintentional","Fatal Injury","Male","55-64","Not Reported",2015-10-18,2015
"1720","Prince William Forest Park","Medical - Not during physical activity","Medical - Not during physical activity","Medical","Fatal Injury","Male","65+","Other",2015-10-19,2015
"1721","Gettysburg National Military Park","Medical - During physical activity","Medical - During physical activity","Medical","Fatal Injury","Male","55-64","Walking",2015-10-24,2015
"1722","Fort Washington Park","Homicide","Homicide","Intentional","Fatal injury","Female","35-44","Homicide",2015-10-25,2015
"1723","Sequoia & Kings Canyon National Parks","Medical - Not during physical activity","Medical - Not during physical activity","Medical","Fatal Injury","Male","65+","Sleeping",2015-10-25,2015
"1724","Natchez Trace Parkway","Motor Vehicle Crash","Motor Vehicle Crash","Unintentional","Fatal Injury","Male","45-54","Driving",2015-10-25,2015
"1725","George Washington Memorial Parkway","Motor Vehicle Crash","Motor Vehicle Crash","Unintentional","Fatal Injury","Male","35-44","Driving",2015-10-25,2015
"1726","Point Reyes National Seashore","Drowning","Drowning","Unintentional","Fatal Injury","Male","45-54","Vessel Related",2015-10-26,2015
"1727","Point Reyes National Seashore","Drowning","Drowning","Unintentional","Fatal Injury","Male","55-64","Vessel Related",2015-10-26,2015
"1728","Lincoln Memorial","Medical - During physical activity","Medical - During physical activity","Medical","Fatal Injury","Female","45-54","Walking",2015-10-26,2015
"1729","Olympic National Park","Medical - Unknown","Medical - Unknown","Medical","Fatal Injury","Male","55-64","Not Reported",2015-10-26,2015
"1730","Baltimore-Washington Parkway","Motor Vehicle Crash","Motor Vehicle Crash","Unintentional","Fatal Injury","Male","25-34","Driving",2015-10-26,2015
"1731","Yosemite National Park","Fall","Fall","Unintentional","Fatal Injury","Male","25-34","Climbing",2015-10-30,2015
"1732","National Mall & Memorial Parks","Motor Vehicle Crash","Motor Vehicle Crash","Unintentional","Fatal Injury","Male","45-54","Walking",2015-10-30,2015
"1733","Lake Mead National Recreation Area","Undetermined","Undetermined","Undetermined","Fatal Injury","Male","35-44","Not Reported",2015-10-31,2015
"1734","Lake Mead National Recreation Area","Poisoning - Carbon monoxide","Poisoning","Unintentional","Fatal Injury","Male","65+","Camping",2015-11-02,2015
"1735","Yosemite National Park","Fall","Fall","Unintentional","Fatal Injury","Female","25-34","Climbing",2015-11-07,2015
"1736","National Mall & Memorial Parks","Motor Vehicle Crash","Motor Vehicle Crash","Unintentional","Fatal Injury","Male","25-34","Driving",2015-11-09,2015
"1737","Canaveral National Seashore","Medical - Unknown","Medical - Unknown","Medical","Fatal Injury","Male","65+","Not Reported",2015-11-11,2015
"1738","Presidio of San Francisco","Suicide","Suicide","Intentional","Fatal Injury","Male","45-54","Suicide",2015-11-12,2015
"1739","Death Valley National Park","Medical - Not during physical activity","Medical - Not during physical activity","Medical","Fatal Injury","Male","55-64","Other",2015-11-14,2015
"1740","Upper Delaware Scenic & Recreational River","Suicide","Suicide","Intentional","Fatal Injury","Male","65+","Suicide",2015-11-14,2015
"1741","Natchez Trace Parkway","Motor Vehicle Crash","Motor Vehicle Crash","Unintentional","Fatal Injury","Male","15-24","Driving",2015-11-19,2015
"1742","Grand Canyon National Park","Suicide","Suicide","Intentional","Fatal Injury","Male","45-54","Suicide",2015-11-19,2015
"1743","Sequoia & Kings Canyon National Parks","Undetermined","Undetermined","Undetermined","Fatal Injury","Male","25-34","Not Reported",2015-11-19,2015
"1744","National Mall & Memorial Parks","Undetermined","Undetermined","Undetermined","Fatal Injury","Male","Not Reported","Not Reported",2015-11-22,2015
"1745","Gateway National Recreation Area","Medical - During physical activity","Medical - During physical activity","Medical","Fatal Injury","Male","35-44","Other",2015-11-23,2015
"1746","Hawaii Volcanoes National Park","Motor Vehicle Crash","Motor Vehicle Crash","Unintentional","Fatal Injury","Female","15-24","Driving",2015-11-26,2015
"1747","Glacier National Park","Medical - Not during physical activity","Medical - Not during physical activity","Medical","Fatal Injury","Male","65+","Other",2015-11-29,2015
"1748","Presidio of San Francisco","Drowning","Drowning","Unintentional","Fatal Injury","Female","15-24","Wading",2015-12-01,2015
"1749","Golden Gate National Recreation Area","Hypothermia","Environmental","Unintentional","Fatal Injury","Male","55-64","Not Reported",2015-12-02,2015
"1750","Natchez Trace Parkway","Motor Vehicle Crash","Motor Vehicle Crash","Unintentional","Fatal Injury","Female","15-24","Driving",2015-12-02,2015
"1751","Chattahoochee River National Recreation Area","Suicide","Suicide","Intentional","Fatal Injury","Male","25-34","Suicide",2015-12-02,2015
"1752","Blue Ridge Parkway","Suicide","Suicide","Intentional","Fatal Injury","Male","Not Reported","Suicide",2015-12-06,2015
"1753","Olympic National Park","Suicide","Suicide","Intentional","Fatal Injury","Male","25-34","Suicide",2015-12-07,2015
"1754","Coronado National Memorial","Hypothermia","Environmental","Unintentional","Fatal Injury","Female","35-44","Illegal activity",2015-12-10,2015
"1755","Blue Ridge Parkway","Motor Vehicle Crash","Motor Vehicle Crash","Unintentional","Fatal Injury","Male","35-44","Driving",2015-12-10,2015
"1756","New River Gorge National River","Suicide","Suicide","Intentional","Fatal Injury","Male","55-64","Suicide",2015-12-12,2015
"1757","Chickamauga & Chattanooga National Military Park","Undetermined","Undetermined","Undetermined","Fatal Injury","Male","55-64","Walking",2015-12-12,2015
"1758","Valley Forge National Historical Park","Motor Vehicle Crash","Motor Vehicle Crash","Unintentional","Fatal Injury","Male","65+","Driving",2015-12-16,2015
"1759","San Francisco Maritime National Historical Park","Medical - Unknown","Medical - Unknown","Medical","Fatal Injury","Male","55-64","Not Reported",2015-12-18,2015
"1760","Mammoth Cave National Park","Suicide","Suicide","Intentional","Fatal Injury","Male","35-44","Suicide",2015-12-20,2015
"1761","New River Gorge National River","Suicide","Suicide","Intentional","Fatal Injury","Male","15-24","Suicide",2015-12-20,2015
"1762","Anacostia Park","Motor Vehicle Crash","Motor Vehicle Crash","Unintentional","Fatal Injury","Male","45-54","Driving",2015-12-21,2015
"1763","Yosemite National Park","Medical - Not during physical activity","Medical - Not during physical activity","Medical","Fatal Injury","Female","55-64","Other",2015-12-23,2015
"1764","Lake Mead National Recreation Area","Motor Vehicle Crash","Motor Vehicle Crash","Unintentional","Fatal Injury","Male","45-54","Driving",2015-12-28,2015
"1765","Grand Canyon National Park","Suicide","Suicide","Intentional","Fatal Injury","Male","45-54","Suicide",2015-12-28,2015
"1766","Gateway National Recreation Area","Medical - During physical activity","Medical - During physical activity","Medical","Fatal Injury","Male","Not Reported","Other",2015-12-29,2015
"1767","Yellowstone National Park","Medical - Not during physical activity","Medical - Not during physical activity","Medical","Fatal Injury","Male","65+","Other",2015-12-31,2015
"1768","Lake Mead National Recreation Area","Medical - Not during physical activity","Medical - Not during physical activity","Medical","Fatal Injury","Male","65+","Driving",2016-01-02,2016
"1769","Cuyahoga Valley National Park","Medical - Not during physical activity","Medical - Not during physical activity","Medical","Fatal Injury","Male","55-64","Driving",2016-01-03,2016
"1770","Blue Ridge Parkway","Motor Vehicle Crash","Motor Vehicle Crash","Unintentional","Fatal Injury","Male","35-44","Driving",2016-01-07,2016
"1771","Shenandoah National Park","Suicide","Suicide","Intentional","Fatal Injury","Male","35-44","Suicide",2016-01-09,2016
"1772","Lake Mead National Recreation Area","Motor Vehicle Crash","Motor Vehicle Crash","Unintentional","Fatal Injury","Male","35-44","Driving",2016-01-10,2016
"1773","Blue Ridge Parkway","Suicide","Suicide","Intentional","Fatal Injury","Male","55-64","Suicide",2016-01-10,2016
"1774","Yosemite National Park","Medical - Not during physical activity","Medical - Not during physical activity","Medical","Fatal Injury","Female","45-54","Not Reported",2016-01-18,2016
"1775","Golden Gate National Recreation Area","Drowning","Drowning","Unintentional","Fatal Injury","Male","35-44","Vessel Related",2016-01-20,2016
"1776","Rocky Mountain National Park","Fall","Fall","Unintentional","Fatal Injury","Male","55-64","Hiking",2016-01-22,2016
"1777","Natchez Trace Parkway","Suicide","Suicide","Intentional","Fatal Injury","Male","15-24","Suicide",2016-01-29,2016
"1778","Grand Canyon National Park","Medical - Not during physical activity","Medical - Not during physical activity","Medical","Fatal Injury","Male","55-64","Other",2016-02-02,2016
"1779","Baltimore-Washington Parkway","Suicide","Suicide","Intentional","Fatal Injury","Male","25-34","Suicide",2016-02-06,2016
"1780","Glen Canyon National Recreation Area","Medical - During physical activity","Medical - During physical activity","Medical","Fatal Injury","Male","45-54","Other",2016-02-08,2016
"1781","Point Reyes National Seashore","Snowmobile Incident","Other Transportation","Unintentional","Fatal injury","Male","45-54","Snowmobiling",2016-02-11,2016
"1782","George Washington Memorial Parkway","Medical - During physical activity","Medical - During physical activity","Medical","Fatal Injury","Male","65+","Hiking",2016-02-15,2016
"1783","Great Smoky Mountains National Park","Suicide","Suicide","Intentional","Fatal Injury","Male","25-34","Suicide",2016-02-19,2016
"1784","Amistad National Recreation Area","Fall","Fall","Unintentional","Fatal Injury","Male","35-44","Diving (Land)",2016-02-20,2016
"1785","Hot Springs National Park","Motor Vehicle Crash","Motor Vehicle Crash","Unintentional","Fatal Injury","Male","65+","Driving",2016-02-20,2016
"1786","Scotts Bluff National Monument","Undetermined","Undetermined","Undetermined","Fatal Injury","Not Reported","Not Reported","Not Reported",2016-02-20,2016
"1787","Colonial National Historical Park","Suicide","Suicide","Intentional","Fatal Injury","Male","65+","Suicide",2016-02-25,2016
"1788","Rocky Mountain National Park","Medical - During physical activity","Medical - During physical activity","Medical","Fatal Injury","Female","35-44","Hiking",2016-02-27,2016
"1789","Golden Gate National Recreation Area","Suicide","Suicide","Intentional","Fatal Injury","Male","25-34","Suicide",2016-02-29,2016
"1790","Padre Island National Seashore","Drowning","Drowning","Unintentional","Fatal Injury","Male","15-24","Swimming",2016-03-01,2016
"1791","Rock Creek Park","Undetermined","Undetermined","Undetermined","Fatal Injury","Male","Not Reported","Not Reported",2016-03-07,2016
"1792","Catoctin Mountain Park","Suicide","Suicide","Intentional","Fatal Injury","Male","45-54","Suicide",2016-03-08,2016
"1793","Zion National Park","Fall","Fall","Unintentional","Fatal Injury","Male","35-44","Climbing",2016-03-09,2016
"1794","Padre Island National Seashore","Suicide","Suicide","Intentional","Fatal Injury","Male","25-34","Suicide",2016-03-11,2016
"1795","Natchez Trace Parkway","Suicide","Suicide","Intentional","Fatal Injury","Male","25-34","Suicide",2016-03-11,2016
"1796","Big South Fork National River and Recreation Area","Undetermined","Undetermined","Undetermined","Fatal Injury","Male","25-34","Not Reported",2016-03-22,2016
"1797","Ozark National Scenic Riverways","Motor Vehicle Crash","Motor Vehicle Crash","Unintentional","Fatal Injury","Female","45-54","Driving",2016-03-23,2016
"1798","Big Thicket National Preserve","Suicide","Suicide","Intentional","Fatal Injury","Male","45-54","Suicide",2016-03-24,2016
"1799","Sequoia & Kings Canyon National Parks","Suicide","Suicide","Intentional","Fatal Injury","Female","45-54","Suicide",2016-03-24,2016
"1800","Big Cypress National Preserve","Medical - Not during physical activity","Medical - Not during physical activity","Medical","Fatal Injury","Male","65+","Sitting",2016-03-25,2016
"1801","Mount Rainier National Park","Hypothermia","Environmental","Unintentional","Fatal Injury","Male","55-64","Hiking",2016-03-26,2016
"1802","Golden Gate National Recreation Area","Suicide","Suicide","Intentional","Fatal Injury","Male","Not Reported","Suicide",2016-03-26,2016
"1803","Olympic National Park","Suicide","Suicide","Intentional","Fatal Injury","Male","35-44","Suicide",2016-04-01,2016
"1804","Grand Canyon National Park","Suicide","Suicide","Intentional","Fatal Injury","Female","15-24","Suicide",2016-04-03,2016
"1805","Boston National Historical Park","Medical - During physical activity","Medical - During physical activity","Medical","Fatal Injury","Male","55-64","Walking",2016-04-08,2016
"1806","Yosemite National Park","Medical - During physical activity","Medical - During physical activity","Medical","Fatal Injury","Male","65+","Walking",2016-04-11,2016
"1807","Chesapeake & Ohio Canal National Historical Park","Drowning","Drowning","Unintentional","Fatal Injury","Male","45-54","Not Reported",2016-04-12,2016
"1808","Kennesaw Mountain National Battlefield Park","Suicide","Suicide","Intentional","Fatal Injury","Male","25-34","Suicide",2016-04-13,2016
"1809","Everglades National Park","Drowning","Drowning","Unintentional","Fatal Injury","Male","65+","Vessel Related",2016-04-14,2016
"1810","Glen Canyon National Recreation Area","Drowning","Drowning","Unintentional","Fatal Injury","Male","25-34","Vessel Related",2016-04-14,2016
"1811","New River Gorge National River","Drowning","Drowning","Unintentional","Fatal Injury","Male","45-54","Vessel Related",2016-04-14,2016
"1812","Castillo De San Marcos National Monument","Medical - Unknown","Medical - Unknown","Medical","Fatal Injury","Male","45-54","Not Reported",2016-04-14,2016
"1813","Grand Canyon National Park","Medical - Not during physical activity","Medical - Not during physical activity","Medical","Fatal Injury","Male","65+","Other",2016-04-15,2016
"1814","Gulf Islands National Seashore","Drowning","Drowning","Unintentional","Fatal Injury","Male","0-14","Swimming",2016-04-16,2016
"1815","Lake Mead National Recreation Area","Medical - Unknown","Medical - Unknown","Medical","Fatal Injury","Male","45-54","Not Reported",2016-04-16,2016
"1816","Shenandoah National Park","Suicide","Suicide","Intentional","Fatal Injury","Female","25-34","Suicide",2016-04-16,2016
"1817","Shenandoah National Park","Medical - During physical activity","Medical - During physical activity","Medical","Fatal Injury","Male","45-54","Bicycling",2016-04-17,2016
"1818","Buffalo National River","Medical - Not during physical activity","Medical - Not during physical activity","Medical","Fatal Injury","Male","55-64","Other",2016-04-19,2016
"1819","Lake Mead National Recreation Area","Drowning","Drowning","Unintentional","Fatal Injury","Male","55-64","Diving - Free",2016-04-21,2016
"1820","Gateway National Recreation Area","Suicide","Suicide","Intentional","Fatal Injury","Male","45-54","Suicide",2016-04-21,2016
"1821","Hot Springs National Park","Motor Vehicle Crash","Motor Vehicle Crash","Unintentional","Fatal Injury","Male","35-44","Driving",2016-04-25,2016
"1822","Lake Mead National Recreation Area","Motor Vehicle Crash","Motor Vehicle Crash","Unintentional","Fatal Injury","Female","45-54","Driving",2016-04-26,2016
"1823","Lake Mead National Recreation Area","Motor Vehicle Crash","Motor Vehicle Crash","Unintentional","Fatal Injury","Male","55-64","Driving",2016-04-26,2016
"1824","Great Smoky Mountains National Park","Medical - Not during physical activity","Medical - Not during physical activity","Medical","Fatal Injury","Male","55-64","Other",2016-04-27,2016
"1825","Great Smoky Mountains National Park","Fall","Fall","Unintentional","Fatal Injury","Male","55-64","Photographing",2016-04-28,2016
"1826","Natchez Trace Parkway","Motor Vehicle Crash","Motor Vehicle Crash","Unintentional","Fatal Injury","Male","65+","Driving",2016-04-29,2016
"1827","Natchez Trace Parkway","Motor Vehicle Crash","Motor Vehicle Crash","Unintentional","Fatal Injury","Male","45-54","Driving",2016-04-29,2016
"1828","Natchez Trace Parkway","Motor Vehicle Crash","Motor Vehicle Crash","Unintentional","Fatal Injury","Male","65+","Driving",2016-04-29,2016
"1829","Shenandoah National Park","Fall","Fall","Unintentional","Fatal Injury","Male","65+","Hiking",2016-04-30,2016
"1830","Delaware Water Gap National Recreation Area","Poisoning - drugs","Poisoning","Unintentional","Fatal Injury","Male","25-34","Not Reported",2016-04-30,2016
"1831","Denali National Park & Preserve","Fall","Fall","Unintentional","Fatal Injury","Male","15-24","Rock Scrambling",2016-05-01,2016
"1832","Buck Island Reef National Monument","Medical - During physical activity","Medical - During physical activity","Medical","Fatal Injury","Male","55-64","Snorkeling",2016-05-02,2016
"1833","Theodore Roosevelt National Park","Suicide","Suicide","Intentional","Fatal Injury","Male","15-24","Suicide",2016-05-03,2016
"1834","Glacier National Park","Drowning","Drowning","Unintentional","Fatal Injury","Male","25-34","Diving (Land)",2016-05-04,2016
"1835","Glen Canyon National Recreation Area","Drowning","Drowning","Unintentional","Fatal Injury","Male","45-54","Vessel Related",2016-05-05,2016
"1836","Chattahoochee River National Recreation Area","Drowning","Drowning","Unintentional","Fatal Injury","Male","15-24","Swimming",2016-05-06,2016
"1837","Blue Ridge Parkway","Drowning","Drowning","Unintentional","Fatal Injury","Male","15-24","Not Reported",2016-05-08,2016
"1838","Lake Roosevelt National Recreation Area","Undetermined","Undetermined","Undetermined","Fatal Injury","Male","25-34","Other",2016-05-09,2016
"1839","Channel Islands National Park","Drowning","Drowning","Unintentional","Fatal Injury","Male","55-64","Diving - Scuba",2016-05-11,2016
"1840","Cuyahoga Valley National Park","Motor Vehicle Crash","Motor Vehicle Crash","Unintentional","Fatal Injury","Male","15-24","Driving",2016-05-11,2016
"1841","Great Smoky Mountains National Park","Motor Vehicle Crash","Motor Vehicle Crash","Unintentional","Fatal Injury","Male","65+","Driving",2016-05-11,2016
"1842","Colonial National Historical Park","Undetermined","Undetermined","Undetermined","Fatal Injury","Male","65+","Not Reported",2016-05-11,2016
"1843","Sequoia & Kings Canyon National Parks","Drowning","Drowning","Unintentional","Fatal Injury","Male","45-54","Not Reported",2016-05-12,2016
"1844","Big Bend National Park","Medical - Not during physical activity","Medical - Not during physical activity","Medical","Fatal Injury","Male","35-44","Driving",2016-05-12,2016
"1845","Lake Mead National Recreation Area","Drowning","Drowning","Unintentional","Fatal Injury","Male","15-24","Swimming",2016-05-15,2016
"1846","Little River Canyon National Preserve","Drowning","Drowning","Unintentional","Fatal Injury","Male","35-44","Swimming",2016-05-15,2016
"1847","Denali National Park & Preserve","Medical - During physical activity","Medical - During physical activity","Medical","Fatal Injury","Male","65+","Bicycling",2016-05-15,2016
"1848","Grand Canyon National Park","Medical - During physical activity","Medical - During physical activity","Medical","Fatal Injury","Female","65+","Walking",2016-05-15,2016
"1849","Big Bend National Park","Fall","Fall","Unintentional","Fatal Injury","Male","15-24","Hiking",2016-05-18,2016
"1850","Yellowstone National Park","Motor Vehicle Crash","Motor Vehicle Crash","Unintentional","Fatal Injury","Female","45-54","Walking",2016-05-18,2016
"1851","Sequoia & Kings Canyon National Parks","Medical - Not during physical activity","Medical - Not during physical activity","Medical","Fatal Injury","Male","25-34","Other",2016-05-20,2016
"1852","Yosemite National Park","Medical - During physical activity","Medical - During physical activity","Medical","Fatal Injury","Male","45-54","Hiking",2016-05-21,2016
"1853","Gateway National Recreation Area","Medical - Not during physical activity","Medical - Not during physical activity","Medical","Fatal Injury","Male","65+","Other",2016-05-21,2016
"1854","Blue Ridge Parkway","Suicide","Suicide","Intentional","Fatal Injury","Male","15-24","Suicide",2016-05-21,2016
"1855","Blue Ridge Parkway","Suicide","Suicide","Intentional","Fatal Injury","Male","25-34","Suicide",2016-05-22,2016
"1856","Delaware Water Gap National Recreation Area","Fall","Fall","Unintentional","Fatal Injury","Male","25-34","Other",2016-05-23,2016
"1857","Lake Mead National Recreation Area","Motor Vehicle Crash","Motor Vehicle Crash","Unintentional","Fatal Injury","Male","15-24","Driving",2016-05-24,2016
"1858","Santa Monica Mountains National Recreation Area","Suicide","Suicide","Intentional","Fatal Injury","Female","45-54","Suicide",2016-05-24,2016
"1859","Padre Island National Seashore","Homicide","Homicide","Intentional","Fatal injury","Male","25-34","Homicide",2016-05-25,2016
"1860","Blue Ridge Parkway","Medical - Not during physical activity","Medical - Not during physical activity","Medical","Fatal Injury","Male","55-64","Sitting",2016-05-25,2016
"1861","National Mall & Memorial Parks","Undetermined","Undetermined","Undetermined","Fatal Injury","Male","45-54","Not Reported",2016-05-25,2016
"1862","Grand Canyon National Park","Fall","Fall","Unintentional","Fatal Injury","Male","65+","Walking",2016-05-28,2016
"1863","Yosemite National Park","Medical - During physical activity","Medical - During physical activity","Medical","Fatal Injury","Male","45-54","Hiking",2016-05-28,2016
"1864","Denali National Park & Preserve","Skiing Incident","Other Transportation","Unintentional","Fatal Injury","Male","35-44","Skiing",2016-05-28,2016
"1865","Golden Gate National Recreation Area","Suicide","Suicide","Intentional","Fatal Injury","Male","Not Reported","Suicide",2016-05-28,2016
"1866","Glacier Bay National Park & Preserve","Drowning","Drowning","Unintentional","Fatal Injury","Male","45-54","Vessel Related",2016-05-30,2016
"1867","Glacier Bay National Park & Preserve","Drowning","Drowning","Unintentional","Fatal Injury","Male","65+","Vessel Related",2016-05-30,2016
"1868","Lake Mead National Recreation Area","Drowning","Drowning","Unintentional","Fatal Injury","Male","45-54","Vessel Related",2016-06-01,2016
"1869","Grand Canyon National Park","Medical - Not during physical activity","Medical - Not during physical activity","Medical","Fatal Injury","Male","65+","Other",2016-06-01,2016
"1870","Chesapeake & Ohio Canal National Historical Park","Suicide","Suicide","Intentional","Fatal Injury","Male","Not Reported","Suicide",2016-06-03,2016
"1871","Baltimore-Washington Parkway","Motor Vehicle Crash","Motor Vehicle Crash","Unintentional","Fatal Injury","Female","35-44","Driving",2016-06-04,2016
"1872","Great Smoky Mountains National Park","Motor Vehicle Crash","Motor Vehicle Crash","Unintentional","Fatal Injury","Male","65+","Driving",2016-06-05,2016
"1873","Yosemite National Park","Drowning","Drowning","Unintentional","Fatal Injury","Male","55-64","Vessel Related",2016-06-06,2016
"1874","Big South Fork National River and Recreation Area","Drowning","Drowning","Unintentional","Fatal Injury","Male","0-14","Swimming",2016-06-06,2016
"1875","Acadia National Park","Fall","Fall","Unintentional","Fatal Injury","Male","65+","Photographing",2016-06-07,2016
"1876","Yellowstone National Park","Fall","Fall","Unintentional","Fatal Injury","Male","15-24","Walking",2016-06-07,2016
"1877","Denali National Park & Preserve","Undetermined","Undetermined","Undetermined","Fatal Injury","Male","15-24","Camping",2016-06-07,2016
"1878","Blue Ridge Parkway","Motor Vehicle Crash","Motor Vehicle Crash","Unintentional","Fatal Injury","Male","65+","Driving",2016-06-08,2016
"1879","Glen Canyon National Recreation Area","Electrocution","Other","Unintentional","Fatal Injury","Male","35-44","Vessel Related",2016-06-09,2016
"1880","Death Valley National Park","Hyperthermia","Environmental","Unintentional","Fatal Injury","Male","55-64","Driving",2016-06-09,2016
"1881","Yosemite National Park","Fall","Fall","Unintentional","Fatal Injury","Male","55-64","Photographing",2016-06-11,2016
"1882","Buffalo National River","Drowning","Drowning","Unintentional","Fatal Injury","Female","25-34","Vessel Related",2016-06-12,2016
"1883","Grand Teton National Park","Medical - Not during physical activity","Medical - Not during physical activity","Medical","Fatal Injury","Male","55-64","Driving",2016-06-13,2016
"1884","Santa Monica Mountains National Recreation Area","Motor Vehicle Crash","Motor Vehicle Crash","Unintentional","Fatal Injury","Male","35-44","Driving",2016-06-13,2016
"1885","Catoctin Mountain Park","Medical - During physical activity","Medical - During physical activity","Medical","Fatal Injury","Male","65+","Hiking",2016-06-14,2016
"1886","George Washington Memorial Parkway","Motor Vehicle Crash","Motor Vehicle Crash","Unintentional","Fatal Injury","Female","55-64","Driving",2016-06-14,2016
"1887","Rock Creek Park","Suicide","Suicide","Intentional","Fatal Injury","Male","Not Reported","Suicide",2016-06-15,2016
"1888","Denali National Park & Preserve","Undetermined","Undetermined","Undetermined","Fatal Injury","Male","65+","Climbing",2016-06-15,2016
"1889","Golden Gate National Recreation Area","Drowning","Drowning","Unintentional","Fatal Injury","Male","45-54","Not Reported",2016-06-17,2016
"1890","Yosemite National Park","Drowning","Drowning","Unintentional","Fatal Injury","Male","15-24","Wading",2016-06-18,2016
"1891","Blue Ridge Parkway","Medical - Not during physical activity","Medical - Not during physical activity","Medical","Fatal Injury","Male","65+","Eating",2016-06-19,2016
"1892","Great Smoky Mountains National Park","Medical - Not during physical activity","Medical - Not during physical activity","Medical","Fatal Injury","Female","45-54","Other",2016-06-19,2016
"1893","Grand Teton National Park","Horseback riding incident","Other Transportation","Unintentional","Fatal Injury","Female","65+","Horseback (or mule) riding",2016-06-20,2016
"1894","Sleeping Bear Dunes National Lakeshore","Drowning","Drowning","Unintentional","Fatal Injury","Male","35-44","Diving - Scuba",2016-06-22,2016
"1895","Chattahoochee River National Recreation Area","Drowning","Drowning","Unintentional","Fatal Injury","Male","15-24","Swimming",2016-06-22,2016
"1896","Mount Rushmore National Memorial","Medical - Not during physical activity","Medical - Not during physical activity","Medical","Fatal Injury","Female","55-64","Sitting",2016-06-22,2016
"1897","New River Gorge National River","Suicide","Suicide","Intentional","Fatal Injury","Female","25-34","Suicide",2016-06-22,2016
"1898","New River Gorge National River","Suicide","Suicide","Intentional","Fatal Injury","Male","55-64","Suicide",2016-06-22,2016
"1899","Dinosaur National Monument","Drowning","Drowning","Unintentional","Fatal Injury","Female","55-64","Vessel Related",2016-06-24,2016
"1900","Arches National Park","Hyperthermia","Environmental","Unintentional","Fatal Injury","Male","45-54","Hiking",2016-06-25,2016
"1901","Grand Canyon National Park","Fall","Fall","Unintentional","Fatal Injury","Male","15-24","Walking",2016-06-27,2016
"1902","Olympic National Park","Medical - Not during physical activity","Medical - Not during physical activity","Medical","Fatal Injury","Female","65+","Driving",2016-06-30,2016
"1903","Golden Gate National Recreation Area","Undetermined","Undetermined","Undetermined","Fatal Injury","Male","25-34","Not Reported",2016-06-30,2016
"1904","Colonial National Historical Park","Homicide","Homicide","Intentional","Fatal injury","Male","15-24","Homicide",2016-07-01,2016
"1905","Lava Beds National Monument","Medical - During physical activity","Medical - During physical activity","Medical","Fatal Injury","Male","65+","Hiking",2016-07-02,2016
"1906","Acadia National Park","Medical - During physical activity","Medical - During physical activity","Medical","Fatal Injury","Male","35-44","Swimming",2016-07-02,2016
"1907","Natchez Trace Parkway","Motor Vehicle Crash","Motor Vehicle Crash","Unintentional","Fatal Injury","Female","45-54","Driving",2016-07-02,2016
"1908","Yosemite National Park","Medical - Not during physical activity","Medical - Not during physical activity","Medical","Fatal Injury","Female","65+","Not Reported",2016-07-03,2016
"1909","Blue Ridge Parkway","Medical - Not during physical activity","Medical - Not during physical activity","Medical","Fatal Injury","Female","65+","Other",2016-07-03,2016
"1910","Lyndon B Johnson National Historical Park","Medical - Not during physical activity","Medical - Not during physical activity","Medical","Fatal Injury","Female","65+","Other",2016-07-04,2016
"1911","Yosemite National Park","Drowning","Drowning","Unintentional","Fatal Injury","Male","15-24","Swimming",2016-07-05,2016
"1912","Sleeping Bear Dunes National Lakeshore","Drowning","Drowning","Unintentional","Fatal Injury","Male","65+","Swimming",2016-07-05,2016
"1913","Yellowstone National Park","Motor Vehicle Crash","Motor Vehicle Crash","Unintentional","Fatal Injury","Male","65+","Driving",2016-07-06,2016
"1914","Colonial National Historical Park","Drowning","Drowning","Unintentional","Fatal Injury","Male","25-34","Swimming",2016-07-07,2016
"1915","Delaware Water Gap National Recreation Area","Motor Vehicle Crash","Motor Vehicle Crash","Unintentional","Fatal Injury","Male","25-34","Driving",2016-07-07,2016
"1916","Grand Canyon National Park","Fall","Fall","Unintentional","Fatal Injury","Female","35-44","Photographing",2016-07-08,2016
"1917","Biscayne National Park","Drowning","Drowning","Unintentional","Fatal Injury","Male","25-34","Diving - Free",2016-07-09,2016
"1918","National Mall & Memorial Parks","Motor Vehicle Crash","Motor Vehicle Crash","Unintentional","Fatal Injury","Female","15-24","Driving",2016-07-09,2016
"1919","National Mall & Memorial Parks","Motor Vehicle Crash","Motor Vehicle Crash","Unintentional","Fatal Injury","Male","25-34","Driving",2016-07-09,2016
"1920","Yosemite National Park","Fall","Fall","Unintentional","Fatal Injury","Male","35-44","Climbing",2016-07-10,2016
"1921","Lake Mead National Recreation Area","Drowning","Drowning","Unintentional","Fatal Injury","Male","25-34","Swimming",2016-07-12,2016
"1922","Sequoia & Kings Canyon National Parks","Fall","Fall","Unintentional","Fatal Injury","Male","65+","Hiking",2016-07-12,2016
"1923","Olympic National Park","Medical - Not during physical activity","Medical - Not during physical activity","Medical","Fatal Injury","Male","45-54","Other",2016-07-13,2016
"1924","Lake Mead National Recreation Area","Undetermined","Undetermined","Undetermined","Fatal Injury","Not Reported","Not Reported","Not Reported",2016-07-13,2016
"1925","Blue Ridge Parkway","Lightning Strike","Environmental","Unintentional","Fatal Injury","Male","45-54","Driving",2016-07-16,2016
"1926","Gateway National Recreation Area","Motor Vehicle Crash","Motor Vehicle Crash","Unintentional","Fatal Injury","Male","25-34","Driving",2016-07-16,2016
"1927","Suitland","Motor Vehicle Crash","Motor Vehicle Crash","Unintentional","Fatal Injury","Male","25-34","Driving",2016-07-16,2016
"1928","Little River Canyon National Preserve","Motor Vehicle Crash","Motor Vehicle Crash","Unintentional","Fatal Injury","Female","15-24","Driving",2016-07-17,2016
"1929","Little River Canyon National Preserve","Motor Vehicle Crash","Motor Vehicle Crash","Unintentional","Fatal Injury","Male","25-34","Driving",2016-07-17,2016
"1930","Suitland","Motor Vehicle Crash","Motor Vehicle Crash","Unintentional","Fatal Injury","Male","45-54","Walking",2016-07-18,2016
"1931","Dinosaur National Monument","Fall","Fall","Unintentional","Fatal Injury","Female","65+","Hiking",2016-07-19,2016
"1932","Baltimore-Washington Parkway","Motor Vehicle Crash","Motor Vehicle Crash","Unintentional","Fatal Injury","Male","65+","Driving",2016-07-19,2016
"1933","Lake Mead National Recreation Area","Suicide","Suicide","Intentional","Fatal Injury","Female","55-64","Suicide",2016-07-20,2016
"1934","Cape Hatteras National Seashore","Drowning","Drowning","Unintentional","Fatal Injury","Male","65+","Swimming",2016-07-21,2016
"1935","Cape Hatteras National Seashore","Drowning","Drowning","Unintentional","Fatal Injury","Male","65+","Swimming",2016-07-22,2016
"1936","Glacier National Park","Medical - Not during physical activity","Medical - Not during physical activity","Medical","Fatal Injury","Male","45-54","Other",2016-07-22,2016
"1937","Yellowstone National Park","Motor Vehicle Crash","Motor Vehicle Crash","Unintentional","Fatal Injury","Male","65+","Driving",2016-07-22,2016
"1938","Valley Forge National Historical Park","Suicide","Suicide","Intentional","Fatal Injury","Male","65+","Suicide",2016-07-22,2016
"1939","Grand Teton National Park","Fall","Fall","Unintentional","Fatal Injury","Male","35-44","Climbing",2016-07-23,2016
"1940","Yosemite National Park","Horseback riding incident","Other Transportation","Unintentional","Fatal Injury","Male","65+","Horseback (or mule) riding",2016-07-23,2016
"1941","Rocky Mountain National Park","Suicide","Suicide","Intentional","Fatal Injury","Male","55-64","Suicide",2016-07-23,2016
"1942","Lake Mead National Recreation Area","Medical - During physical activity","Medical - During physical activity","Medical","Fatal Injury","Male","65+","Vessel Related",2016-07-24,2016
"1943","Gulf Islands National Seashore","Drowning","Drowning","Unintentional","Fatal Injury","Male","65+","Swimming",2016-07-26,2016
"1944","Sequoia & Kings Canyon National Parks","Fall","Fall","Unintentional","Fatal Injury","Male","65+","Hiking",2016-07-27,2016
"1945","Yosemite National Park","Medical - Not during physical activity","Medical - Not during physical activity","Medical","Fatal Injury","Male","55-64","Other",2016-07-27,2016
"1946","Grand Canyon National Park","Suicide","Suicide","Intentional","Fatal Injury","Male","55-64","Suicide",2016-07-27,2016
"1947","Lake Mead National Recreation Area","Motor Vehicle Crash","Motor Vehicle Crash","Unintentional","Fatal Injury","Male","35-44","Driving",2016-07-28,2016
"1948","New River Gorge National River","Suicide","Suicide","Intentional","Fatal Injury","Female","35-44","Suicide",2016-07-28,2016
"1949","Glen Canyon National Recreation Area","Vessel Incident","Other Transportation","Unintentional","Fatal injury","Male","15-24","Vessel Related",2016-07-28,2016
"1950","Sequoia & Kings Canyon National Parks","Fall","Fall","Unintentional","Fatal Injury","Male","15-24","Hiking",2016-07-29,2016
"1951","George Washington Memorial Parkway","Suicide","Suicide","Intentional","Fatal Injury","Male","45-54","Suicide",2016-07-29,2016
"1952","Mojave National Preserve","Undetermined","Undetermined","Undetermined","Fatal Injury","Male","65+","Not Reported",2016-07-29,2016
"1953","New River Gorge National River","Medical - During physical activity","Medical - During physical activity","Medical","Fatal Injury","Male","65+","Vessel Related",2016-07-30,2016
"1954","Coronado National Memorial","Suicide","Suicide","Intentional","Fatal Injury","Male","65+","Suicide",2016-07-30,2016
"1955","Golden Gate National Recreation Area","Undetermined","Undetermined","Undetermined","Fatal Injury","Male","25-34","Hiking",2016-07-30,2016
"1956","Gateway National Recreation Area","Homicide","Homicide","Intentional","Fatal injury","Female","25-34","Homicide",2016-08-02,2016
"1957","Anacostia Park","Undetermined","Undetermined","Undetermined","Fatal Injury","Female","Not Reported","Not Reported",2016-08-02,2016
"1958","Gateway National Recreation Area","Drowning","Drowning","Unintentional","Fatal Injury","Male","45-54","Not Reported",2016-08-05,2016
"1959","Curecanti National Recreation Area","Undetermined","Undetermined","Undetermined","Fatal Injury","Male","55-64","Not Reported",2016-08-05,2016
"1960","Baltimore-Washington Parkway","Motor Vehicle Crash","Motor Vehicle Crash","Unintentional","Fatal Injury","Male","35-44","Driving",2016-08-06,2016
"1961","Yellowstone National Park","Undetermined","Undetermined","Undetermined","Fatal Injury","Not Reported","Not Reported","Not Reported",2016-08-06,2016
"1962","Blue Ridge Parkway","Bicycle only crash","Other Transportation","Unintentional","Fatal injury","Male","65+","Bicycling",2016-08-07,2016
"1963","Indiana Dunes National Park","Poisoning - alcohol","Poisoning","Unintentional","Fatal Injury","Male","35-44","Camping",2016-08-07,2016
"1964","Crater Lake National Park","Medical - During physical activity","Medical - During physical activity","Medical","Fatal Injury","Male","45-54","Driving",2016-08-08,2016
"1965","Apostle Islands National Lakeshore","Drowning","Drowning","Unintentional","Fatal Injury","Male","15-24","Wading",2016-08-10,2016
"1966","Great Smoky Mountains National Park","Medical - During physical activity","Medical - During physical activity","Medical","Fatal Injury","Male","65+","Hiking",2016-08-10,2016
"1967","Cape Hatteras National Seashore","Drowning","Drowning","Unintentional","Fatal Injury","Female","55-64","Swimming",2016-08-11,2016
"1968","Lake Roosevelt National Recreation Area","Drowning","Drowning","Unintentional","Fatal Injury","Male","Not Reported","Swimming",2016-08-13,2016
"1969","Lake Mead National Recreation Area","Drowning","Drowning","Unintentional","Fatal Injury","Male","65+","Swimming",2016-08-13,2016
"1970","Joshua Tree National Park","Hyperthermia","Environmental","Unintentional","Fatal Injury","Female","55-64","Hiking",2016-08-13,2016
"1971","Mount Rainier National Park","Medical - During physical activity","Medical - During physical activity","Medical","Fatal Injury","Male","45-54","Hiking",2016-08-13,2016
"1972","Gulf Islands National Seashore","Suicide","Suicide","Intentional","Fatal Injury","Male","35-44","Suicide",2016-08-13,2016
"1973","Golden Gate National Recreation Area","Drowning","Drowning","Unintentional","Fatal Injury","Male","25-34","Vessel Related",2016-08-14,2016
"1974","Colonial National Historical Park","Suicide","Suicide","Intentional","Fatal Injury","Male","15-24","Suicide",2016-08-14,2016
"1975","Olympic National Park","Drowning","Drowning","Unintentional","Fatal Injury","Male","65+","Vessel Related",2016-08-17,2016
"1976","Golden Gate National Recreation Area","Suicide","Suicide","Intentional","Fatal Injury","Female","55-64","Suicide",2016-08-17,2016
"1977","Blue Ridge Parkway","Motor Vehicle Crash","Motor Vehicle Crash","Unintentional","Fatal Injury","Male","55-64","Driving",2016-08-18,2016
"1978","Big Thicket National Preserve","Fall","Fall","Unintentional","Fatal Injury","Male","65+","Other",2016-08-20,2016
"1979","Arches National Park","Medical - During physical activity","Medical - During physical activity","Medical","Fatal Injury","Male","65+","Hiking",2016-08-21,2016
"1980","Gateway National Recreation Area","Medical - Unknown","Medical - Unknown","Medical","Fatal Injury","Male","55-64","Not Reported",2016-08-21,2016
"1981","Hopewell Culture National Historical Park","Suicide","Suicide","Intentional","Fatal Injury","Male","25-34","Suicide",2016-08-22,2016
"1982","Glen Canyon National Recreation Area","Drowning","Drowning","Unintentional","Fatal Injury","Female","25-34","Swimming",2016-08-23,2016
"1983","Assateague Island National Seashore","Medical - During physical activity","Medical - During physical activity","Medical","Fatal Injury","Female","65+","Other",2016-08-23,2016
"1984","Golden Gate National Recreation Area","Suicide","Suicide","Intentional","Fatal Injury","Female","15-24","Suicide",2016-08-24,2016
"1985","Yellowstone National Park","Fall","Fall","Unintentional","Fatal Injury","Female","15-24","Walking",2016-08-26,2016
"1986","Great Smoky Mountains National Park","Motor Vehicle Crash","Motor Vehicle Crash","Unintentional","Fatal Injury","Female","55-64","Wildlife watching",2016-08-26,2016
"1987","Upper Delaware Scenic & Recreational River","Drowning","Drowning","Unintentional","Fatal Injury","Male","15-24","Swimming",2016-08-27,2016
"1988","Sequoia & Kings Canyon National Parks","Motor Vehicle Crash","Motor Vehicle Crash","Unintentional","Fatal Injury","Male","65+","Driving",2016-08-27,2016
"1989","Natchez Trace Parkway","Motor Vehicle Crash","Motor Vehicle Crash","Unintentional","Fatal Injury","Female","55-64","Driving",2016-08-27,2016
"1990","Lake Mead National Recreation Area","Water diving incident","Environmental","Unintentional","Fatal Injury","Male","45-54","Diving - Scuba",2016-08-27,2016
"1991","Death Valley National Park","Hyperthermia","Environmental","Unintentional","Fatal Injury","Female","35-44","Walking",2016-08-28,2016
"1992","Lake Mead National Recreation Area","Undetermined","Undetermined","Undetermined","Fatal Injury","Female","55-64","Snorkeling",2016-08-28,2016
"1993","Assateague Island National Seashore","Drowning","Drowning","Unintentional","Fatal Injury","Male","45-54","Swimming",2016-08-30,2016
"1994","Glacier National Park","Fall","Fall","Unintentional","Fatal Injury","Male","55-64","Climbing",2016-08-30,2016
"1995","Grand Teton National Park","Fall","Fall","Unintentional","Fatal Injury","Male","15-24","Climbing",2016-08-31,2016
"1996","Suitland","Motor Vehicle Crash","Motor Vehicle Crash","Unintentional","Fatal Injury","Male","15-24","Walking",2016-08-31,2016
"1997","Blue Ridge Parkway","Hypothermia","Environmental","Unintentional","Fatal Injury","Male","Not Reported","Not Reported",2016-09-01,2016
"1998","Great Smoky Mountains National Park","Motor Vehicle Crash","Motor Vehicle Crash","Unintentional","Fatal Injury","Male","55-64","Driving",2016-09-01,2016
"1999","Missouri National Recreational River","Drowning","Drowning","Unintentional","Fatal Injury","Male","15-24","Swimming",2016-09-04,2016
"2000","Acadia National Park","Motor Vehicle Crash","Motor Vehicle Crash","Unintentional","Fatal Injury","Male","15-24","Driving",2016-09-04,2016
"2001","Sleeping Bear Dunes National Lakeshore","Drowning","Drowning","Unintentional","Fatal Injury","Male","15-24","Vessel Related",2016-09-05,2016
"2002","Chattahoochee River National Recreation Area","Drowning","Drowning","Unintentional","Fatal Injury","Male","15-24","Swimming",2016-09-05,2016
"2003","Yosemite National Park","Fall","Fall","Unintentional","Fatal Injury","Male","15-24","Climbing",2016-09-05,2016
"2004","Natchez Trace Parkway","Motor Vehicle Crash","Motor Vehicle Crash","Unintentional","Fatal Injury","Male","25-34","Driving",2016-09-05,2016
"2005","George Washington Memorial Parkway","Suicide","Suicide","Intentional","Fatal Injury","Male","55-64","Suicide",2016-09-05,2016
"2006","Cuyahoga Valley National Park","Suicide","Suicide","Intentional","Fatal Injury","Male","65+","Suicide",2016-09-06,2016
"2007","Sequoia & Kings Canyon National Parks","Fall","Fall","Unintentional","Fatal Injury","Female","25-34","Climbing",2016-09-07,2016
"2008","Wind Cave National Park","Motor Vehicle Crash","Motor Vehicle Crash","Unintentional","Fatal Injury","Male","65+","Driving",2016-09-07,2016
"2009","Bandelier National Monument","Suicide","Suicide","Intentional","Fatal Injury","Male","55-64","Suicide",2016-09-08,2016
"2010","Cape Hatteras National Seashore","Drowning","Drowning","Unintentional","Fatal Injury","Male","45-54","Swimming",2016-09-09,2016
"2011","Cape Hatteras National Seashore","Drowning","Drowning","Unintentional","Fatal Injury","Male","65+","Swimming",2016-09-09,2016
"2012","Blue Ridge Parkway","Homicide","Homicide","Intentional","Fatal injury","Female","0-14","Homicide",2016-09-09,2016
"2013","Blue Ridge Parkway","Homicide","Homicide","Intentional","Fatal injury","Not Reported","Not Reported","Homicide",2016-09-09,2016
"2014","Glen Canyon National Recreation Area","Drowning","Drowning","Unintentional","Fatal Injury","Female","0-14","Vessel Related",2016-09-10,2016
"2015","Yosemite National Park","Medical - Not during physical activity","Medical - Not during physical activity","Medical","Fatal Injury","Female","65+","Other",2016-09-10,2016
"2016","Delaware Water Gap National Recreation Area","Drowning","Drowning","Unintentional","Fatal Injury","Male","15-24","Swimming",2016-09-11,2016
"2017","Grand Canyon National Park","Drowning","Drowning","Unintentional","Fatal Injury","Male","25-34","Vessel Related",2016-09-11,2016
"2018","Canyonlands National Park","Fall","Fall","Unintentional","Fatal Injury","Female","25-34","Hiking",2016-09-11,2016
"2019","Yellowstone National Park","Undetermined","Undetermined","Undetermined","Fatal Injury","Not Reported","Not Reported","Not Reported",2016-09-11,2016
"2020","Great Smoky Mountains National Park","Fall","Fall","Unintentional","Fatal Injury","Female","65+","Photographing",2016-09-12,2016
"2021","Gateway National Recreation Area","Undetermined","Undetermined","Undetermined","Fatal Injury","Female","Not Reported","Not Reported",2016-09-14,2016
"2022","Yosemite National Park","Medical - Not during physical activity","Medical - Not during physical activity","Medical","Fatal Injury","Female","55-64","Other",2016-09-16,2016
"2023","Buffalo National River","Motor Vehicle Crash","Motor Vehicle Crash","Unintentional","Fatal Injury","Male","55-64","Driving",2016-09-16,2016
"2024","Everglades National Park","Undetermined","Undetermined","Undetermined","Fatal Injury","Male","45-54","Not Reported",2016-09-16,2016
"2025","Lake Mead National Recreation Area","Drowning","Drowning","Unintentional","Fatal Injury","Male","35-44","Vessel Related",2016-09-17,2016
"2026","Sequoia & Kings Canyon National Parks","Drowning","Drowning","Unintentional","Fatal Injury","Male","15-24","Swimming",2016-09-17,2016
"2027","Saguaro National Park","Hyperthermia","Environmental","Unintentional","Fatal Injury","Male","55-64","Hiking",2016-09-17,2016
"2028","Yellowstone National Park","Medical - During physical activity","Medical - During physical activity","Medical","Fatal Injury","Male","65+","Hiking",2016-09-19,2016
"2029","Crater Lake National Park","Medical - Unknown","Medical - Unknown","Medical","Fatal Injury","Male","55-64","Not Reported",2016-09-19,2016
"2030","Curecanti National Recreation Area","Motor Vehicle Crash","Motor Vehicle Crash","Unintentional","Fatal Injury","Male","55-64","Driving",2016-09-19,2016
"2031","Sequoia & Kings Canyon National Parks","Fall","Fall","Unintentional","Fatal Injury","Male","45-54","Climbing",2016-09-20,2016
"2032","Rocky Mountain National Park","Medical - Not during physical activity","Medical - Not during physical activity","Medical","Fatal Injury","Female","55-64","Other",2016-09-22,2016
"2033","Chesapeake & Ohio Canal National Historical Park","Medical - Unknown","Medical - Unknown","Medical","Fatal Injury","Male","Not Reported","Not Reported",2016-09-24,2016
"2034","Padre Island National Seashore","Homicide","Homicide","Intentional","Fatal injury","Male","45-54","Homicide",2016-09-25,2016
"2035","Natchez Trace Parkway","Motor Vehicle Crash","Motor Vehicle Crash","Unintentional","Fatal Injury","Male","25-34","Driving",2016-09-26,2016
"2036","Cuyahoga Valley National Park","Suicide","Suicide","Intentional","Fatal Injury","Male","15-24","Suicide",2016-09-26,2016
"2037","Blue Ridge Parkway","Motor Vehicle Crash","Motor Vehicle Crash","Unintentional","Fatal Injury","Male","45-54","Driving",2016-09-28,2016
"2038","Gateway National Recreation Area","Suicide","Suicide","Intentional","Fatal Injury","Female","25-34","Suicide",2016-09-30,2016
"2039","Rocky Mountain National Park","Fall","Fall","Unintentional","Fatal Injury","Male","55-64","Hiking",2016-10-01,2016
"2040","Sequoia & Kings Canyon National Parks","Fall","Fall","Unintentional","Fatal Injury","Female","15-24","Hiking",2016-10-01,2016
"2041","Cape Hatteras National Seashore","Drowning","Drowning","Unintentional","Fatal Injury","Male","55-64","Swimming",2016-10-02,2016
"2042","Bandelier National Monument","Falling tree/branch","Environmental","Unintentional","Fatal Injury","Female","65+","Other",2016-10-03,2016
"2043","Yellowstone National Park","Medical - Not during physical activity","Medical - Not during physical activity","Medical","Fatal Injury","Male","65+","Driving",2016-10-05,2016
"2044","Golden Gate National Recreation Area","Suicide","Suicide","Intentional","Fatal Injury","Female","35-44","Suicide",2016-10-06,2016
"2045","Rocky Mountain National Park","Medical - Not during physical activity","Medical - Not during physical activity","Medical","Fatal Injury","Male","65+","Driving",2016-10-07,2016
"2046","Natchez Trace Parkway","Suicide","Suicide","Intentional","Fatal Injury","Female","45-54","Suicide",2016-10-08,2016
"2047","Blue Ridge Parkway","Fall","Fall","Unintentional","Fatal Injury","Female","15-24","Hiking",2016-10-09,2016
"2048","Natchez Trace Parkway","Motor Vehicle Crash","Motor Vehicle Crash","Unintentional","Fatal Injury","Male","15-24","Driving",2016-10-09,2016
"2049","Cape Hatteras National Seashore","Drowning","Drowning","Unintentional","Fatal Injury","Male","45-54","Vessel Related",2016-10-11,2016
"2050","Suitland","Motor Vehicle Crash","Motor Vehicle Crash","Unintentional","Fatal Injury","Male","65+","Driving",2016-10-11,2016
"2051","Natchez Trace Parkway","Motor Vehicle Crash","Motor Vehicle Crash","Unintentional","Fatal Injury","Female","15-24","Driving",2016-10-11,2016
"2052","Lake Meredith National Recreation Area","Undetermined","Undetermined","Undetermined","Fatal Injury","Not Reported","Not Reported","Not Reported",2016-10-12,2016
"2053","Grand Canyon National Park","Undetermined","Undetermined","Undetermined","Fatal Injury","Male","55-64","Other",2016-10-12,2016
"2054","Cape Hatteras National Seashore","Drowning","Drowning","Unintentional","Fatal Injury","Male","15-24","Swimming",2016-10-13,2016
"2055","Blue Ridge Parkway","Motor Vehicle Crash","Motor Vehicle Crash","Unintentional","Fatal Injury","Male","55-64","Driving",2016-10-14,2016
"2056","New River Gorge National River","Suicide","Suicide","Intentional","Fatal Injury","Male","65+","Suicide",2016-10-14,2016
"2057","Yellowstone National Park","Undetermined","Undetermined","Undetermined","Fatal Injury","Not Reported","Not Reported","Not Reported",2016-10-15,2016
"2058","Golden Gate National Recreation Area","Motor Vehicle Crash","Motor Vehicle Crash","Unintentional","Fatal Injury","Male","15-24","Driving",2016-10-18,2016
"2059","Golden Gate National Recreation Area","Motor Vehicle Crash","Motor Vehicle Crash","Unintentional","Fatal Injury","Male","15-24","Driving",2016-10-18,2016
"2060","Golden Gate National Recreation Area","Motor Vehicle Crash","Motor Vehicle Crash","Unintentional","Fatal Injury","Male","15-24","Driving",2016-10-18,2016
"2061","Cape Hatteras National Seashore","Undetermined","Undetermined","Undetermined","Fatal Injury","Male","65+","Vessel Related",2016-10-19,2016
"2062","Glen Canyon National Recreation Area","Medical - Not during physical activity","Medical - Not during physical activity","Medical","Fatal Injury","Male","35-44","Not Reported",2016-10-22,2016
"2063","Arches National Park","Medical - During physical activity","Medical - During physical activity","Medical","Fatal Injury","Male","65+","Hiking",2016-10-24,2016
"2064","Big Bend National Park","Medical - Not during physical activity","Medical - Not during physical activity","Medical","Fatal Injury","Male","65+","Sleeping",2016-10-24,2016
"2065","Natchez Trace Parkway","Medical - During physical activity","Medical - During physical activity","Medical","Fatal Injury","Male","65+","Bicycling",2016-10-25,2016
"2066","Natchez Trace Parkway","Motor Vehicle Crash","Motor Vehicle Crash","Unintentional","Fatal Injury","Female","45-54","Driving",2016-10-25,2016
"2067","Death Valley National Park","Motor Vehicle Crash","Motor Vehicle Crash","Unintentional","Fatal Injury","Male","65+","Driving",2016-10-26,2016
"2068","Lake Clark National Park & Preserve","Aircraft incident","Other Transportation","Unintentional","Fatal injury","Male","55-64","Flying",2016-10-28,2016
"2069","Big Bend National Park","Medical - Not during physical activity","Medical - Not during physical activity","Medical","Fatal Injury","Male","65+","Other",2016-11-01,2016
"2070","Natchez Trace Parkway","Suicide","Suicide","Intentional","Fatal Injury","Male","25-34","Suicide",2016-11-01,2016
"2071","Olympic National Park","Legal Intervention","Legal Intervention","Intentional","Fatal injury","Not Reported","Not Reported","Other",2016-11-04,2016
"2072","Blue Ridge Parkway","Hypothermia","Environmental","Unintentional","Fatal Injury","Male","35-44","Other",2016-11-06,2016
"2073","National Mall & Memorial Parks","Undetermined","Undetermined","Undetermined","Fatal Injury","Male","Not Reported","Not Reported",2016-11-06,2016
"2074","Blue Ridge Parkway","Undetermined","Undetermined","Undetermined","Fatal Injury","Not Reported","Not Reported","Not Reported",2016-11-08,2016
"2075","Great Smoky Mountains National Park","Motor Vehicle Crash","Motor Vehicle Crash","Unintentional","Fatal Injury","Female","55-64","Driving",2016-11-13,2016
"2076","Cape Hatteras National Seashore","Drowning","Drowning","Unintentional","Fatal Injury","Male","45-54","Vessel Related",2016-11-14,2016
"2077","Cuyahoga Valley National Park","Suicide","Suicide","Intentional","Fatal Injury","Male","65+","Suicide",2016-11-15,2016
"2078","Bighorn Canyon National Recreation Area","Undetermined","Undetermined","Undetermined","Fatal Injury","Not Reported","Not Reported","Not Reported",2016-11-18,2016
"2079","Clara Barton National Historic Site","Motor Vehicle Crash","Motor Vehicle Crash","Unintentional","Fatal Injury","Male","55-64","Driving",2016-11-22,2016
"2080","National Mall & Memorial Parks","Suicide","Suicide","Intentional","Fatal Injury","Male","35-44","Suicide",2016-11-22,2016
"2081","Rock Creek Park","Suicide","Suicide","Intentional","Fatal Injury","Female","Not Reported","Suicide",2016-11-23,2016
"2082","Fort Vancouver National Historic Site","Undetermined","Undetermined","Undetermined","Fatal Injury","Female","15-24","Not Reported",2016-11-23,2016
"2083","Sequoia & Kings Canyon National Parks","Fall","Fall","Unintentional","Fatal Injury","Male","35-44","Hiking",2016-11-25,2016
"2084","Lake Mead National Recreation Area","Asphyxiation","Other","Unintentional","Fatal Injury","Male","0-14","Sleeping",2016-11-26,2016
"2085","Colonial National Historical Park","Suicide","Suicide","Intentional","Fatal Injury","Male","15-24","Suicide",2016-11-26,2016
"2086","Great Smoky Mountains National Park","Suicide","Suicide","Intentional","Fatal Injury","Male","65+","Suicide",2016-11-29,2016
"2087","Clara Barton National Historic Site","Motor Vehicle Crash","Motor Vehicle Crash","Unintentional","Fatal Injury","Female","15-24","Driving",2016-12-01,2016
"2088","Grand Canyon National Park","Suicide","Suicide","Intentional","Fatal Injury","Male","45-54","Suicide",2016-12-01,2016
"2089","Virgin Islands National Park","Medical - During physical activity","Medical - During physical activity","Medical","Fatal Injury","Male","55-64","Swimming",2016-12-03,2016
"2090","Virgin Islands National Park","Drowning","Drowning","Unintentional","Fatal Injury","Female","65+","Snorkeling",2016-12-06,2016
"2091","Delaware Water Gap National Recreation Area","Poisoning - drugs","Poisoning","Unintentional","Fatal Injury","Male","Not Reported","Other",2016-12-12,2016
"2092","Acadia National Park","Suicide","Suicide","Intentional","Fatal Injury","Male","25-34","Suicide",2016-12-12,2016
"2093","Grand Canyon National Park","Undetermined","Undetermined","Undetermined","Fatal Injury","Female","45-54","Not Reported",2016-12-12,2016
"2094","Redwood National and State Parks","Suicide","Suicide","Intentional","Fatal Injury","Male","55-64","Suicide",2016-12-15,2016
"2095","Glen Canyon National Recreation Area","Undetermined","Undetermined","Undetermined","Fatal Injury","Male","55-64","Not Reported",2016-12-18,2016
"2096","Rock Creek Park","Suicide","Suicide","Intentional","Fatal Injury","Male","Not Reported","Suicide",2016-12-20,2016
"2097","Harpers Ferry National Historical Park","Suicide","Suicide","Intentional","Fatal Injury","Male","55-64","Suicide",2016-12-22,2016
"2098","Golden Gate National Recreation Area","Suicide","Suicide","Intentional","Fatal Injury","Female","35-44","Suicide",2016-12-22,2016
"2099","Grand Canyon National Park","Medical - Not during physical activity","Medical - Not during physical activity","Medical","Fatal Injury","Male","65+","Other",2016-12-24,2016
"2100","Little River Canyon National Preserve","Suicide","Suicide","Intentional","Fatal Injury","Male","25-34","Suicide",2016-12-24,2016
"2101","Great Smoky Mountains National Park","Aircraft incident","Other Transportation","Unintentional","Fatal injury","Male","0-14","Flying",2016-12-26,2016
"2102","Great Smoky Mountains National Park","Aircraft incident","Other Transportation","Unintentional","Fatal injury","Male","35-44","Flying",2016-12-26,2016
"2103","Great Smoky Mountains National Park","Aircraft incident","Other Transportation","Unintentional","Fatal injury","Female","35-44","Flying",2016-12-26,2016
"2104","Olympic National Park","Motor Vehicle Crash","Motor Vehicle Crash","Unintentional","Fatal Injury","Male","0-14","Driving",2017-01-01,2017
"2105","Organ Pipe Cactus National Monument","Undetermined","Undetermined","Undetermined","Fatal Injury","Male","25-34","Illegal activity",2017-01-02,2017
"2106","Organ Pipe Cactus National Monument","Undetermined","Undetermined","Undetermined","Fatal Injury","Male","Not Reported","Illegal activity",2017-01-03,2017
"2107","Glacier National Park","Avalanche","Environmental","Unintentional","Fatal Injury","Male","35-44","Skiing",2017-01-05,2017
"2108","Yosemite National Park","Fall","Fall","Unintentional","Fatal Injury","Male","15-24","Hiking",2017-01-06,2017
"2109","Olympic National Park","Medical - During physical activity","Medical - During physical activity","Medical","Fatal Injury","Not Reported","Not Reported","Playing Sports",2017-01-07,2017
"2110","Zion National Park","Medical - Not during physical activity","Medical - Not during physical activity","Medical","Fatal Injury","Female","55-64","Sleeping",2017-01-08,2017
"2111","North Cascades National Park","Suicide","Suicide","Intentional","Fatal injury","Female","15-24","Suicide",2017-01-09,2017
"2112","Little River Canyon National Preserve","Suicide","Suicide","Intentional","Fatal injury","Male","25-34","Suicide",2017-01-15,2017
"2113","Lake Mead National Recreation Area","Undetermined","Undetermined","Undetermined","Fatal Injury","Male","25-34","Not Reported",2017-01-18,2017
"2114","Natchez Trace Parkway","Suicide","Suicide","Intentional","Fatal injury","Male","25-34","Suicide",2017-01-19,2017
"2115","Cape Hatteras National Seashore","Drowning","Drowning","Unintentional","Fatal Injury","Male","25-34","Swimming",2017-01-21,2017
"2116","Hawaii Volcanoes National Park","Motor Vehicle Crash","Motor Vehicle Crash","Unintentional","Fatal Injury","Male","65+","Driving",2017-01-21,2017
"2117","Everglades National Park","Suicide","Suicide","Intentional","Fatal injury","Male","15-24","Suicide",2017-01-23,2017
"2118","George Washington Memorial Parkway","Hypothermia","Environmental","Unintentional","Fatal Injury","Male","25-34","Not Reported",2017-01-24,2017
"2119","San Antonio Missions National Historical Park","Aircraft incident","Other Transportation","Unintentional","Fatal Injury","Male","25-34","Flying",2017-01-25,2017
"2120","Lake Mead National Recreation Area","Medical - Not during physical activity","Medical - Not during physical activity","Medical","Fatal Injury","Male","65+","Other",2017-01-25,2017
"2121","Jean Lafitte National Historical Park & Preserve","Suicide","Suicide","Intentional","Fatal injury","Male","15-24","Suicide",2017-01-26,2017
"2122","Chickamauga & Chattanooga National Military Park","Suicide","Suicide","Intentional","Fatal injury","Male","55-64","Suicide",2017-01-26,2017
"2123","Gulf Islands National Seashore","Suicide","Suicide","Intentional","Fatal injury","Male","15-24","Suicide",2017-01-26,2017
"2124","National Mall & Memorial Parks","Hypothermia","Environmental","Unintentional","Fatal Injury","Male","Not Reported","Sleeping",2017-01-27,2017
"2125","Grand Canyon National Park","Fall","Fall","Unintentional","Fatal Injury","Male","15-24","Climbing",2017-01-28,2017
"2126","Virgin Islands National Park","Drowning","Drowning","Unintentional","Fatal Injury","Male","15-24","Snorkeling",2017-01-31,2017
"2127","Lake Mead National Recreation Area","Medical - Unknown","Medical - Unknown","Medical","Fatal Injury","Male","45-54","Not Reported",2017-02-04,2017
"2128","Natchez Trace Parkway","Motor Vehicle Crash","Motor Vehicle Crash","Unintentional","Fatal Injury","Male","65+","Driving",2017-02-05,2017
"2129","George Washington Memorial Parkway","Suicide","Suicide","Intentional","Fatal injury","Male","15-24","Suicide",2017-02-05,2017
"2130","Saint Croix National Scenic Riverway","Suicide","Suicide","Intentional","Fatal injury","Male","45-54","Suicide",2017-02-05,2017
"2131","Great Falls Park","Suicide","Suicide","Intentional","Fatal injury","Female","55-64","Suicide",2017-02-06,2017
"2132","Golden Gate National Recreation Area","Medical - Not during physical activity","Medical - Not during physical activity","Medical","Fatal Injury","Male","55-64","Not Reported",2017-02-10,2017
"2133","New River Gorge National River","Suicide","Suicide","Intentional","Fatal injury","Male","45-54","Suicide",2017-02-12,2017
"2134","Gateway National Recreation Area","Undetermined","Undetermined","Undetermined","Fatal Injury","Male","25-34","Not Reported",2017-02-14,2017
"2135","Grand Teton National Park","Skiing Incident","Other Transportation","Unintentional","Fatal Injury","Male","25-34","Skiing",2017-02-15,2017
"2136","Rock Creek Park","Medical - During physical activity","Medical - During physical activity","Medical","Fatal Injury","Female","55-64","Playing Sports",2017-02-15,2017
"2137","Natchez Trace Parkway","Medical - During physical activity","Medical - During physical activity","Medical","Fatal Injury","Male","45-54","Playing Sports",2017-02-15,2017
"2138","Organ Pipe Cactus National Monument","Undetermined","Undetermined","Undetermined","Fatal Injury","Male","Not Reported","Illegal activity",2017-02-17,2017
"2139","Natchez Trace Parkway","Suicide","Suicide","Intentional","Fatal injury","Male","15-24","Suicide",2017-02-23,2017
"2140","Golden Gate National Recreation Area","Suicide","Suicide","Intentional","Fatal injury","Male","35-44","Suicide",2017-02-26,2017
"2141","Zion National Park","Fall","Fall","Unintentional","Fatal Injury","Male","45-54","Hiking",2017-03-03,2017
"2142","Yosemite National Park","Falling tree/branch","Environmental","Unintentional","Fatal Injury","Female","15-24","Sitting",2017-03-05,2017
"2143","Independence National Historical Park","Medical - Not during physical activity","Medical - Not during physical activity","Medical","Fatal Injury","Female","45-54","Sitting",2017-03-06,2017
"2144","Suitland","Motor Vehicle Crash","Motor Vehicle Crash","Unintentional","Fatal Injury","Male","0-14","Driving",2017-03-09,2017
"2145","Suitland","Motor Vehicle Crash","Motor Vehicle Crash","Unintentional","Fatal Injury","Female","15-24","Driving",2017-03-09,2017
"2146","Golden Gate National Recreation Area","Suicide","Suicide","Intentional","Fatal injury","Male","45-54","Suicide",2017-03-09,2017
"2147","Organ Pipe Cactus National Monument","Undetermined","Undetermined","Undetermined","Fatal Injury","Male","Not Reported","Illegal activity",2017-03-10,2017
"2148","Grand Canyon National Park","Fall","Fall","Unintentional","Fatal Injury","Male","25-34","Photographing",2017-03-14,2017
"2149","Yosemite National Park","Medical - During physical activity","Medical - During physical activity","Medical","Fatal Injury","Male","45-54","Hiking",2017-03-14,2017
"2150","Golden Gate National Recreation Area","Suicide","Suicide","Intentional","Fatal injury","Male","45-54","Suicide",2017-03-15,2017
"2151","Lake Mead National Recreation Area","Motor Vehicle Crash","Motor Vehicle Crash","Unintentional","Fatal Injury","Male","15-24","Driving",2017-03-17,2017
"2152","Rocky Mountain National Park","Fall","Fall","Unintentional","Fatal Injury","Male","35-44","Hiking",2017-03-18,2017
"2153","Mammoth Cave National Park","Medical - During physical activity","Medical - During physical activity","Medical","Fatal Injury","Male","45-54","Hiking",2017-03-18,2017
"2154","Lake Mead National Recreation Area","Motor Vehicle Crash","Motor Vehicle Crash","Unintentional","Fatal Injury","Male","55-64","Driving",2017-03-21,2017
"2155","Lake Mead National Recreation Area","Motor Vehicle Crash","Motor Vehicle Crash","Unintentional","Fatal Injury","Male","65+","Driving",2017-03-21,2017
"2156","Cuyahoga Valley National Park","Undetermined","Undetermined","Undetermined","Fatal Injury","Male","55-64","Not Reported",2017-03-23,2017
"2157","Joshua Tree National Park","Fall","Fall","Unintentional","Fatal Injury","Male","25-34","Climbing",2017-03-25,2017
"2158","Natchez Trace Parkway","Motor Vehicle Crash","Motor Vehicle Crash","Unintentional","Fatal Injury","Female","0-14","Driving",2017-03-25,2017
"2159","Natchez Trace Parkway","Motor Vehicle Crash","Motor Vehicle Crash","Unintentional","Fatal Injury","Male","65+","Driving",2017-03-25,2017
"2160","Chesapeake & Ohio Canal National Historical Park","Suicide","Suicide","Intentional","Fatal injury","Female","15-24","Suicide",2017-03-26,2017
"2161","Great Falls Park","Suicide","Suicide","Intentional","Fatal injury","Female","Not Reported","Suicide",2017-03-27,2017
"2162","Gateway National Recreation Area","Undetermined","Undetermined","Undetermined","Fatal Injury","Male","Not Reported","Not Reported",2017-03-27,2017
"2163","Point Reyes National Seashore","Drowning","Drowning","Unintentional","Fatal Injury","Male","45-54","Vessel Related",2017-04-03,2017
"2164","Yosemite National Park","Medical - Not during physical activity","Medical - Not during physical activity","Medical","Fatal Injury","Male","65+","Driving",2017-04-03,2017
"2165","Wilson's Creek National Battlefield","Motor Vehicle Crash","Motor Vehicle Crash","Unintentional","Fatal Injury","Male","45-54","Driving",2017-04-07,2017
"2166","Wilson's Creek National Battlefield","Motor Vehicle Crash","Motor Vehicle Crash","Unintentional","Fatal Injury","Female","65+","Driving",2017-04-07,2017
"2167","Bryce Canyon National Park","Medical - During physical activity","Medical - During physical activity","Medical","Fatal Injury","Male","55-64","Hiking",2017-04-08,2017
"2168","Great Falls Park","Undetermined","Undetermined","Undetermined","Fatal Injury","Male","15-24","Not Reported",2017-04-08,2017
"2169","Cape Hatteras National Seashore","Suicide","Suicide","Intentional","Fatal injury","Male","25-34","Suicide",2017-04-10,2017
"2170","Presidio of San Francisco","Medical - Unknown","Medical - Unknown","Medical","Fatal Injury","Male","65+","Not Reported",2017-04-13,2017
"2171","Grand Canyon National Park","Drowning","Drowning","Unintentional","Fatal Injury","Male","0-14","Crossing River",2017-04-15,2017
"2172","Grand Canyon National Park","Drowning","Drowning","Unintentional","Fatal Injury","Female","55-64","Crossing River",2017-04-15,2017
"2173","Wilson's Creek National Battlefield","Motor Vehicle Crash","Motor Vehicle Crash","Unintentional","Fatal Injury","Female","25-34","Driving",2017-04-15,2017
"2174","Wilson's Creek National Battlefield","Motor Vehicle Crash","Motor Vehicle Crash","Unintentional","Fatal Injury","Male","35-44","Driving",2017-04-15,2017
"2175","Sequoia & Kings Canyon National Parks","Medical - Not during physical activity","Medical - Not during physical activity","Medical","Fatal Injury","Male","35-44","Sitting",2017-04-17,2017
"2176","Golden Gate National Recreation Area","Drowning","Drowning","Unintentional","Fatal Injury","Male","55-64","Vessel Related",2017-04-19,2017
"2177","Sequoia & Kings Canyon National Parks","Fall","Fall","Unintentional","Fatal Injury","Male","25-34","Climbing",2017-04-21,2017
"2178","Harpers Ferry National Historical Park","Suicide","Suicide","Intentional","Fatal injury","Male","Not Reported","Suicide",2017-04-21,2017
"2179","Sequoia & Kings Canyon National Parks","Fall","Fall","Unintentional","Fatal Injury","Female","15-24","Hiking",2017-04-22,2017
"2180","Grand Canyon National Park","Drowning","Drowning","Unintentional","Fatal Injury","Male","65+","Vessel Related",2017-04-23,2017
"2181","Rock Creek Park","Undetermined","Undetermined","Undetermined","Fatal Injury","Female","Not Reported","Not Reported",2017-04-24,2017
"2182","Buffalo National River","Drowning","Drowning","Unintentional","Fatal Injury","Male","65+","Vessel Related",2017-04-26,2017
"2183","Organ Pipe Cactus National Monument","Undetermined","Undetermined","Undetermined","Fatal Injury","Male","Not Reported","Illegal activity",2017-04-26,2017
"2184","Gulf Islands National Seashore","Drowning","Drowning","Unintentional","Fatal Injury","Male","65+","Swimming",2017-04-28,2017
"2185","Virgin Islands National Park","Motor Vehicle Crash","Motor Vehicle Crash","Unintentional","Fatal Injury","Male","35-44","Driving",2017-04-28,2017
"2186","Blue Ridge Parkway","Motor Vehicle Crash","Motor Vehicle Crash","Unintentional","Fatal Injury","Male","55-64","Driving",2017-04-29,2017
"2187","Sequoia & Kings Canyon National Parks","Fall","Fall","Unintentional","Fatal Injury","Male","15-24","Diving (Land)",2017-04-30,2017
"2188","Grand Canyon National Park","Medical - Not during physical activity","Medical - Not during physical activity","Medical","Fatal Injury","Male","35-44","Sleeping",2017-05-01,2017
"2189","Golden Gate National Recreation Area","Undetermined","Undetermined","Undetermined","Fatal Injury","Male","Not Reported","Not Reported",2017-05-01,2017
"2190","Lake Mead National Recreation Area","Homicide","Homicide","Intentional","Fatal Injury","Male","55-64","Homicide",2017-05-02,2017
"2191","Shenandoah National Park","Suicide","Suicide","Intentional","Fatal injury","Male","35-44","Suicide",2017-05-02,2017
"2192","Gateway National Recreation Area","Suicide","Suicide","Intentional","Fatal injury","Male","45-54","Suicide",2017-05-03,2017
"2193","Yosemite National Park","Undetermined","Undetermined","Undetermined","Fatal Injury","Male","15-24","Hiking",2017-05-03,2017
"2194","Lake Mead National Recreation Area","Drowning","Drowning","Unintentional","Fatal Injury","Male","15-24","Swimming",2017-05-05,2017
"2195","Lake Mead National Recreation Area","Drowning","Drowning","Unintentional","Fatal Injury","Male","15-24","Swimming",2017-05-06,2017
"2196","Fredericksburg & Spotsylvania National Military Park","Motor Vehicle Crash","Motor Vehicle Crash","Unintentional","Fatal Injury","Male","55-64","Driving",2017-05-06,2017
"2197","Organ Pipe Cactus National Monument","Undetermined","Undetermined","Undetermined","Fatal Injury","Male","Not Reported","Illegal activity",2017-05-06,2017
"2198","Yosemite National Park","Undetermined","Undetermined","Undetermined","Fatal Injury","Male","25-34","Not Reported",2017-05-06,2017
"2199","Baltimore-Washington Parkway","Motor Vehicle Crash","Motor Vehicle Crash","Unintentional","Fatal Injury","Male","15-24","Driving",2017-05-07,2017
"2200","Death Valley National Park","Motor Vehicle Crash","Motor Vehicle Crash","Unintentional","Fatal Injury","Male","55-64","Driving",2017-05-07,2017
"2201","Glen Canyon National Recreation Area","Suicide","Suicide","Intentional","Fatal injury","Male","25-34","Suicide",2017-05-07,2017
"2202","Great Sand Dunes National Park & Preserve","Hypothermia","Environmental","Unintentional","Fatal Injury","Male","45-54","Hiking",2017-05-09,2017
"2203","Morristown National Historical Park","Undetermined","Undetermined","Undetermined","Fatal Injury","Male","45-54","Camping",2017-05-09,2017
"2204","New River Gorge National River","Suicide","Suicide","Intentional","Fatal injury","Male","15-24","Suicide",2017-05-11,2017
"2205","Natchez Trace Parkway","Motor Vehicle Crash","Motor Vehicle Crash","Unintentional","Fatal Injury","Male","35-44","Driving",2017-05-13,2017
"2206","Suitland","Motor Vehicle Crash","Motor Vehicle Crash","Unintentional","Fatal Injury","Male","15-24","Driving",2017-05-15,2017
"2207","Suitland","Motor Vehicle Crash","Motor Vehicle Crash","Unintentional","Fatal Injury","Female","15-24","Driving",2017-05-15,2017
"2208","Suitland","Motor Vehicle Crash","Motor Vehicle Crash","Unintentional","Fatal Injury","Male","15-24","Driving",2017-05-15,2017
"2209","Natchez Trace Parkway","Suicide","Suicide","Intentional","Fatal injury","Male","65+","Suicide",2017-05-15,2017
"2210","Grand Canyon National Park","Undetermined","Undetermined","Undetermined","Fatal Injury","Male","35-44","Not Reported",2017-05-15,2017
"2211","Yosemite National Park","Medical - During physical activity","Medical - During physical activity","Medical","Fatal Injury","Female","65+","Walking",2017-05-17,2017
"2212","New River Gorge National River","Suicide","Suicide","Intentional","Fatal injury","Male","35-44","Suicide",2017-05-17,2017
"2213","Blue Ridge Parkway","Fall","Fall","Unintentional","Fatal Injury","Female","65+","Walking",2017-05-19,2017
"2214","Blue Ridge Parkway","Motor Vehicle Crash","Motor Vehicle Crash","Unintentional","Fatal Injury","Male","55-64","Driving",2017-05-20,2017
"2215","Grand Canyon National Park","Motor Vehicle Crash","Motor Vehicle Crash","Unintentional","Fatal Injury","Female","25-34","Driving",2017-05-21,2017
"2216","Acadia National Park","Medical - During physical activity","Medical - During physical activity","Medical","Fatal Injury","Male","45-54","Hiking",2017-05-23,2017
"2217","Hawaii Volcanoes National Park","Medical - Not during physical activity","Medical - Not during physical activity","Medical","Fatal Injury","Male","65+","Sleeping",2017-05-23,2017
"2218","Niobrara National Scenic River","Drowning","Drowning","Unintentional","Fatal Injury","Male","65+","Vessel Related",2017-05-27,2017
"2219","Saguaro National Park","Hyperthermia","Environmental","Unintentional","Fatal Injury","Male","25-34","Hiking",2017-05-27,2017
"2220","Mojave National Preserve","Suicide","Suicide","Intentional","Fatal injury","Male","55-64","Suicide",2017-05-27,2017
"2221","Golden Gate National Recreation Area","Suicide","Suicide","Intentional","Fatal injury","Male","15-24","Suicide",2017-05-27,2017
"2222","Great Smoky Mountains National Park","Fall","Fall","Unintentional","Fatal Injury","Male","35-44","Hiking",2017-05-28,2017
"2223","Hawaii Volcanoes National Park","Motor Vehicle Crash","Motor Vehicle Crash","Unintentional","Fatal Injury","Male","45-54","Driving",2017-05-28,2017
"2224","Cuyahoga Valley National Park","Suicide","Suicide","Intentional","Fatal injury","Male","15-24","Suicide",2017-05-28,2017
"2225","Cape Hatteras National Seashore","Undetermined","Undetermined","Undetermined","Fatal Injury","Male","55-64","Camping",2017-05-28,2017
"2226","Little River Canyon National Preserve","Fall","Fall","Unintentional","Fatal Injury","Male","55-64","Photographing",2017-05-30,2017
"2227","National Mall & Memorial Parks","Medical - Not during physical activity","Medical - Not during physical activity","Medical","Fatal Injury","Male","45-54","Sleeping",2017-05-31,2017
"2228","Zion National Park","Suicide","Suicide","Intentional","Fatal injury","Male","15-24","Suicide",2017-05-31,2017
"2229","Devils Tower National Monument","Fall","Fall","Unintentional","Fatal Injury","Male","35-44","Climbing",2017-06-02,2017
"2230","Little River Canyon National Preserve","Fall","Fall","Unintentional","Fatal Injury","Male","15-24","Hiking",2017-06-02,2017
"2231","Glen Canyon National Recreation Area","Homicide","Homicide","Intentional","Fatal Injury","Female","25-34","Homicide",2017-06-02,2017
"2232","Cuyahoga Valley National Park","Medical - Unknown","Medical - Unknown","Medical","Fatal Injury","Male","55-64","Not Reported",2017-06-02,2017
"2233","Natchez Trace Parkway","Motor Vehicle Crash","Motor Vehicle Crash","Unintentional","Fatal Injury","Male","55-64","Driving",2017-06-02,2017
"2234","Glen Canyon National Recreation Area","Suicide","Suicide","Intentional","Fatal injury","Male","35-44","Suicide",2017-06-02,2017
"2235","Great Smoky Mountains National Park","Fall","Fall","Unintentional","Fatal Injury","Male","55-64","Hiking",2017-06-03,2017
"2236","Delaware Water Gap National Recreation Area","Medical - During physical activity","Medical - During physical activity","Medical","Fatal Injury","Male","55-64","Hiking",2017-06-03,2017
"2237","New River Gorge National River","Suicide","Suicide","Intentional","Fatal injury","Female","45-54","Suicide",2017-06-03,2017
"2238","Lake Mead National Recreation Area","Drowning","Drowning","Unintentional","Fatal Injury","Male","25-34","Swimming",2017-06-04,2017
"2239","Yosemite National Park","Fall","Fall","Unintentional","Fatal Injury","Male","45-54","Hiking",2017-06-05,2017
"2240","Suitland","Motor Vehicle Crash","Motor Vehicle Crash","Unintentional","Fatal Injury","Female","15-24","Driving",2017-06-05,2017
"2241","Cape Hatteras National Seashore","Drowning","Drowning","Unintentional","Fatal Injury","Male","15-24","Swimming",2017-06-06,2017
"2242","Yellowstone National Park","Fall","Fall","Unintentional","Fatal Injury","Male","45-54","Hiking",2017-06-08,2017
"2243","Blue Ridge Parkway","Motor Vehicle Crash","Motor Vehicle Crash","Unintentional","Fatal Injury","Male","45-54","Driving",2017-06-09,2017
"2244","Dinosaur National Monument","Drowning","Drowning","Unintentional","Fatal Injury","Male","55-64","Vessel Related",2017-06-10,2017
"2245","Point Reyes National Seashore","Medical - During physical activity","Medical - During physical activity","Medical","Fatal Injury","Male","35-44","Hiking",2017-06-10,2017
"2246","Golden Gate National Recreation Area","Medical - Unknown","Medical - Unknown","Medical","Fatal Injury","Male","45-54","Not Reported",2017-06-10,2017
"2247","Grand Canyon National Park","Hyperthermia","Environmental","Unintentional","Fatal Injury","Male","65+","Hiking",2017-06-11,2017
"2248","Greenbelt Park","Suicide","Suicide","Intentional","Fatal injury","Male","45-54","Suicide",2017-06-12,2017
"2249","Ozark National Scenic Riverways","Drowning","Drowning","Unintentional","Fatal Injury","Male","0-14","Vessel Related",2017-06-13,2017
"2250","Padre Island National Seashore","Drowning","Drowning","Unintentional","Fatal Injury","Male","65+","Fishing",2017-06-14,2017
"2251","Zion National Park","Medical - During physical activity","Medical - During physical activity","Medical","Fatal Injury","Male","55-64","Hiking",2017-06-14,2017
"2252","Santa Monica Mountains National Recreation Area","Motor Vehicle Crash","Motor Vehicle Crash","Unintentional","Fatal Injury","Male","45-54","Driving",2017-06-14,2017
"2253","Delaware Water Gap National Recreation Area","Fall","Fall","Unintentional","Fatal Injury","Male","25-34","Hiking",2017-06-15,2017
"2254","Denali National Park & Preserve","Altitude","Environmental","Unintentional","Fatal Injury","Male","25-34","Hiking",2017-06-16,2017
"2255","Death Valley National Park","Undetermined","Undetermined","Undetermined","Fatal Injury","Male","65+","Other",2017-06-16,2017
"2256","Sequoia & Kings Canyon National Parks","Drowning","Drowning","Unintentional","Fatal Injury","Female","25-34","Crossing River",2017-06-17,2017
"2257","Lake Mead National Recreation Area","Drowning","Drowning","Unintentional","Fatal Injury","Male","15-24","Swimming",2017-06-17,2017
"2258","Lake Mead National Recreation Area","Drowning","Drowning","Unintentional","Fatal Injury","Male","25-34","Swimming",2017-06-17,2017
"2259","Little River Canyon National Preserve","Drowning","Drowning","Unintentional","Fatal Injury","Female","0-14","Swimming",2017-06-18,2017
"2260","Dry Tortugas National Park","Drowning","Drowning","Unintentional","Fatal Injury","Female","55-64","Swimming",2017-06-18,2017
"2261","Big Bend National Park","Hyperthermia","Environmental","Unintentional","Fatal Injury","Female","35-44","Hiking",2017-06-18,2017
"2262","Mammoth Cave National Park","Medical - During physical activity","Medical - During physical activity","Medical","Fatal Injury","Male","65+","Walking",2017-06-18,2017
"2263","Carlsbad Caverns National Park","Hyperthermia","Environmental","Unintentional","Fatal Injury","Male","15-24","Hiking",2017-06-19,2017
"2264","Carlsbad Caverns National Park","Hyperthermia","Environmental","Unintentional","Fatal Injury","Male","55-64","Hiking",2017-06-19,2017
"2265","Yellowstone National Park","Medical - Unknown","Medical - Unknown","Medical","Fatal Injury","Male","65+","Not Reported",2017-06-19,2017
"2266","National Mall & Memorial Parks","Medical - During physical activity","Medical - During physical activity","Medical","Fatal Injury","Female","65+","Walking",2017-06-20,2017
"2267","Natchez Trace Parkway","Motor Vehicle Crash","Motor Vehicle Crash","Unintentional","Fatal Injury","Male","15-24","Driving",2017-06-20,2017
"2268","Natchez Trace Parkway","Motor Vehicle Crash","Motor Vehicle Crash","Unintentional","Fatal Injury","Female","15-24","Driving",2017-06-20,2017
"2269","Grand Canyon National Park","Suicide","Suicide","Intentional","Fatal injury","Male","45-54","Suicide",2017-06-20,2017
"2270","Canyonlands National Park","Medical - During physical activity","Medical - During physical activity","Medical","Fatal Injury","Male","35-44","Driving",2017-06-21,2017
"2271","Golden Gate National Recreation Area","Fall","Fall","Unintentional","Fatal Injury","Female","15-24","Sitting",2017-06-22,2017
"2272","Yosemite National Park","Undetermined","Undetermined","Undetermined","Fatal Injury","Male","65+","Hiking",2017-06-22,2017
"2273","Natchez Trace Parkway","Suicide","Suicide","Intentional","Fatal injury","Female","35-44","Suicide",2017-06-24,2017
"2274","Colonial National Historical Park","Drowning","Drowning","Unintentional","Fatal Injury","Male","15-24","Swimming",2017-06-26,2017
"2275","Chesapeake & Ohio Canal National Historical Park","Medical - During physical activity","Medical - During physical activity","Medical","Fatal Injury","Female","45-54","Playing Sports",2017-06-26,2017
"2276","Colorado National Monument","Motor Vehicle Crash","Motor Vehicle Crash","Unintentional","Fatal Injury","Male","65+","Driving",2017-06-27,2017
"2277","Denali National Park & Preserve","Undetermined","Undetermined","Undetermined","Fatal Injury","Male","65+","Other",2017-06-27,2017
"2278","Lake Mead National Recreation Area","Drowning","Drowning","Unintentional","Fatal Injury","Male","25-34","Vessel Related",2017-06-28,2017
"2279","Delaware Water Gap National Recreation Area","Motor Vehicle Crash","Motor Vehicle Crash","Unintentional","Fatal Injury","Male","45-54","Driving",2017-06-29,2017
"2280","Everglades National Park","Aircraft incident","Other Transportation","Unintentional","Fatal Injury","Male","25-34","Flying",2017-07-01,2017
"2281","Olympic National Park","Drowning","Drowning","Unintentional","Fatal Injury","Male","55-64","Not Reported",2017-07-01,2017
"2282","Padre Island National Seashore","Drowning","Drowning","Unintentional","Fatal Injury","Female","55-64","Not Reported",2017-07-01,2017
"2283","Hot Springs National Park","Fall","Fall","Unintentional","Fatal Injury","Male","55-64","Not Reported",2017-07-02,2017
"2284","Golden Gate National Recreation Area","Suicide","Suicide","Intentional","Fatal injury","Male","15-24","Suicide",2017-07-02,2017
"2285","Organ Pipe Cactus National Monument","Undetermined","Undetermined","Undetermined","Fatal Injury","Male","15-24","Illegal activity",2017-07-02,2017
"2286","Olympic National Park","Undetermined","Undetermined","Undetermined","Fatal Injury","Female","55-64","Not Reported",2017-07-02,2017
"2287","Lake Mead National Recreation Area","Drowning","Drowning","Unintentional","Fatal Injury","Male","Not Reported","Swimming",2017-07-03,2017
"2288","Grand Canyon National Park","Medical - Not during physical activity","Medical - Not during physical activity","Medical","Fatal Injury","Female","65+","Other",2017-07-03,2017
"2289","Blue Ridge Parkway","Motor Vehicle Crash","Motor Vehicle Crash","Unintentional","Fatal Injury","Male","65+","Driving",2017-07-03,2017
"2290","Crater Lake National Park","Fall","Fall","Unintentional","Fatal Injury","Male","15-24","Sitting",2017-07-04,2017
"2291","Yosemite National Park","Medical - Not during physical activity","Medical - Not during physical activity","Medical","Fatal Injury","Male","55-64","Sitting",2017-07-04,2017
"2292","Rock Creek Park","Undetermined","Undetermined","Undetermined","Fatal Injury","Not Reported","Not Reported","Not Reported",2017-07-04,2017
"2293","Organ Pipe Cactus National Monument","Undetermined","Undetermined","Undetermined","Fatal Injury","Male","Not Reported","Illegal activity",2017-07-05,2017
"2294","Yosemite National Park","Fall","Fall","Unintentional","Fatal Injury","Male","25-34","Base jumping",2017-07-07,2017
"2295","Upper Delaware Scenic & Recreational River","Drowning","Drowning","Unintentional","Fatal Injury","Male","65+","Vessel Related",2017-07-08,2017
"2296","Lassen Volcanic National Park","Drowning","Drowning","Unintentional","Fatal Injury","Male","15-24","Swimming",2017-07-08,2017
"2297","Lake Mead National Recreation Area","Drowning","Drowning","Unintentional","Fatal Injury","Female","45-54","Swimming",2017-07-08,2017
"2298","Rock Creek Park","Homicide","Homicide","Intentional","Fatal Injury","Male","Not Reported","Homicide",2017-07-08,2017
"2299","Natchez Trace Parkway","Motor Vehicle Crash","Motor Vehicle Crash","Unintentional","Fatal Injury","Male","55-64","Bicycling",2017-07-08,2017
"2300","Hawaii Volcanoes National Park","Suicide","Suicide","Intentional","Fatal injury","Male","35-44","Suicide",2017-07-08,2017
"2301","New River Gorge National River","Drowning","Drowning","Unintentional","Fatal Injury","Female","45-54","Vessel Related",2017-07-10,2017
"2302","Black Canyon Of The Gunnison National Park","Hyperthermia","Environmental","Unintentional","Fatal Injury","Female","45-54","Hiking",2017-07-10,2017
"2303","Missouri National Recreational River","Drowning","Drowning","Unintentional","Fatal Injury","Male","Not Reported","Wading",2017-07-12,2017
"2304","Glen Canyon National Recreation Area","Vessel Incident","Other Transportation","Unintentional","Fatal Injury","Female","45-54","Vessel Related",2017-07-12,2017
"2305","Mount Rainier National Park","Fall","Fall","Unintentional","Fatal Injury","Male","65+","Hiking",2017-07-13,2017
"2306","Lake Roosevelt National Recreation Area","Drowning","Drowning","Unintentional","Fatal Injury","Male","65+","Swimming",2017-07-14,2017
"2307","Virgin Islands National Park","Medical - During physical activity","Medical - During physical activity","Medical","Fatal Injury","Male","65+","Swimming",2017-07-14,2017
"2308","Dinosaur National Monument","Drowning","Drowning","Unintentional","Fatal Injury","Male","65+","Vessel Related",2017-07-15,2017
"2309","Catoctin Mountain Park","Undetermined","Undetermined","Undetermined","Fatal Injury","Female","35-44","Camping",2017-07-15,2017
"2310","Great Smoky Mountains National Park","Undetermined","Undetermined","Undetermined","Fatal Injury","Male","45-54","Not Reported",2017-07-15,2017
"2311","Lake Mead National Recreation Area","Undetermined","Undetermined","Undetermined","Fatal Injury","Male","15-24","Swimming",2017-07-15,2017
"2312","Delaware Water Gap National Recreation Area","Drowning","Drowning","Unintentional","Fatal Injury","Male","25-34","Vessel Related",2017-07-16,2017
"2313","Gateway National Recreation Area","Drowning","Drowning","Unintentional","Fatal Injury","Female","0-14","Swimming",2017-07-16,2017
"2314","Lake Meredith National Recreation Area","Suicide","Suicide","Intentional","Fatal injury","Male","45-54","Suicide",2017-07-17,2017
"2315","Gulf Islands National Seashore","Drowning","Drowning","Unintentional","Fatal Injury","Male","45-54","Fishing",2017-07-18,2017
"2316","Lake Mead National Recreation Area","Medical - During physical activity","Medical - During physical activity","Medical","Fatal Injury","Male","55-64","Swimming",2017-07-18,2017
"2317","Cape Hatteras National Seashore","Drowning","Drowning","Unintentional","Fatal Injury","Male","35-44","Swimming",2017-07-19,2017
"2318","Blue Ridge Parkway","Motor Vehicle Crash","Motor Vehicle Crash","Unintentional","Fatal Injury","Male","65+","Driving",2017-07-19,2017
"2319","North Cascades National Park","Fall","Fall","Unintentional","Fatal Injury","Female","55-64","Climbing",2017-07-22,2017
"2320","Glacier National Park","Fall","Fall","Unintentional","Fatal Injury","Male","25-34","Photographing",2017-07-22,2017
"2321","Saint Croix National Scenic Riverway","Suicide","Suicide","Intentional","Fatal injury","Male","35-44","Suicide",2017-07-22,2017
"2322","Governors Island National Monument","Undetermined","Undetermined","Undetermined","Fatal Injury","Male","45-54","Not Reported",2017-07-22,2017
"2323","Point Reyes National Seashore","Undetermined","Undetermined","Undetermined","Fatal Injury","Male","35-44","Not Reported",2017-07-23,2017
"2324","Sequoia & Kings Canyon National Parks","Drowning","Drowning","Unintentional","Fatal Injury","Female","25-34","Not Reported",2017-07-24,2017
"2325","Yosemite National Park","Motor Vehicle Crash","Motor Vehicle Crash","Unintentional","Fatal Injury","Female","55-64","Driving",2017-07-24,2017
"2326","Grand Canyon National Park","Fall","Fall","Unintentional","Fatal Injury","Male","25-34","Not Reported",2017-07-26,2017
"2327","Anacostia Park","Homicide","Homicide","Intentional","Fatal Injury","Male","Not Reported","Homicide",2017-07-26,2017
"2328","Lake Clark National Park & Preserve","Aircraft incident","Other Transportation","Unintentional","Fatal Injury","Male","15-24","Flying",2017-07-27,2017
"2329","Joshua Tree National Park","Homicide","Homicide","Intentional","Fatal Injury","Female","15-24","Homicide",2017-07-28,2017
"2330","Joshua Tree National Park","Suicide","Suicide","Intentional","Fatal injury","Male","15-24","Suicide",2017-07-28,2017
"2331","Blue Ridge Parkway","Suicide","Suicide","Intentional","Fatal injury","Male","55-64","Suicide",2017-07-28,2017
"2332","Yosemite National Park","Undetermined","Undetermined","Undetermined","Fatal Injury","Female","25-34","Not Reported",2017-07-28,2017
"2333","Yellowstone National Park","Medical - Not during physical activity","Medical - Not during physical activity","Medical","Fatal Injury","Male","65+","Sitting",2017-07-29,2017
"2334","Chattahoochee River National Recreation Area","Drowning","Drowning","Unintentional","Fatal Injury","Male","15-24","Swimming",2017-07-30,2017
"2335","Lake Mead National Recreation Area","Drowning","Drowning","Unintentional","Fatal Injury","Male","35-44","Swimming",2017-07-30,2017
"2336","Fire Island National Seashore","Drowning","Drowning","Unintentional","Fatal Injury","Male","15-24","Swimming",2017-07-30,2017
"2337","Yosemite National Park","Fall","Fall","Unintentional","Fatal Injury","Male","25-34","Climbing",2017-07-30,2017
"2338","Sequoia & Kings Canyon National Parks","Medical - During physical activity","Medical - During physical activity","Medical","Fatal Injury","Male","35-44","Hiking",2017-07-30,2017
"2339","Mount Rainier National Park","Medical - During physical activity","Medical - During physical activity","Medical","Fatal Injury","Male","65+","Hiking",2017-07-30,2017
"2340","Organ Pipe Cactus National Monument","Undetermined","Undetermined","Undetermined","Fatal Injury","Male","25-34","Illegal activity",2017-07-30,2017
"2341","Natchez Trace Parkway","Suicide","Suicide","Intentional","Fatal injury","Female","45-54","Suicide",2017-07-31,2017
"2342","Gateway National Recreation Area","Suicide","Suicide","Intentional","Fatal injury","Female","45-54","Suicide",2017-07-31,2017
"2343","Grand Canyon National Park","Hyperthermia","Environmental","Unintentional","Fatal Injury","Female","35-44","Hiking",2017-08-01,2017
"2344","Natchez Trace Parkway","Motor Vehicle Crash","Motor Vehicle Crash","Unintentional","Fatal Injury","Male","55-64","Driving",2017-08-01,2017
"2345","Chattahoochee River National Recreation Area","Drowning","Drowning","Unintentional","Fatal Injury","Male","55-64","Fishing",2017-08-04,2017
"2346","Sequoia & Kings Canyon National Parks","Motor Vehicle Crash","Motor Vehicle Crash","Unintentional","Fatal Injury","Female","0-14","Driving",2017-08-04,2017
"2347","Natchez Trace Parkway","Suicide","Suicide","Intentional","Fatal injury","Female","15-24","Suicide",2017-08-04,2017
"2348","New River Gorge National River","Suicide","Suicide","Intentional","Fatal injury","Female","35-44","Suicide",2017-08-05,2017
"2349","Walnut Canyon National Monument","Suicide","Suicide","Intentional","Fatal injury","Male","35-44","Suicide",2017-08-06,2017
"2350","Blue Ridge Parkway","Suicide","Suicide","Intentional","Fatal injury","Male","15-24","Suicide",2017-08-06,2017
"2351","Cape Cod National Seashore","Medical - During physical activity","Medical - During physical activity","Medical","Fatal Injury","Male","65+","Diving - Scuba",2017-08-09,2017
"2352","Arches National Park","Medical - During physical activity","Medical - During physical activity","Medical","Fatal Injury","Male","55-64","Hiking",2017-08-11,2017
"2353","Big Bend National Park","Drowning","Drowning","Unintentional","Fatal Injury","Female","15-24","Swimming",2017-08-13,2017
"2354","Cape Hatteras National Seashore","Drowning","Drowning","Unintentional","Fatal Injury","Male","55-64","Swimming",2017-08-14,2017
"2355","Glen Canyon National Recreation Area","Fall","Fall","Unintentional","Fatal Injury","Male","25-34","Diving (Land)",2017-08-14,2017
"2356","Sequoia & Kings Canyon National Parks","Fall","Fall","Unintentional","Fatal Injury","Male","55-64","Hiking",2017-08-14,2017
"2357","Chattahoochee River National Recreation Area","Drowning","Drowning","Unintentional","Fatal Injury","Male","15-24","Swimming",2017-08-16,2017
"2358","Organ Pipe Cactus National Monument","Undetermined","Undetermined","Undetermined","Fatal Injury","Male","25-34","Illegal activity",2017-08-16,2017
"2359","Baltimore-Washington Parkway","Motor Vehicle Crash","Motor Vehicle Crash","Unintentional","Fatal Injury","Male","55-64","Walking",2017-08-18,2017
"2360","Sequoia & Kings Canyon National Parks","Fall","Fall","Unintentional","Fatal Injury","Male","35-44","Hiking",2017-08-19,2017
"2361","Gateway National Recreation Area","Medical - Not during physical activity","Medical - Not during physical activity","Medical","Fatal Injury","Male","35-44","Sitting",2017-08-19,2017
"2362","Golden Gate National Recreation Area","Suicide","Suicide","Intentional","Fatal Injury","Male","65+","Suicide",2017-08-19,2017
"2363","Organ Pipe Cactus National Monument","Hyperthermia","Environmental","Unintentional","Fatal Injury","Male","25-34","Illegal activity",2017-08-20,2017
"2364","National Capital Parks-East","Undetermined","Undetermined","Undetermined","Fatal Injury","Not Reported","Not Reported","Not Reported",2017-08-20,2017
"2365","Point Reyes National Seashore","Undetermined","Undetermined","Undetermined","Fatal Injury","Male","Not Reported","Not Reported",2017-08-20,2017
"2366","North Cascades National Park","Fall","Fall","Unintentional","Fatal Injury","Male","15-24","Hiking",2017-08-22,2017
"2367","Rocky Mountain National Park","Suicide","Suicide","Intentional","Fatal injury","Female","55-64","Suicide",2017-08-22,2017
"2368","Rocky Mountain National Park","Fall","Fall","Unintentional","Fatal Injury","Male","65+","Hiking",2017-08-23,2017
"2369","Natchez Trace Parkway","Suicide","Suicide","Intentional","Fatal injury","Male","45-54","Suicide",2017-08-23,2017
"2370","New River Gorge National River","Drowning","Drowning","Unintentional","Fatal Injury","Male","25-34","Swimming",2017-08-24,2017
"2371","Acadia National Park","Medical - During physical activity","Medical - During physical activity","Medical","Fatal Injury","Male","65+","Bicycling",2017-08-24,2017
"2372","Grand Teton National Park","Fall","Fall","Unintentional","Fatal Injury","Male","15-24","Climbing",2017-08-25,2017
"2373","Rocky Mountain National Park","Medical - During physical activity","Medical - During physical activity","Medical","Fatal Injury","Male","65+","Walking",2017-08-26,2017
"2374","Grand Teton National Park","Rockfall","Environmental","Unintentional","Fatal Injury","Female","15-24","Climbing",2017-08-26,2017
"2375","Yosemite National Park","Struck by/against","Other","Unintentional","Fatal Injury","Female","25-34","Climbing",2017-08-26,2017
"2376","Rock Creek Park","Drowning","Drowning","Unintentional","Fatal Injury","Not Reported","Not Reported","Swimming",2017-08-27,2017
"2377","Gateway National Recreation Area","Drowning","Drowning","Unintentional","Fatal Injury","Male","25-34","Swimming",2017-08-27,2017
"2378","Rock Creek Park","Fall","Fall","Unintentional","Fatal Injury","Male","Not Reported","Other",2017-08-27,2017
"2379","Golden Gate National Recreation Area","Suicide","Suicide","Intentional","Fatal injury","Male","15-24","Suicide",2017-08-27,2017
"2380","Cape Cod National Seashore","Drowning","Drowning","Unintentional","Fatal Injury","Male","65+","Swimming",2017-08-28,2017
"2381","Canyonlands National Park","Hyperthermia","Environmental","Unintentional","Fatal Injury","Male","35-44","Hiking",2017-08-28,2017
"2382","Blue Ridge Parkway","Motor Vehicle Crash","Motor Vehicle Crash","Unintentional","Fatal Injury","Male","65+","Driving",2017-08-28,2017
"2383","Great Falls Park","Suicide","Suicide","Intentional","Fatal injury","Male","25-34","Suicide",2017-08-28,2017
"2384","Golden Gate National Recreation Area","Undetermined","Undetermined","Undetermined","Fatal Injury","Female","55-64","Hiking",2017-09-01,2017
"2385","Lake Mead National Recreation Area","Drowning","Drowning","Unintentional","Fatal Injury","Male","45-54","Swimming",2017-09-02,2017
"2386","Organ Pipe Cactus National Monument","Undetermined","Undetermined","Undetermined","Fatal Injury","Male","35-44","Illegal activity",2017-09-02,2017
"2387","Lake Meredith National Recreation Area","Motor Vehicle Crash","Motor Vehicle Crash","Unintentional","Fatal Injury","Male","55-64","Driving",2017-09-03,2017
"2388","Santa Monica Mountains National Recreation Area","Motor Vehicle Crash","Motor Vehicle Crash","Unintentional","Fatal Injury","Female","45-54","Driving",2017-09-04,2017
"2389","Colorado National Monument","Medical - During physical activity","Medical - During physical activity","Medical","Fatal Injury","Male","55-64","Hiking",2017-09-05,2017
"2390","Lake Mead National Recreation Area","Drowning","Drowning","Unintentional","Fatal Injury","Male","55-64","Swimming",2017-09-06,2017
"2391","Great Smoky Mountains National Park","Medical - Unknown","Medical - Unknown","Medical","Fatal Injury","Male","55-64","Not Reported",2017-09-06,2017
"2392","Point Reyes National Seashore","Aircraft incident","Other Transportation","Unintentional","Fatal Injury","Not Reported","Not Reported","Flying",2017-09-07,2017
"2393","Golden Gate National Recreation Area","Aircraft incident","Other Transportation","Unintentional","Fatal Injury","Male","55-64","Flying",2017-09-07,2017
"2394","Death Valley National Park","Hyperthermia","Environmental","Unintentional","Fatal Injury","Male","65+","Walking",2017-09-07,2017
"2395","Niobrara National Scenic River","Drowning","Drowning","Unintentional","Fatal Injury","Female","0-14","Swimming",2017-09-09,2017
"2396","Cape Hatteras National Seashore","Undetermined","Undetermined","Undetermined","Fatal Injury","Male","15-24","Swimming",2017-09-09,2017
"2397","Blue Ridge Parkway","Motor Vehicle Crash","Motor Vehicle Crash","Unintentional","Fatal Injury","Female","15-24","Driving",2017-09-11,2017
"2398","Lake Meredith National Recreation Area","Suicide","Suicide","Intentional","Fatal injury","Male","55-64","Suicide",2017-09-11,2017
"2399","Chattahoochee River National Recreation Area","Motor Vehicle Crash","Motor Vehicle Crash","Unintentional","Fatal Injury","Male","15-24","Driving",2017-09-12,2017
"2400","Chattahoochee River National Recreation Area","Motor Vehicle Crash","Motor Vehicle Crash","Unintentional","Fatal Injury","Male","15-24","Driving",2017-09-12,2017
"2401","Haleakala National Park","Undetermined","Undetermined","Undetermined","Fatal Injury","Male","Not Reported","Not Reported",2017-09-13,2017
"2402","Grand Canyon National Park","Medical - Not during physical activity","Medical - Not during physical activity","Medical","Fatal Injury","Male","65+","Other",2017-09-14,2017
"2403","Santa Monica Mountains National Recreation Area","Suicide","Suicide","Intentional","Fatal injury","Male","45-54","Suicide",2017-09-15,2017
"2404","Padre Island National Seashore","Drowning","Drowning","Unintentional","Fatal Injury","Female","45-54","Swimming",2017-09-16,2017
"2405","Lake Mead National Recreation Area","Drowning","Drowning","Unintentional","Fatal Injury","Female","35-44","Swimming",2017-09-17,2017
"2406","Great Smoky Mountains National Park","Motor Vehicle Crash","Motor Vehicle Crash","Unintentional","Fatal Injury","Male","15-24","Driving",2017-09-17,2017
"2407","Glen Canyon National Recreation Area","Motor Vehicle Crash","Motor Vehicle Crash","Unintentional","Fatal Injury","Male","0-14","Walking",2017-09-17,2017
"2408","Glen Canyon National Recreation Area","Vessel Incident","Other Transportation","Unintentional","Fatal Injury","Male","0-14","Vessel Related",2017-09-17,2017
"2409","Grand Canyon National Park","Medical - Not during physical activity","Medical - Not during physical activity","Medical","Fatal Injury","Male","65+","Sitting",2017-09-18,2017
"2410","Voyageurs National Park","Drowning","Drowning","Unintentional","Fatal Injury","Male","65+","Vessel Related",2017-09-20,2017
"2411","Natchez Trace Parkway","Motor Vehicle Crash","Motor Vehicle Crash","Unintentional","Fatal Injury","Female","15-24","Driving",2017-09-20,2017
"2412","Cape Hatteras National Seashore","Drowning","Drowning","Unintentional","Fatal Injury","Male","65+","Vessel Related",2017-09-21,2017
"2413","New River Gorge National River","Motor Vehicle Crash","Motor Vehicle Crash","Unintentional","Fatal Injury","Female","55-64","Driving",2017-09-21,2017
"2414","Natchez Trace Parkway","Motor Vehicle Crash","Motor Vehicle Crash","Unintentional","Fatal Injury","Male","45-54","Driving",2017-09-23,2017
"2415","Baltimore-Washington Parkway","Motor Vehicle Crash","Motor Vehicle Crash","Unintentional","Fatal Injury","Male","45-54","Driving",2017-09-24,2017
"2416","Capitol Reef National Park","Medical - During physical activity","Medical - During physical activity","Medical","Fatal Injury","Male","65+","Walking",2017-09-25,2017
"2417","Olympic National Park","Motor Vehicle Crash","Motor Vehicle Crash","Unintentional","Fatal Injury","Male","55-64","Driving",2017-09-25,2017
"2418","Yosemite National Park","Rockfall","Environmental","Unintentional","Fatal Injury","Male","25-34","Climbing",2017-09-27,2017
"2419","Gauley River National Recreation Area","Suicide","Suicide","Intentional","Fatal injury","Male","55-64","Suicide",2017-09-28,2017
"2420","Yosemite National Park","Medical - Not during physical activity","Medical - Not during physical activity","Medical","Fatal Injury","Male","65+","Eating",2017-09-29,2017
"2421","Colorado National Monument","Bicycle only crash","Other Transportation","Unintentional","Fatal Injury","Female","55-64","Bicycling",2017-09-30,2017
"2422","Rocky Mountain National Park","Fall","Fall","Unintentional","Fatal Injury","Male","65+","Climbing",2017-09-30,2017
"2423","Anacostia Park","Medical - During physical activity","Medical - During physical activity","Medical","Fatal Injury","Male","15-24","Playing Sports",2017-10-03,2017
"2424","Golden Gate National Recreation Area","Fall","Fall","Unintentional","Fatal Injury","Female","35-44","Other",2017-10-05,2017
"2425","Grand Canyon National Park","Medical - Not during physical activity","Medical - Not during physical activity","Medical","Fatal Injury","Male","65+","Sleeping",2017-10-06,2017
"2426","Cumberland Gap National Historical Park","Medical - During physical activity","Medical - During physical activity","Medical","Fatal Injury","Male","65+","Hiking",2017-10-07,2017
"2427","Blue Ridge Parkway","Motor Vehicle Crash","Motor Vehicle Crash","Unintentional","Fatal Injury","Male","55-64","Driving",2017-10-07,2017
"2428","Great Smoky Mountains National Park","Motor Vehicle Crash","Motor Vehicle Crash","Unintentional","Fatal Injury","Male","65+","Driving",2017-10-07,2017
"2429","Organ Pipe Cactus National Monument","Undetermined","Undetermined","Undetermined","Fatal Injury","Male","25-34","Illegal activity",2017-10-07,2017
"2430","Cape Hatteras National Seashore","Drowning","Drowning","Unintentional","Fatal Injury","Male","55-64","Swimming",2017-10-08,2017
"2431","Blue Ridge Parkway","Suicide","Suicide","Intentional","Fatal injury","Male","45-54","Suicide",2017-10-08,2017
"2432","Lake Mead National Recreation Area","Medical - During physical activity","Medical - During physical activity","Medical","Fatal Injury","Male","25-34","Vessel Related",2017-10-09,2017
"2433","Big Thicket National Preserve","Drowning","Drowning","Unintentional","Fatal Injury","Male","35-44","Vessel Related",2017-10-11,2017
"2434","Big Bend National Park","Medical - During physical activity","Medical - During physical activity","Medical","Fatal Injury","Male","55-64","Hiking",2017-10-11,2017
"2435","Glen Canyon National Recreation Area","Medical - During physical activity","Medical - During physical activity","Medical","Fatal Injury","Male","65+","Vessel Related",2017-10-11,2017
"2436","Blue Ridge Parkway","Motor Vehicle Crash","Motor Vehicle Crash","Unintentional","Fatal Injury","Male","25-34","Driving",2017-10-14,2017
"2437","Rock Creek Park","Undetermined","Undetermined","Undetermined","Fatal Injury","Male","Not Reported","Not Reported",2017-10-14,2017
"2438","Obed Wild & Scenic River","Fall","Fall","Unintentional","Fatal Injury","Male","25-34","Rock Scrambling",2017-10-15,2017
"2439","Lake Meredith National Recreation Area","Drowning","Drowning","Unintentional","Fatal Injury","Male","35-44","Not Reported",2017-10-16,2017
"2440","Shenandoah National Park","Medical - During physical activity","Medical - During physical activity","Medical","Fatal Injury","Male","15-24","Hiking",2017-10-17,2017
"2441","Rock Creek Park","Undetermined","Undetermined","Undetermined","Fatal Injury","Male","Not Reported","Not Reported",2017-10-17,2017
"2442","Harpers Ferry National Historical Park","Fall","Fall","Unintentional","Fatal Injury","Male","15-24","Hiking",2017-10-20,2017
"2443","Great Falls Park","Fall","Fall","Unintentional","Fatal Injury","Male","15-24","Hiking",2017-10-20,2017
"2444","Organ Pipe Cactus National Monument","Undetermined","Undetermined","Undetermined","Fatal Injury","Male","35-44","Illegal activity",2017-10-20,2017
"2445","Padre Island National Seashore","Vessel Incident","Other Transportation","Unintentional","Fatal Injury","Male","25-34","Vessel Related",2017-10-20,2017
"2446","National Mall & Memorial Parks","Medical - Unknown","Medical - Unknown","Medical","Fatal Injury","Male","Not Reported","Not Reported",2017-10-21,2017
"2447","George Washington Memorial Parkway","Motor Vehicle Crash","Motor Vehicle Crash","Unintentional","Fatal Injury","Male","45-54","Walking",2017-10-21,2017
"2448","Gettysburg National Military Park","Suicide","Suicide","Intentional","Fatal injury","Male","35-44","Suicide",2017-10-21,2017
"2449","Blue Ridge Parkway","Suicide","Suicide","Intentional","Fatal injury","Female","55-64","Suicide",2017-10-24,2017
"2450","Assateague Island National Seashore","Medical - Not during physical activity","Medical - Not during physical activity","Medical","Fatal Injury","Male","65+","Sitting",2017-10-27,2017
"2451","Great Smoky Mountains National Park","Motor Vehicle Crash","Motor Vehicle Crash","Unintentional","Fatal Injury","Male","65+","Driving",2017-10-27,2017
"2452","Hawaii Volcanoes National Park","Fall","Fall","Unintentional","Fatal Injury","Female","55-64","Hiking",2017-10-29,2017
"2453","Suitland","Homicide","Homicide","Intentional","Fatal Injury","Male","15-24","Homicide",2017-10-30,2017
"2454","Organ Pipe Cactus National Monument","Undetermined","Undetermined","Undetermined","Fatal Injury","Male","Not Reported","Illegal activity",2017-10-30,2017
"2455","Olympic National Park","Motor Vehicle Crash","Motor Vehicle Crash","Unintentional","Fatal Injury","Male","45-54","Driving",2017-10-31,2017
"2456","Grand Canyon National Park","Suicide","Suicide","Intentional","Fatal Injury","Male","35-44","Suicide",2017-10-31,2017
"2457","Death Valley National Park","Medical - Not during physical activity","Medical - Not during physical activity","Medical","Fatal Injury","Female","35-44","Other",2017-11-01,2017
"2458","Mesa Verde National Park","Undetermined","Undetermined","Undetermined","Fatal Injury","Male","65+","Hiking",2017-11-03,2017
"2459","Natchez Trace Parkway","Motor Vehicle Crash","Motor Vehicle Crash","Unintentional","Fatal Injury","Male","55-64","Bicycling",2017-11-05,2017
"2460","Death Valley National Park","Motor Vehicle Crash","Motor Vehicle Crash","Unintentional","Fatal Injury","Male","45-54","Driving",2017-11-08,2017
"2461","Gateway National Recreation Area","Poisoning - drugs","Poisoning","Unintentional","Fatal Injury","Male","55-64","Sitting",2017-11-08,2017
"2462","Organ Pipe Cactus National Monument","Undetermined","Undetermined","Undetermined","Fatal Injury","Male","Not Reported","Illegal activity",2017-11-09,2017
"2463","Olympic National Park","Fall","Fall","Unintentional","Fatal Injury","Male","15-24","Hiking",2017-11-10,2017
"2464","Blue Ridge Parkway","Suicide","Suicide","Intentional","Fatal injury","Male","45-54","Suicide",2017-11-11,2017
"2465","Gateway National Recreation Area","Suicide","Suicide","Intentional","Fatal injury","Male","55-64","Suicide",2017-11-13,2017
"2466","Gateway National Recreation Area","Medical - During physical activity","Medical - During physical activity","Medical","Fatal Injury","Male","45-54","Vessel Related",2017-11-15,2017
"2467","Cape Cod National Seashore","Suicide","Suicide","Intentional","Fatal injury","Male","65+","Suicide",2017-11-16,2017
"2468","Yosemite National Park","Fall","Fall","Unintentional","Fatal Injury","Male","25-34","Climbing",2017-11-17,2017
"2469","Grand Canyon National Park","Medical - During physical activity","Medical - During physical activity","Medical","Fatal Injury","Male","65+","Hiking",2017-11-20,2017
"2470","Golden Gate National Recreation Area","Suicide","Suicide","Intentional","Fatal injury","Male","45-54","Suicide",2017-11-20,2017
"2471","Organ Pipe Cactus National Monument","Undetermined","Undetermined","Undetermined","Fatal Injury","Male","Not Reported","Illegal activity",2017-11-24,2017
"2472","Yosemite National Park","Suicide","Suicide","Intentional","Fatal injury","Male","15-24","Suicide",2017-11-29,2017
"2473","Blue Ridge Parkway","Suicide","Suicide","Intentional","Fatal injury","Male","35-44","Suicide",2017-12-02,2017
"2474","Gateway National Recreation Area","Drowning","Drowning","Unintentional","Fatal Injury","Male","65+","Wading",2017-12-06,2017
"2475","Grand Canyon National Park","Suicide","Suicide","Intentional","Fatal injury","Male","55-64","Suicide",2017-12-11,2017
"2476","Golden Gate National Recreation Area","Suicide","Suicide","Intentional","Fatal Injury","Female","45-54","Suicide",2017-12-18,2017
"2477","Lake Mead National Recreation Area","Suicide","Suicide","Intentional","Fatal injury","Male","55-64","Suicide",2017-12-21,2017
"2478","Lake Mead National Recreation Area","Suicide","Suicide","Intentional","Fatal injury","Male","45-54","Suicide",2017-12-21,2017
"2479","Lake Mead National Recreation Area","Undetermined","Undetermined","Undetermined","Fatal Injury","Male","55-64","Not Reported",2017-12-22,2017
"2480","Suitland","Motor Vehicle Crash","Motor Vehicle Crash","Unintentional","Fatal Injury","Male","15-24","Walking",2017-12-23,2017
"2481","Glacier National Park","Medical - During physical activity","Medical - During physical activity","Medical","Fatal Injury","Male","55-64","Snowshoeing",2017-12-26,2017
"2482","Yosemite National Park","Medical - Not during physical activity","Medical - Not during physical activity","Medical","Fatal Injury","Male","65+","Not Reported",2017-12-26,2017
"2483","Padre Island National Seashore","Suicide","Suicide","Intentional","Fatal injury","Male","55-64","Suicide",2017-12-29,2017
"2484","Organ Pipe Cactus National Monument","Undetermined","Undetermined","Undetermined","Fatal Injury","Male","25-34","Illegal activity",2017-12-30,2017
"2485","Cape Lookout National Seashore","Drowning","Drowning","Unintentional","Fatal Injury","Male","35-44","Vessel Related",2018-01-01,2018
"2486","George Washington Memorial Parkway","Motor Vehicle Crash","Motor Vehicle Crash","Unintentional","Fatal Injury","Male","25-34","Driving",2018-01-01,2018
"2487","Presidio of San Francisco","Poisoning - drugs","Poisoning","Unintentional","Fatal Injury","Male","55-64","Not Reported",2018-01-02,2018
"2488","Death Valley National Park","Undetermined","Undetermined","Undetermined","Fatal Injury","Male","55-64","Sitting",2018-01-02,2018
"2489","Petroglyph National Monument","Motor Vehicle Crash","Motor Vehicle Crash","Unintentional","Fatal Injury","Male","45-54","Driving",2018-01-04,2018
"2490","Curecanti National Recreation Area","Fall","Fall","Unintentional","Fatal Injury","Female","45-54","Not Reported",2018-01-05,2018
"2491","Yosemite National Park","Undetermined","Undetermined","Undetermined","Fatal Injury","Male","35-44","Hiking",2018-01-05,2018
"2492","Lake Mead National Recreation Area","Medical - Unknown","Medical - Unknown","Medical","Fatal Injury","Male","65+","Not Reported",2018-01-06,2018
"2493","Delaware Water Gap National Recreation Area","Motor Vehicle Crash","Motor Vehicle Crash","Unintentional","Fatal Injury","Male","55-64","Driving",2018-01-06,2018
"2494","Big Bend National Park","Undetermined","Undetermined","Undetermined","Fatal Injury","Male","Not Reported","Not Reported",2018-01-10,2018
"2495","Rock Creek Park","Undetermined","Undetermined","Undetermined","Fatal Injury","Male","Not Reported","Not Reported",2018-01-12,2018
"2496","New River Gorge National River","Fall","Fall","Unintentional","Fatal Injury","Male","55-64","Hiking",2018-01-14,2018
"2497","Golden Gate National Recreation Area","Medical - During physical activity","Medical - During physical activity","Medical","Fatal Injury","Female","65+","Vessel Related",2018-01-14,2018
"2498","Grand Canyon National Park","Medical - Not during physical activity","Medical - Not during physical activity","Medical","Fatal Injury","Female","55-64","Sleeping",2018-01-14,2018
"2499","Yosemite National Park","Medical - Unknown","Medical - Unknown","Medical","Fatal Injury","Male","65+","Not Reported",2018-01-15,2018
"2500","Grand Teton National Park","Medical - During physical activity","Medical - During physical activity","Medical","Fatal Injury","Male","65+","Skiing",2018-01-16,2018
"2501","Organ Pipe Cactus National Monument","Undetermined","Undetermined","Undetermined","Fatal Injury","Male","Not Reported","Illegal activity",2018-01-17,2018
"2502","Blue Ridge Parkway","Motor Vehicle Crash","Motor Vehicle Crash","Unintentional","Fatal Injury","Male","55-64","Driving",2018-01-29,2018
"2503","Kings Mountain National Military Park","Medical - During physical activity","Medical - During physical activity","Medical","Fatal Injury","Male","65+","Hiking",2018-02-02,2018
"2504","Big Cypress National Preserve","Medical - Unknown","Medical - Unknown","Medical","Fatal Injury","Female","45-54","Not Reported",2018-02-02,2018
"2505","Buffalo National River","Undetermined","Undetermined","Undetermined","Fatal Injury","Male","65+","Not Reported",2018-02-04,2018
"2506","Zion National Park","Fall","Fall","Unintentional","Fatal Injury","Female","0-14","Hiking",2018-02-05,2018
"2507","Baltimore-Washington Parkway","Motor Vehicle Crash","Motor Vehicle Crash","Unintentional","Fatal Injury","Female","0-14","Driving",2018-02-05,2018
"2508","Grand Canyon National Park","Medical - Not during physical activity","Medical - Not during physical activity","Medical","Fatal Injury","Male","65+","Other",2018-02-09,2018
"2509","Chattahoochee River National Recreation Area","Suicide","Suicide","Intentional","Fatal injury","Male","65+","Suicide",2018-02-11,2018
"2510","Canyonlands National Park","Suicide","Suicide","Intentional","Fatal injury","Male","45-54","Suicide",2018-02-14,2018
"2511","Golden Gate National Recreation Area","Bicycle only crash","Other Transportation","Unintentional","Fatal Injury","Male","65+","Bicycling",2018-02-16,2018
"2512","Organ Pipe Cactus National Monument","Undetermined","Undetermined","Undetermined","Fatal Injury","Male","Not Reported","Illegal activity",2018-02-17,2018
"2513","Grand Canyon National Park","Medical - Not during physical activity","Medical - Not during physical activity","Medical","Fatal Injury","Male","65+","Other",2018-02-19,2018
"2514","Colorado National Monument","Suicide","Suicide","Intentional","Fatal Injury","Male","15-24","Suicide",2018-02-19,2018
"2515","Gateway National Recreation Area","Medical - Not during physical activity","Medical - Not during physical activity","Medical","Fatal Injury","Male","65+","Sitting",2018-02-22,2018
"2516","Lake Mead National Recreation Area","Medical - Not during physical activity","Medical - Not during physical activity","Medical","Fatal Injury","Male","45-54","Sitting",2018-02-24,2018
"2517","Lake Mead National Recreation Area","Suicide","Suicide","Intentional","Fatal injury","Male","25-34","Suicide",2018-02-24,2018
"2518","Buffalo National River","Medical - During physical activity","Medical - During physical activity","Medical","Fatal Injury","Male","25-34","Hiking",2018-02-25,2018
"2519","Boston National Historical Park","Undetermined","Undetermined","Undetermined","Fatal Injury","Male","55-64","Not Reported",2018-02-25,2018
"2520","Yellowstone National Park","Undetermined","Undetermined","Undetermined","Fatal Injury","Male","25-34","Not Reported",2018-02-26,2018
"2521","Blue Ridge Parkway","Undetermined","Undetermined","Undetermined","Fatal Injury","Male","55-64","Not Reported",2018-03-03,2018
"2522","Independence National Historical Park","Motor Vehicle Crash","Motor Vehicle Crash","Unintentional","Fatal Injury","Male","Not Reported","Driving",2018-03-04,2018
"2523","Blue Ridge Parkway","Suicide","Suicide","Intentional","Fatal injury","Female","45-54","Suicide",2018-03-04,2018
"2524","Virgin Islands National Park","Medical - During physical activity","Medical - During physical activity","Medical","Fatal Injury","Female","65+","Snorkeling",2018-03-06,2018
"2525","Kennesaw Mountain National Battlefield Park","Suicide","Suicide","Intentional","Fatal injury","Male","55-64","Suicide",2018-03-06,2018
"2526","Organ Pipe Cactus National Monument","Undetermined","Undetermined","Undetermined","Fatal Injury","Male","Not Reported","Illegal activity",2018-03-08,2018
"2527","Chesapeake & Ohio Canal National Historical Park","Undetermined","Undetermined","Undetermined","Fatal Injury","Male","15-24","Not Reported",2018-03-08,2018
"2528","Rocky Mountain National Park","Medical - During physical activity","Medical - During physical activity","Medical","Fatal Injury","Male","65+","Hiking",2018-03-09,2018
"2529","Mount Rainier National Park","Fall","Fall","Unintentional","Fatal Injury","Male","15-24","Snowshoeing",2018-03-12,2018
"2530","Suitland","Motor Vehicle Crash","Motor Vehicle Crash","Unintentional","Fatal Injury","Male","55-64","Walking",2018-03-16,2018
"2531","Organ Pipe Cactus National Monument","Undetermined","Undetermined","Undetermined","Fatal Injury","Male","Not Reported","Illegal activity",2018-03-21,2018
"2532","Point Reyes National Seashore","Undetermined","Undetermined","Undetermined","Fatal Injury","Male","65+","Hiking",2018-03-26,2018
"2533","Organ Pipe Cactus National Monument","Undetermined","Undetermined","Undetermined","Fatal Injury","Male","25-34","Illegal activity",2018-03-28,2018
"2534","Gateway National Recreation Area","Suicide","Suicide","Intentional","Fatal injury","Male","15-24","Suicide",2018-03-31,2018
"2535","National Mall & Memorial Parks","Undetermined","Undetermined","Undetermined","Fatal Injury","Male","55-64","Not Reported",2018-03-31,2018
"2536","Blue Ridge Parkway","Suicide","Suicide","Intentional","Fatal injury","Male","25-34","Suicide",2018-04-02,2018
"2537","Great Falls Park","Suicide","Suicide","Intentional","Fatal injury","Male","65+","Suicide",2018-04-03,2018
"2538","Yosemite National Park","Undetermined","Undetermined","Undetermined","Fatal Injury","Male","35-44","Other",2018-04-03,2018
"2539","Saint Croix National Scenic Riverway","Suicide","Suicide","Intentional","Fatal injury","Male","15-24","Suicide",2018-04-04,2018
"2540","Lake Mead National Recreation Area","Suicide","Suicide","Intentional","Fatal injury","Male","65+","Suicide",2018-04-05,2018
"2541","Baltimore-Washington Parkway","Motor Vehicle Crash","Motor Vehicle Crash","Unintentional","Fatal Injury","Male","15-24","Driving",2018-04-06,2018
"2542","Chattahoochee River National Recreation Area","Suicide","Suicide","Intentional","Fatal injury","Male","55-64","Suicide",2018-04-09,2018
"2543","Blue Ridge Parkway","Homicide","Homicide","Intentional","Fatal Injury","Male","15-24","Homicide",2018-04-10,2018
"2544","Manassas National Battlefield Park","Suicide","Suicide","Intentional","Fatal injury","Not Reported","Not Reported","Suicide",2018-04-10,2018
"2545","Rock Creek Park","Suicide","Suicide","Intentional","Fatal injury","Female","Not Reported","Suicide",2018-04-10,2018
"2546","Organ Pipe Cactus National Monument","Undetermined","Undetermined","Undetermined","Fatal Injury","Male","Not Reported","Illegal activity",2018-04-10,2018
"2547","Curecanti National Recreation Area","Suicide","Suicide","Intentional","Fatal injury","Male","35-44","Suicide",2018-04-12,2018
"2548","Saguaro National Park","Suicide","Suicide","Intentional","Fatal injury","Male","25-34","Suicide",2018-04-12,2018
"2549","Golden Gate National Recreation Area","Medical - Unknown","Medical - Unknown","Medical","Fatal Injury","Male","65+","Not Reported",2018-04-14,2018
"2550","Lake Mead National Recreation Area","Suicide","Suicide","Intentional","Fatal injury","Male","35-44","Suicide",2018-04-15,2018
"2551","Gateway National Recreation Area","Drowning","Drowning","Unintentional","Fatal Injury","Male","35-44","Not Reported",2018-04-16,2018
"2552","New River Gorge National River","Suicide","Suicide","Intentional","Fatal injury","Female","25-34","Suicide",2018-04-16,2018
"2553","Grand Canyon National Park","Medical - Not during physical activity","Medical - Not during physical activity","Medical","Fatal Injury","Female","65+","Other",2018-04-18,2018
"2554","Organ Pipe Cactus National Monument","Undetermined","Undetermined","Undetermined","Fatal Injury","Male","35-44","Illegal activity",2018-04-18,2018
"2555","Lake Roosevelt National Recreation Area","Suicide","Suicide","Intentional","Fatal injury","Male","55-64","Suicide",2018-04-20,2018
"2556","Zion National Park","Medical - Not during physical activity","Medical - Not during physical activity","Medical","Fatal Injury","Male","65+","Other",2018-04-21,2018
"2557","Glen Canyon National Recreation Area","Suicide","Suicide","Intentional","Fatal injury","Male","45-54","Suicide",2018-04-21,2018
"2558","Grand Canyon National Park","Medical - Not during physical activity","Medical - Not during physical activity","Medical","Fatal Injury","Male","55-64","Driving",2018-04-23,2018
"2559","Mississippi National River & Recreation Area","Other","Other","Unintentional","Fatal Injury","Male","45-54","Hiking",2018-04-23,2018
"2560","Golden Gate National Recreation Area","Drowning","Drowning","Unintentional","Fatal Injury","Male","45-54","Not Reported",2018-04-24,2018
"2561","Whiskeytown National Recreation Area","Motor Vehicle Crash","Motor Vehicle Crash","Unintentional","Fatal Injury","Male","35-44","Driving",2018-04-24,2018
"2562","Great Smoky Mountains National Park","Motor Vehicle Crash","Motor Vehicle Crash","Unintentional","Fatal Injury","Female","55-64","Driving",2018-04-25,2018
"2563","Rock Creek Park","Suicide","Suicide","Intentional","Fatal injury","Female","25-34","Suicide",2018-04-27,2018
"2564","New River Gorge National River","Suicide","Suicide","Intentional","Fatal injury","Male","35-44","Suicide",2018-04-27,2018
"2565","Yosemite National Park","Motor Vehicle Crash","Motor Vehicle Crash","Unintentional","Fatal Injury","Male","35-44","Driving",2018-04-28,2018
"2566","Natchez Trace Parkway","Suicide","Suicide","Intentional","Fatal injury","Female","55-64","Suicide",2018-04-28,2018
"2567","Baltimore-Washington Parkway","Motor Vehicle Crash","Motor Vehicle Crash","Unintentional","Fatal Injury","Male","45-54","Driving",2018-04-29,2018
"2568","Colonial National Historical Park","Motor Vehicle Crash","Motor Vehicle Crash","Unintentional","Fatal Injury","Male","65+","Driving",2018-04-30,2018
"2569","Colonial National Historical Park","Drowning","Drowning","Unintentional","Fatal Injury","Male","25-34","Swimming",2018-05-04,2018
"2570","Joshua Tree National Park","Undetermined","Undetermined","Undetermined","Fatal Injury","Not Reported","Not Reported","Not Reported",2018-05-04,2018
"2571","Sequoia & Kings Canyon National Parks","Fall","Fall","Unintentional","Fatal Injury","Male","25-34","Climbing",2018-05-05,2018
"2572","Glen Canyon National Recreation Area","Medical - During physical activity","Medical - During physical activity","Medical","Fatal Injury","Male","65+","Fishing",2018-05-05,2018
"2573","Haleakala National Park","Rockfall","Environmental","Unintentional","Fatal Injury","Male","25-34","Sitting",2018-05-05,2018
"2574","Glen Canyon National Recreation Area","Fall","Fall","Unintentional","Fatal Injury","Male","25-34","Photographing",2018-05-06,2018
"2575","Sequoia & Kings Canyon National Parks","Medical - Not during physical activity","Medical - Not during physical activity","Medical","Fatal Injury","Male","65+","Other",2018-05-07,2018
"2576","Lake Roosevelt National Recreation Area","Suicide","Suicide","Intentional","Fatal injury","Male","25-34","Suicide",2018-05-09,2018
"2577","Katmai National Park & Preserve","Suicide","Suicide","Intentional","Fatal injury","Female","35-44","Suicide",2018-05-09,2018
"2578","Golden Gate National Recreation Area","Suicide","Suicide","Intentional","Fatal injury","Female","25-34","Suicide",2018-05-11,2018
"2579","Little River Canyon National Preserve","Drowning","Drowning","Unintentional","Fatal Injury","Male","0-14","Swimming",2018-05-12,2018
"2580","Grand Canyon National Park","Medical - Not during physical activity","Medical - Not during physical activity","Medical","Fatal Injury","Male","55-64","Sleeping",2018-05-12,2018
"2581","Sequoia & Kings Canyon National Parks","Fall","Fall","Unintentional","Fatal Injury","Male","25-34","Hiking",2018-05-13,2018
"2582","North Cascades National Park","Motor Vehicle Crash","Motor Vehicle Crash","Unintentional","Fatal Injury","Male","15-24","Driving",2018-05-13,2018
"2583","Big Cypress National Preserve","Suicide","Suicide","Intentional","Fatal injury","Male","65+","Suicide",2018-05-13,2018
"2584","Glen Canyon National Recreation Area","Medical - Not during physical activity","Medical - Not during physical activity","Medical","Fatal Injury","Male","65+","Other",2018-05-16,2018
"2585","Organ Pipe Cactus National Monument","Undetermined","Undetermined","Undetermined","Fatal Injury","Male","Not Reported","Illegal activity",2018-05-16,2018
"2586","Clara Barton National Historic Site","Medical - Not during physical activity","Medical - Not during physical activity","Medical","Fatal Injury","Male","65+","Driving",2018-05-17,2018
"2587","Shenandoah National Park","Suicide","Suicide","Intentional","Fatal injury","Female","65+","Suicide",2018-05-17,2018
"2588","George Washington Memorial Parkway","Suicide","Suicide","Intentional","Fatal injury","Male","45-54","Suicide",2018-05-18,2018
"2589","Colorado National Monument","Suicide","Suicide","Intentional","Fatal injury","Female","25-34","Suicide",2018-05-18,2018
"2590","Petroglyph National Monument","Suicide","Suicide","Intentional","Fatal Injury","Male","55-64","Suicide",2018-05-19,2018
"2591","Lake Meredith National Recreation Area","Drowning","Drowning","Unintentional","Fatal Injury","Male","55-64","Vessel Related",2018-05-20,2018
"2592","Glen Canyon National Recreation Area","Fall","Fall","Unintentional","Fatal Injury","Female","35-44","Diving (Land)",2018-05-20,2018
"2593","Chattahoochee River National Recreation Area","Drowning","Drowning","Unintentional","Fatal Injury","Male","15-24","Swimming",2018-05-21,2018
"2594","Yosemite National Park","Fall","Fall","Unintentional","Fatal Injury","Male","25-34","Hiking",2018-05-21,2018
"2595","Shenandoah National Park","Motor Vehicle Crash","Motor Vehicle Crash","Unintentional","Fatal Injury","Female","45-54","Driving",2018-05-21,2018
"2596","Golden Gate National Recreation Area","Undetermined","Undetermined","Undetermined","Fatal Injury","Not Reported","Not Reported","Not Reported",2018-05-21,2018
"2597","Appalachian National Scenic Trail","Drowning","Drowning","Unintentional","Fatal Injury","Male","35-44","Swimming",2018-05-22,2018
"2598","Voyageurs National Park","Medical - Not during physical activity","Medical - Not during physical activity","Medical","Fatal Injury","Male","55-64","Sleeping",2018-05-23,2018
"2599","Yellowstone National Park","Medical - Not during physical activity","Medical - Not during physical activity","Medical","Fatal Injury","Female","65+","Driving",2018-05-24,2018
"2600","Delaware Water Gap National Recreation Area","Drowning","Drowning","Unintentional","Fatal Injury","Male","35-44","Vessel Related",2018-05-25,2018
"2601","Glacier National Park","Medical - During physical activity","Medical - During physical activity","Medical","Fatal Injury","Male","55-64","Bicycling",2018-05-25,2018
"2602","Delaware Water Gap National Recreation Area","Medical - During physical activity","Medical - During physical activity","Medical","Fatal Injury","Male","55-64","Hiking",2018-05-26,2018
"2603","Lake Mead National Recreation Area","Medical - During physical activity","Medical - During physical activity","Medical","Fatal Injury","Male","35-44","Vessel Related",2018-05-26,2018
"2604","Blue Ridge Parkway","Motor Vehicle Crash","Motor Vehicle Crash","Unintentional","Fatal Injury","Male","25-34","Driving",2018-05-26,2018
"2605","Joshua Tree National Park","Homicide","Homicide","Intentional","Fatal Injury","Male","45-54","Homicide",2018-06-01,2018
"2606","Cumberland Gap National Historical Park","Motor Vehicle Crash","Motor Vehicle Crash","Unintentional","Fatal Injury","Female","25-34","Driving",2018-06-01,2018
"2607","Cumberland Gap National Historical Park","Motor Vehicle Crash","Motor Vehicle Crash","Unintentional","Fatal Injury","Female","25-34","Driving",2018-06-01,2018
"2608","New River Gorge National River","Drowning","Drowning","Unintentional","Fatal Injury","Male","45-54","Swimming",2018-06-02,2018
"2609","Chickasaw National Recreation Area","Drowning","Drowning","Unintentional","Fatal Injury","Male","25-34","Swimming",2018-06-02,2018
"2610","Yosemite National Park","Fall","Fall","Unintentional","Fatal Injury","Male","35-44","Climbing",2018-06-02,2018
"2611","Yosemite National Park","Fall","Fall","Unintentional","Fatal Injury","Male","45-54","Climbing",2018-06-02,2018
"2612","Chattahoochee River National Recreation Area","Fall","Fall","Unintentional","Fatal Injury","Male","25-34","Other",2018-06-02,2018
"2613","Cape Hatteras National Seashore","Undetermined","Undetermined","Undetermined","Fatal Injury","Male","65+","Swimming",2018-06-03,2018
"2614","Cape Hatteras National Seashore","Drowning","Drowning","Unintentional","Fatal Injury","Male","55-64","Swimming",2018-06-06,2018
"2615","Organ Pipe Cactus National Monument","Undetermined","Undetermined","Undetermined","Fatal Injury","Male","Not Reported","Illegal activity",2018-06-06,2018
"2616","Cape Hatteras National Seashore","Undetermined","Undetermined","Undetermined","Fatal Injury","Male","55-64","Swimming",2018-06-06,2018
"2617","Mount Rainier National Park","Undetermined","Undetermined","Undetermined","Fatal Injury","Male","65+","Hiking",2018-06-07,2018
"2618","Grand Canyon National Park","Hyperthermia","Environmental","Unintentional","Fatal Injury","Male","55-64","Hiking",2018-06-08,2018
"2619","National Capital Parks-East","Medical - Not during physical activity","Medical - Not during physical activity","Medical","Fatal Injury","Male","35-44","Vessel Related",2018-06-08,2018
"2620","Great Smoky Mountains National Park","Motor Vehicle Crash","Motor Vehicle Crash","Unintentional","Fatal Injury","Male","15-24","Driving",2018-06-08,2018
"2621","Delaware Water Gap National Recreation Area","Suicide","Suicide","Intentional","Fatal injury","Male","45-54","Suicide",2018-06-08,2018
"2622","Blue Ridge Parkway","Suicide","Suicide","Intentional","Fatal injury","Male","25-34","Suicide",2018-06-08,2018
"2623","Grand Teton National Park","Aircraft incident","Other Transportation","Unintentional","Fatal Injury","Female","65+","Flying",2018-06-09,2018
"2624","Grand Teton National Park","Aircraft incident","Other Transportation","Unintentional","Fatal Injury","Male","65+","Flying",2018-06-09,2018
"2625","Saint Croix National Scenic Riverway","Drowning","Drowning","Unintentional","Fatal Injury","Male","15-24","Not Reported",2018-06-09,2018
"2626","Statue Of Liberty National Monument","Undetermined","Undetermined","Undetermined","Fatal Injury","Female","65+","Walking",2018-06-09,2018
"2627","Sequoia & Kings Canyon National Parks","Drowning","Drowning","Unintentional","Fatal Injury","Male","35-44","Swimming",2018-06-10,2018
"2628","Yosemite National Park","Medical - During physical activity","Medical - During physical activity","Medical","Fatal Injury","Male","45-54","Hiking",2018-06-11,2018
"2629","Chattahoochee River National Recreation Area","Suicide","Suicide","Intentional","Fatal injury","Male","55-64","Suicide",2018-06-12,2018
"2630","Grand Canyon National Park","Poisoning - alcohol","Poisoning","Unintentional","Fatal Injury","Male","35-44","Other",2018-06-13,2018
"2631","Organ Pipe Cactus National Monument","Undetermined","Undetermined","Undetermined","Fatal Injury","Male","Not Reported","Illegal activity",2018-06-15,2018
"2632","Lake Mead National Recreation Area","Drowning","Drowning","Unintentional","Fatal Injury","Male","35-44","Swimming",2018-06-17,2018
"2633","North Cascades National Park","Suicide","Suicide","Intentional","Fatal injury","Male","25-34","Suicide",2018-06-17,2018
"2634","Katmai National Park & Preserve","Drowning","Drowning","Unintentional","Fatal Injury","Male","65+","Vessel Related",2018-06-19,2018
"2635","Organ Pipe Cactus National Monument","Undetermined","Undetermined","Undetermined","Fatal Injury","Not Reported","Not Reported","Illegal activity",2018-06-20,2018
"2636","Organ Pipe Cactus National Monument","Undetermined","Undetermined","Undetermined","Fatal Injury","Male","35-44","Illegal activity",2018-06-21,2018
"2637","Wrangell - St Elias National Park & Reserve","Drowning","Drowning","Unintentional","Fatal Injury","Male","55-64","Crossing River",2018-06-22,2018
"2638","Wrangell - St Elias National Park & Reserve","Drowning","Drowning","Unintentional","Fatal Injury","Female","55-64","Crossing River",2018-06-22,2018
"2639","Grand Canyon National Park","Hyperthermia","Environmental","Unintentional","Fatal Injury","Male","15-24","Hiking",2018-06-22,2018
"2640","George Washington Memorial Parkway","Medical - Not during physical activity","Medical - Not during physical activity","Medical","Fatal Injury","Male","65+","Driving",2018-06-22,2018
"2641","Sequoia & Kings Canyon National Parks","Drowning","Drowning","Unintentional","Fatal Injury","Male","15-24","Swimming",2018-06-23,2018
"2642","New River Gorge National River","Drowning","Drowning","Unintentional","Fatal Injury","Male","45-54","Swimming",2018-06-24,2018
"2643","Mount Rushmore National Memorial","Suicide","Suicide","Intentional","Fatal injury","Male","45-54","Suicide",2018-06-24,2018
"2644","Grand Teton National Park","Fall","Fall","Unintentional","Fatal Injury","Male","25-34","Climbing",2018-06-25,2018
"2645","Cape Hatteras National Seashore","Undetermined","Undetermined","Undetermined","Fatal Injury","Male","45-54","Swimming",2018-06-28,2018
"2646","Great Smoky Mountains National Park","Bicycle only crash","Other Transportation","Unintentional","Fatal Injury","Female","55-64","Bicycling",2018-06-29,2018
"2647","Dinosaur National Monument","Motor Vehicle Crash","Motor Vehicle Crash","Unintentional","Fatal Injury","Female","25-34","Driving",2018-06-30,2018
"2648","Blue Ridge Parkway","Motor Vehicle Crash","Motor Vehicle Crash","Unintentional","Fatal Injury","Male","65+","Driving",2018-06-30,2018
"2649","Shenandoah National Park","Undetermined","Undetermined","Undetermined","Fatal Injury","Male","45-54","Hiking",2018-06-30,2018
"2650","Great Smoky Mountains National Park","Suicide","Suicide","Intentional","Fatal injury","Male","35-44","Suicide",2018-07-01,2018
"2651","Lake Mead National Recreation Area","Drowning","Drowning","Unintentional","Fatal Injury","Male","15-24","Swimming",2018-07-03,2018
"2652","Grand Canyon National Park","Fall","Fall","Unintentional","Fatal Injury","Male","25-34","Photographing",2018-07-03,2018
"2653","Arches National Park","Hyperthermia","Environmental","Unintentional","Fatal Injury","Female","35-44","Hiking",2018-07-03,2018
"2654","Assateague Island National Seashore","Drowning","Drowning","Unintentional","Fatal Injury","Male","35-44","Swimming",2018-07-04,2018
"2655","Rocky Mountain National Park","Fall","Fall","Unintentional","Fatal Injury","Male","35-44","Hiking",2018-07-05,2018
"2656","Organ Pipe Cactus National Monument","Hyperthermia","Environmental","Unintentional","Fatal Injury","Male","15-24","Illegal activity",2018-07-05,2018
"2657","Death Valley National Park","Poisoning - drugs","Poisoning","Unintentional","Fatal Injury","Female","35-44","Other",2018-07-05,2018
"2658","Saguaro National Park","Medical - During physical activity","Medical - During physical activity","Medical","Fatal Injury","Male","65+","Hiking",2018-07-08,2018
"2659","Wrangell - St Elias National Park & Reserve","Medical - During physical activity","Medical - During physical activity","Medical","Fatal Injury","Male","45-54","Hiking",2018-07-10,2018
"2660","Sequoia & Kings Canyon National Parks","Fall","Fall","Unintentional","Fatal Injury","Male","25-34","Climbing",2018-07-12,2018
"2661","Yellowstone National Park","Medical - During physical activity","Medical - During physical activity","Medical","Fatal Injury","Male","65+","Walking",2018-07-12,2018
"2662","Lake Meredith National Recreation Area","Medical - Unknown","Medical - Unknown","Medical","Fatal Injury","Male","25-34","Not Reported",2018-07-12,2018
"2663","Yosemite National Park","Undetermined","Undetermined","Undetermined","Fatal Injury","Not Reported","Not Reported","Not Reported",2018-07-12,2018
"2664","Lake Mead National Recreation Area","Poisoning - drugs","Poisoning","Unintentional","Fatal Injury","Male","25-34","Other",2018-07-13,2018
"2665","Cape Cod National Seashore","Undetermined","Undetermined","Undetermined","Fatal Injury","Male","45-54","Sitting",2018-07-13,2018
"2666","Great Smoky Mountains National Park","Motor Vehicle Crash","Motor Vehicle Crash","Unintentional","Fatal Injury","Male","65+","Driving",2018-07-14,2018
"2667","Yellowstone National Park","Suicide","Suicide","Intentional","Fatal injury","Male","55-64","Suicide",2018-07-14,2018
"2668","Cape Cod National Seashore","Medical - During physical activity","Medical - During physical activity","Medical","Fatal Injury","Male","65+","Vessel Related",2018-07-15,2018
"2669","Blue Ridge Parkway","Suicide","Suicide","Intentional","Fatal injury","Male","35-44","Suicide",2018-07-15,2018
"2670","Joshua Tree National Park","Undetermined","Undetermined","Undetermined","Fatal Injury","Male","45-54","Hiking",2018-07-15,2018
"2671","Lake Roosevelt National Recreation Area","Undetermined","Undetermined","Undetermined","Fatal Injury","Male","45-54","Not Reported",2018-07-15,2018
"2672","George Washington Memorial Parkway","Drowning","Drowning","Unintentional","Fatal Injury","Male","65+","Fishing",2018-07-16,2018
"2673","Death Valley National Park","Fall","Fall","Unintentional","Fatal Injury","Male","55-64","Hiking",2018-07-16,2018
"2674","Mesa Verde National Park","Medical - During physical activity","Medical - During physical activity","Medical","Fatal Injury","Male","65+","Hiking",2018-07-16,2018
"2675","Everglades National Park","Aircraft incident","Other Transportation","Unintentional","Fatal Injury","Female","15-24","Flying",2018-07-17,2018
"2676","Everglades National Park","Aircraft incident","Other Transportation","Unintentional","Fatal Injury","Male","15-24","Flying",2018-07-17,2018
"2677","Everglades National Park","Aircraft incident","Other Transportation","Unintentional","Fatal Injury","Male","15-24","Flying",2018-07-17,2018
"2678","Everglades National Park","Aircraft incident","Other Transportation","Unintentional","Fatal Injury","Male","65+","Flying",2018-07-17,2018
"2679","National Mall & Memorial Parks","Poisoning - drugs","Poisoning","Unintentional","Fatal Injury","Male","Not Reported","Not Reported",2018-07-17,2018
"2680","New River Gorge National River","Suicide","Suicide","Intentional","Fatal injury","Male","15-24","Suicide",2018-07-17,2018
"2681","Appalachian National Scenic Trail","Fall","Fall","Unintentional","Fatal Injury","Male","65+","Hiking",2018-07-18,2018
"2682","Anacostia Park","Medical - Unknown","Medical - Unknown","Medical","Fatal Injury","Male","Not Reported","Not Reported",2018-07-18,2018
"2683","Mount Rainier National Park","Medical - During physical activity","Medical - During physical activity","Medical","Fatal Injury","Male","65+","Hiking",2018-07-19,2018
"2684","Mount Rushmore National Memorial","Fall","Fall","Unintentional","Fatal Injury","Male","55-64","Hiking",2018-07-20,2018
"2685","Glacier National Park","Medical - During physical activity","Medical - During physical activity","Medical","Fatal Injury","Male","65+","Driving",2018-07-20,2018
"2686","Grand Teton National Park","Fall","Fall","Unintentional","Fatal Injury","Male","25-34","Climbing",2018-07-22,2018
"2687","Golden Gate National Recreation Area","Suicide","Suicide","Intentional","Fatal injury","Male","15-24","Suicide",2018-07-22,2018
"2688","Lake Mead National Recreation Area","Drowning","Drowning","Unintentional","Fatal Injury","Male","25-34","Swimming",2018-07-23,2018
"2689","Grand Teton National Park","Suicide","Suicide","Intentional","Fatal injury","Female","35-44","Suicide",2018-07-23,2018
"2690","Big Cypress National Preserve","Undetermined","Undetermined","Undetermined","Fatal Injury","Male","Not Reported","Hiking",2018-07-23,2018
"2691","Blue Ridge Parkway","Homicide","Homicide","Intentional","Fatal Injury","Female","25-34","Homicide",2018-07-24,2018
"2692","Organ Pipe Cactus National Monument","Hyperthermia","Environmental","Unintentional","Fatal Injury","Male","35-44","Illegal activity",2018-07-24,2018
"2693","Little Bighorn Battlefield National Monument","Medical - Not during physical activity","Medical - Not during physical activity","Medical","Fatal Injury","Male","65+","Sitting",2018-07-24,2018
"2694","Yellowstone National Park","Medical - Not during physical activity","Medical - Not during physical activity","Medical","Fatal Injury","Male","65+","Sleeping",2018-07-24,2018
"2695","Mount Rainier National Park","Drowning","Drowning","Unintentional","Fatal Injury","Female","15-24","Crossing River",2018-07-25,2018
"2696","Glen Canyon National Recreation Area","Drowning","Drowning","Unintentional","Fatal Injury","Male","45-54","Diving - Free",2018-07-25,2018
"2697","Lake Mead National Recreation Area","Poisoning - drugs","Poisoning","Unintentional","Fatal Injury","Male","55-64","Other",2018-07-25,2018
"2698","Organ Pipe Cactus National Monument","Undetermined","Undetermined","Undetermined","Fatal Injury","Male","25-34","Illegal activity",2018-07-26,2018
"2699","Lake Mead National Recreation Area","Hyperthermia","Environmental","Unintentional","Fatal Injury","Female","45-54","Hiking",2018-07-28,2018
"2700","Lake Mead National Recreation Area","Suicide","Suicide","Intentional","Fatal injury","Male","25-34","Suicide",2018-07-29,2018
"2701","Mount Rainier National Park","Fall","Fall","Unintentional","Fatal Injury","Male","45-54","Hiking",2018-07-30,2018
"2702","Glacier National Park","Fall","Fall","Unintentional","Fatal Injury","Male","15-24","Hiking",2018-07-31,2018
"2703","Organ Pipe Cactus National Monument","Hyperthermia","Environmental","Unintentional","Fatal Injury","Male","35-44","Illegal activity",2018-08-01,2018
"2704","Big Cypress National Preserve","Suicide","Suicide","Intentional","Fatal injury","Male","25-34","Suicide",2018-08-01,2018
"2705","Blue Ridge Parkway","Suicide","Suicide","Intentional","Fatal injury","Male","45-54","Suicide",2018-08-01,2018
"2706","Wrangell - St Elias National Park & Reserve","Drowning","Drowning","Unintentional","Fatal Injury","Male","15-24","Vessel Related",2018-08-02,2018
"2707","Denali National Park & Preserve","Aircraft incident","Other Transportation","Unintentional","Fatal Injury","Male","45-54","Flying",2018-08-04,2018
"2708","Denali National Park & Preserve","Aircraft incident","Other Transportation","Unintentional","Fatal Injury","Female","55-64","Flying",2018-08-04,2018
"2709","Denali National Park & Preserve","Aircraft incident","Other Transportation","Unintentional","Fatal Injury","Male","55-64","Flying",2018-08-04,2018
"2710","Denali National Park & Preserve","Aircraft incident","Other Transportation","Unintentional","Fatal Injury","Male","55-64","Flying",2018-08-04,2018
"2711","Denali National Park & Preserve","Aircraft incident","Other Transportation","Unintentional","Fatal Injury","Male","65+","Flying",2018-08-04,2018
"2712","North Cascades National Park","Fall","Fall","Unintentional","Fatal Injury","Male","55-64","Climbing",2018-08-04,2018
"2713","Gulf Islands National Seashore","Drowning","Drowning","Unintentional","Fatal Injury","Male","35-44","Swimming",2018-08-05,2018
"2714","Indiana Dunes National Park","Drowning","Drowning","Unintentional","Fatal Injury","Male","55-64","Swimming",2018-08-05,2018
"2715","Natchez Trace Parkway","Motor Vehicle Crash","Motor Vehicle Crash","Unintentional","Fatal Injury","Male","15-24","Driving",2018-08-06,2018
"2716","Natchez Trace Parkway","Motor Vehicle Crash","Motor Vehicle Crash","Unintentional","Fatal Injury","Male","55-64","Driving",2018-08-06,2018
"2717","Gateway National Recreation Area","Suicide","Suicide","Intentional","Fatal injury","Male","65+","Suicide",2018-08-08,2018
"2718","Olympic National Park","Undetermined","Undetermined","Undetermined","Fatal Injury","Male","65+","Driving",2018-08-08,2018
"2719","Sequoia & Kings Canyon National Parks","Drowning","Drowning","Unintentional","Fatal Injury","Male","15-24","Swimming",2018-08-09,2018
"2720","Blue Ridge Parkway","Motor Vehicle Crash","Motor Vehicle Crash","Unintentional","Fatal Injury","Male","65+","Driving",2018-08-09,2018
"2721","Gulf Islands National Seashore","Medical - Not during physical activity","Medical - Not during physical activity","Medical","Fatal Injury","Male","65+","Sitting",2018-08-10,2018
"2722","Ozark National Scenic Riverways","Fall","Fall","Unintentional","Fatal Injury","Female","25-34","Climbing",2018-08-11,2018
"2723","Yosemite National Park","Suicide","Suicide","Intentional","Fatal injury","Male","45-54","Suicide",2018-08-11,2018
"2724","Bighorn Canyon National Recreation Area","Vessel Incident","Other Transportation","Unintentional","Fatal Injury","Male","35-44","Vessel Related",2018-08-11,2018
"2725","Bighorn Canyon National Recreation Area","Vessel Incident","Other Transportation","Unintentional","Fatal Injury","Male","35-44","Vessel Related",2018-08-11,2018
"2726","Bighorn Canyon National Recreation Area","Vessel Incident","Other Transportation","Unintentional","Fatal Injury","Female","55-64","Vessel Related",2018-08-11,2018
"2727","Bighorn Canyon National Recreation Area","Vessel Incident","Other Transportation","Unintentional","Fatal Injury","Male","55-64","Vessel Related",2018-08-11,2018
"2728","Olympic National Park","Undetermined","Undetermined","Undetermined","Fatal Injury","Male","15-24","Not Reported",2018-08-12,2018
"2729","Great Smoky Mountains National Park","Undetermined","Undetermined","Undetermined","Fatal Injury","Male","45-54","Not Reported",2018-08-12,2018
"2730","Zion National Park","Fall","Fall","Unintentional","Fatal Injury","Male","45-54","Hiking",2018-08-13,2018
"2731","Olympic National Park","Medical - During physical activity","Medical - During physical activity","Medical","Fatal Injury","Female","25-34","Hiking",2018-08-13,2018
"2732","Mount Rainier National Park","Fall","Fall","Unintentional","Fatal Injury","Male","35-44","Climbing",2018-08-14,2018
"2733","Lake Mead National Recreation Area","Motor Vehicle Crash","Motor Vehicle Crash","Unintentional","Fatal Injury","Not Reported","Not Reported","Driving",2018-08-14,2018
"2734","Lake Mead National Recreation Area","Motor Vehicle Crash","Motor Vehicle Crash","Unintentional","Fatal Injury","Not Reported","Not Reported","Driving",2018-08-14,2018
"2735","Dry Tortugas National Park","Drowning","Drowning","Unintentional","Fatal Injury","Male","45-54","Snorkeling",2018-08-15,2018
"2736","San Juan Island National Historical Park","Undetermined","Undetermined","Undetermined","Fatal Injury","Male","Not Reported","Not Reported",2018-08-15,2018
"2737","Yosemite National Park","Suicide","Suicide","Intentional","Fatal injury","Male","55-64","Suicide",2018-08-16,2018
"2738","Big Cypress National Preserve","Homicide","Homicide","Intentional","Fatal Injury","Male","15-24","Homicide",2018-08-18,2018
"2739","Blue Ridge Parkway","Suicide","Suicide","Intentional","Fatal injury","Male","35-44","Suicide",2018-08-20,2018
"2740","Appalachian National Scenic Trail","Falling tree/branch","Environmental","Unintentional","Fatal Injury","Male","65+","Hiking",2018-08-21,2018
"2741","Curecanti National Recreation Area","Motor Vehicle Crash","Motor Vehicle Crash","Unintentional","Fatal Injury","Male","55-64","Driving",2018-08-21,2018
"2742","Curecanti National Recreation Area","Motor Vehicle Crash","Motor Vehicle Crash","Unintentional","Fatal Injury","Female","55-64","Driving",2018-08-21,2018
"2743","Assateague Island National Seashore","Medical - Not during physical activity","Medical - Not during physical activity","Medical","Fatal Injury","Male","55-64","Other",2018-08-22,2018
"2744","Natchez Trace Parkway","Motor Vehicle Crash","Motor Vehicle Crash","Unintentional","Fatal Injury","Male","65+","Driving",2018-08-22,2018
"2745","Padre Island National Seashore","Motor Vehicle Crash","Motor Vehicle Crash","Unintentional","Fatal Injury","Male","45-54","Driving",2018-08-23,2018
"2746","Yosemite National Park","Motor Vehicle Crash","Motor Vehicle Crash","Unintentional","Fatal Injury","Female","45-54","Driving",2018-08-24,2018
"2747","New River Gorge National River","Suicide","Suicide","Intentional","Fatal injury","Male","15-24","Suicide",2018-08-25,2018
"2748","Rocky Mountain National Park","Fall","Fall","Unintentional","Fatal Injury","Male","55-64","Hiking",2018-08-26,2018
"2749","Glen Canyon National Recreation Area","Drowning","Drowning","Unintentional","Fatal Injury","Male","Not Reported","Swimming",2018-08-27,2018
"2750","Saguaro National Park","Undetermined","Undetermined","Undetermined","Fatal Injury","Not Reported","Not Reported","Not Reported",2018-08-31,2018
"2751","Lake Mead National Recreation Area","Drowning","Drowning","Unintentional","Fatal Injury","Male","45-54","Swimming",2018-09-01,2018
"2752","Blue Ridge Parkway","Motor Vehicle Crash","Motor Vehicle Crash","Unintentional","Fatal Injury","Female","15-24","Driving",2018-09-01,2018
"2753","Blue Ridge Parkway","Suicide","Suicide","Intentional","Fatal injury","Male","35-44","Suicide",2018-09-01,2018
"2754","Lake Mead National Recreation Area","Medical - During physical activity","Medical - During physical activity","Medical","Fatal Injury","Male","45-54","Swimming",2018-09-02,2018
"2755","Suitland","Motor Vehicle Crash","Motor Vehicle Crash","Unintentional","Fatal Injury","Male","35-44","Bicycling",2018-09-03,2018
"2756","Suitland","Motor Vehicle Crash","Motor Vehicle Crash","Unintentional","Fatal Injury","Male","25-34","Walking",2018-09-03,2018
"2757","Yosemite National Park","Fall","Fall","Unintentional","Fatal Injury","Male","15-24","Photographing",2018-09-04,2018
"2758","Natchez Trace Parkway","Motor Vehicle Crash","Motor Vehicle Crash","Unintentional","Fatal Injury","Male","15-24","Driving",2018-09-04,2018
"2759","New River Gorge National River","Suicide","Suicide","Intentional","Fatal injury","Male","15-24","Suicide",2018-09-04,2018
"2760","New River Gorge National River","Undetermined","Undetermined","Undetermined","Fatal Injury","Male","45-54","Not Reported",2018-09-04,2018
"2761","Shenandoah National Park","Homicide","Homicide","Intentional","Fatal Injury","Female","0-14","Homicide",2018-09-05,2018
"2762","Shenandoah National Park","Homicide","Homicide","Intentional","Fatal Injury","Female","45-54","Homicide",2018-09-05,2018
"2763","Delaware Water Gap National Recreation Area","Motor Vehicle Crash","Motor Vehicle Crash","Unintentional","Fatal Injury","Female","55-64","Driving",2018-09-05,2018
"2764","Rocky Mountain National Park","Suicide","Suicide","Intentional","Fatal injury","Male","45-54","Suicide",2018-09-05,2018
"2765","Grand Canyon National Park","Drowning","Drowning","Unintentional","Fatal Injury","Male","65+","Swimming",2018-09-07,2018
"2766","Glen Canyon National Recreation Area","Medical - During physical activity","Medical - During physical activity","Medical","Fatal Injury","Male","65+","Vessel Related",2018-09-07,2018
"2767","Big South Fork National River and Recreation Area","Medical - During physical activity","Medical - During physical activity","Medical","Fatal Injury","Male","55-64","Hiking",2018-09-09,2018
"2768","Great Smoky Mountains National Park","Poisoning - drugs","Poisoning","Unintentional","Fatal Injury","Male","25-34","Other",2018-09-09,2018
"2769","Canaveral National Seashore","Drowning","Drowning","Unintentional","Fatal Injury","Male","15-24","Swimming",2018-09-10,2018
"2770","Sleeping Bear Dunes National Lakeshore","Medical - During physical activity","Medical - During physical activity","Medical","Fatal Injury","Female","65+","Walking",2018-09-12,2018
"2771","Redwood National and State Parks","Suicide","Suicide","Intentional","Fatal injury","Male","45-54","Suicide",2018-09-12,2018
"2772","White Sands National Park","Undetermined","Undetermined","Undetermined","Fatal Injury","Male","35-44","Hiking",2018-09-12,2018
"2773","Golden Gate National Recreation Area","Medical - Not during physical activity","Medical - Not during physical activity","Medical","Fatal Injury","Male","65+","Sitting",2018-09-13,2018
"2774","Organ Pipe Cactus National Monument","Undetermined","Undetermined","Undetermined","Fatal Injury","Male","35-44","Illegal activity",2018-09-14,2018
"2775","Grand Teton National Park","Widlife incident","Wildlife Incident","Unintentional","Fatal Injury","Male","35-44","Hunting",2018-09-14,2018
"2776","Cape Cod National Seashore","Widlife incident","Wildlife Incident","Unintentional","Fatal Injury","Male","25-34","Vessel Related",2018-09-15,2018
"2777","Great Smoky Mountains National Park","Motor Vehicle Crash","Motor Vehicle Crash","Unintentional","Fatal Injury","Female","45-54","Driving",2018-09-17,2018
"2778","Great Smoky Mountains National Park","Motor Vehicle Crash","Motor Vehicle Crash","Unintentional","Fatal Injury","Female","45-54","Driving",2018-09-17,2018
"2779","Great Smoky Mountains National Park","Motor Vehicle Crash","Motor Vehicle Crash","Unintentional","Fatal Injury","Female","65+","Driving",2018-09-17,2018
"2780","Pictured Rocks National Lakeshore","Fall","Fall","Unintentional","Fatal Injury","Female","25-34","Photographing",2018-09-19,2018
"2781","Arches National Park","Medical - During physical activity","Medical - During physical activity","Medical","Fatal Injury","Male","65+","Hiking",2018-09-19,2018
"2782","Grand Canyon National Park","Medical - Not during physical activity","Medical - Not during physical activity","Medical","Fatal Injury","Male","45-54","Other",2018-09-19,2018
"2783","Glen Canyon National Recreation Area","Drowning","Drowning","Unintentional","Fatal Injury","Male","35-44","Swimming",2018-09-22,2018
"2784","Natchez Trace Parkway","Homicide","Homicide","Intentional","Fatal Injury","Male","15-24","Homicide",2018-09-24,2018
"2785","Yosemite National Park","Medical - Not during physical activity","Medical - Not during physical activity","Medical","Fatal Injury","Male","55-64","Driving",2018-09-25,2018
"2786","Olympic National Park","Medical - Not during physical activity","Medical - Not during physical activity","Medical","Fatal Injury","Male","65+","Sleeping",2018-09-25,2018
"2787","Organ Pipe Cactus National Monument","Undetermined","Undetermined","Undetermined","Fatal Injury","Male","45-54","Illegal activity",2018-09-25,2018
"2788","Mesa Verde National Park","Suicide","Suicide","Intentional","Fatal injury","Female","15-24","Suicide",2018-09-27,2018
"2789","Great Smoky Mountains National Park","Undetermined","Undetermined","Undetermined","Fatal Injury","Female","55-64","Hiking",2018-09-27,2018
"2790","Glacier Bay National Park & Preserve","Aircraft incident","Other Transportation","Unintentional","Fatal Injury","Male","0-14","Flying",2018-09-28,2018
"2791","Glacier Bay National Park & Preserve","Aircraft incident","Other Transportation","Unintentional","Fatal Injury","Male","35-44","Flying",2018-09-28,2018
"2792","Glacier Bay National Park & Preserve","Aircraft incident","Other Transportation","Unintentional","Fatal Injury","Male","45-54","Flying",2018-09-28,2018
"2793","Glen Canyon National Recreation Area","Drowning","Drowning","Unintentional","Fatal Injury","Male","0-14","Vessel Related",2018-09-28,2018
"2794","Crater Lake National Park","Suicide","Suicide","Intentional","Fatal injury","Male","65+","Suicide",2018-09-28,2018
"2795","Cape Cod National Seashore","Drowning","Drowning","Unintentional","Fatal Injury","Male","25-34","Swimming",2018-09-29,2018
"2796","Grand Canyon National Park","Medical - Unknown","Medical - Unknown","Medical","Fatal Injury","Male","65+","Not Reported",2018-09-30,2018
"2797","Gateway National Recreation Area","Suicide","Suicide","Intentional","Fatal injury","Male","65+","Suicide",2018-09-30,2018
"2798","Grand Canyon National Park","Fall","Fall","Unintentional","Fatal Injury","Female","15-24","Not Reported",2018-10-01,2018
"2799","Cape Hatteras National Seashore","Medical - During physical activity","Medical - During physical activity","Medical","Fatal Injury","Male","55-64","Swimming",2018-10-01,2018
"2800","Appalachian National Scenic Trail","Medical - During physical activity","Medical - During physical activity","Medical","Fatal Injury","Male","65+","Walking",2018-10-01,2018
"2801","Shenandoah National Park","Suicide","Suicide","Intentional","Fatal injury","Male","65+","Suicide",2018-10-01,2018
"2802","Grand Canyon National Park","Undetermined","Undetermined","Undetermined","Fatal Injury","Male","25-34","Hiking",2018-10-01,2018
"2803","Virgin Islands National Park","Drowning","Drowning","Unintentional","Fatal Injury","Male","65+","Snorkeling",2018-10-02,2018
"2804","Gateway National Recreation Area","Drowning","Drowning","Unintentional","Fatal Injury","Male","55-64","Wading",2018-10-03,2018
"2805","Organ Pipe Cactus National Monument","Hyperthermia","Environmental","Unintentional","Fatal Injury","Female","35-44","Illegal activity",2018-10-03,2018
"2806","New River Gorge National River","Suicide","Suicide","Intentional","Fatal injury","Male","15-24","Suicide",2018-10-03,2018
"2807","Petersburg National Battlefield","Suicide","Suicide","Intentional","Fatal Injury","Male","45-54","Suicide",2018-10-04,2018
"2808","Rocky Mountain National Park","Suicide","Suicide","Intentional","Fatal injury","Male","15-24","Suicide",2018-10-05,2018
"2809","Rocky Mountain National Park","Undetermined","Undetermined","Undetermined","Fatal Injury","Male","25-34","Climbing",2018-10-05,2018
"2810","Cuyahoga Valley National Park","Medical - During physical activity","Medical - During physical activity","Medical","Fatal Injury","Male","55-64","Hiking",2018-10-06,2018
"2811","Sleeping Bear Dunes National Lakeshore","Medical - Not during physical activity","Medical - Not during physical activity","Medical","Fatal Injury","Female","65+","Sleeping",2018-10-06,2018
"2812","Yellowstone National Park","Drowning","Drowning","Unintentional","Fatal Injury","Male","25-34","Not Reported",2018-10-07,2018
"2813","Natchez Trace Parkway","Suicide","Suicide","Intentional","Fatal injury","Male","15-24","Suicide",2018-10-07,2018
"2814","Natchez Trace Parkway","Motor Vehicle Crash","Motor Vehicle Crash","Unintentional","Fatal Injury","Female","35-44","Driving",2018-10-09,2018
"2815","Blue Ridge Parkway","Medical - During physical activity","Medical - During physical activity","Medical","Fatal Injury","Male","15-24","Hiking",2018-10-11,2018
"2816","Gateway National Recreation Area","Suicide","Suicide","Intentional","Fatal injury","Male","55-64","Suicide",2018-10-12,2018
"2817","Shenandoah National Park","Medical - During physical activity","Medical - During physical activity","Medical","Fatal Injury","Male","45-54","Hiking",2018-10-14,2018
"2818","Shenandoah National Park","Medical - Not during physical activity","Medical - Not during physical activity","Medical","Fatal Injury","Male","45-54","Driving",2018-10-14,2018
"2819","Baltimore-Washington Parkway","Motor Vehicle Crash","Motor Vehicle Crash","Unintentional","Fatal Injury","Female","35-44","Driving",2018-10-14,2018
"2820","Boston National Historical Park","Medical - Unknown","Medical - Unknown","Medical","Fatal Injury","Not Reported","Not Reported","Not Reported",2018-10-15,2018
"2821","Virgin Islands National Park","Drowning","Drowning","Unintentional","Fatal Injury","Male","55-64","Snorkeling",2018-10-16,2018
"2822","Blue Ridge Parkway","Suicide","Suicide","Intentional","Fatal injury","Male","25-34","Suicide",2018-10-17,2018
"2823","Organ Pipe Cactus National Monument","Undetermined","Undetermined","Undetermined","Fatal Injury","Male","15-24","Illegal activity",2018-10-17,2018
"2824","Glen Canyon National Recreation Area","Medical - Not during physical activity","Medical - Not during physical activity","Medical","Fatal Injury","Male","65+","Driving",2018-10-20,2018
"2825","Gateway National Recreation Area","Medical - During physical activity","Medical - During physical activity","Medical","Fatal Injury","Male","45-54","Walking",2018-10-22,2018
"2826","Kennesaw Mountain National Battlefield Park","Suicide","Suicide","Intentional","Fatal Injury","Male","25-34","Suicide",2018-10-22,2018
"2827","Suitland","Homicide","Homicide","Intentional","Fatal Injury","Male","25-34","Homicide",2018-10-23,2018
"2828","Grand Canyon National Park","Medical - Not during physical activity","Medical - Not during physical activity","Medical","Fatal Injury","Male","65+","Other",2018-10-24,2018
"2829","Blue Ridge Parkway","Suicide","Suicide","Intentional","Fatal injury","Male","65+","Suicide",2018-10-24,2018
"2830","Yosemite National Park","Undetermined","Undetermined","Undetermined","Fatal Injury","Male","25-34","Photographing",2018-10-24,2018
"2831","Yosemite National Park","Undetermined","Undetermined","Undetermined","Fatal Injury","Female","25-34","Photographing",2018-10-24,2018
"2832","Blue Ridge Parkway","Motor Vehicle Crash","Motor Vehicle Crash","Unintentional","Fatal Injury","Female","25-34","Driving",2018-10-28,2018
"2833","Blue Ridge Parkway","Suicide","Suicide","Intentional","Fatal injury","Male","25-34","Suicide",2018-10-30,2018
"2834","Baltimore-Washington Parkway","Motor Vehicle Crash","Motor Vehicle Crash","Unintentional","Fatal Injury","Female","55-64","Driving",2018-10-31,2018
"2835","Great Sand Dunes National Park & Preserve","Suicide","Suicide","Intentional","Fatal injury","Male","15-24","Suicide",2018-11-02,2018
"2836","Gateway National Recreation Area","Drowning","Drowning","Unintentional","Fatal Injury","Male","45-54","Vessel Related",2018-11-03,2018
"2837","New River Gorge National River","Motor Vehicle Crash","Motor Vehicle Crash","Unintentional","Fatal Injury","Male","Not Reported","Driving",2018-11-03,2018
"2838","Organ Pipe Cactus National Monument","Undetermined","Undetermined","Undetermined","Fatal Injury","Male","Not Reported","Illegal activity",2018-11-05,2018
"2839","Big Bend National Park","Fall","Fall","Unintentional","Fatal Injury","Male","65+","Walking",2018-11-07,2018
"2840","Rocky Mountain National Park","Suicide","Suicide","Intentional","Fatal injury","Male","65+","Suicide",2018-11-07,2018
"2841","Great Falls Park","Suicide","Suicide","Intentional","Fatal injury","Male","65+","Suicide",2018-11-09,2018
"2842","Virgin Islands National Park","Medical - During physical activity","Medical - During physical activity","Medical","Fatal Injury","Male","55-64","Hiking",2018-11-13,2018
"2843","Fort Pulaski National Monument","Suicide","Suicide","Intentional","Fatal injury","Male","15-24","Suicide",2018-11-16,2018
"2844","Suitland","Suicide","Suicide","Intentional","Fatal Injury","Not Reported","Not Reported","Suicide",2018-11-19,2018
"2845","New River Gorge National River","Suicide","Suicide","Intentional","Fatal injury","Male","15-24","Suicide",2018-11-22,2018
"2846","Natchez Trace Parkway","Medical - Not during physical activity","Medical - Not during physical activity","Medical","Fatal Injury","Male","55-64","Other",2018-11-23,2018
"2847","Suitland","Motor Vehicle Crash","Motor Vehicle Crash","Unintentional","Fatal Injury","Female","25-34","Driving",2018-11-23,2018
"2848","Biscayne National Park","Undetermined","Undetermined","Undetermined","Fatal Injury","Female","65+","Snorkeling",2018-11-25,2018
"2849","Rocky Mountain National Park","Hypothermia","Environmental","Unintentional","Fatal Injury","Male","15-24","Hiking",2018-11-26,2018
"2850","Gateway National Recreation Area","Medical - Unknown","Medical - Unknown","Medical","Fatal Injury","Male","55-64","Not Reported",2018-11-29,2018
"2851","Delaware Water Gap National Recreation Area","Fall","Fall","Unintentional","Fatal Injury","Male","65+","Hunting",2018-11-30,2018
"2852","Blue Ridge Parkway","Motor Vehicle Crash","Motor Vehicle Crash","Unintentional","Fatal Injury","Male","15-24","Driving",2018-11-30,2018
"2853","Great Smoky Mountains National Park","Drowning","Drowning","Unintentional","Fatal Injury","Female","55-64","Crossing River",2018-12-01,2018
"2854","Clara Barton National Historic Site","Motor Vehicle Crash","Motor Vehicle Crash","Unintentional","Fatal Injury","Male","15-24","Driving",2018-12-01,2018
"2855","Organ Pipe Cactus National Monument","Undetermined","Undetermined","Undetermined","Fatal Injury","Male","Not Reported","Illegal activity",2018-12-01,2018
"2856","Indiana Dunes National Park","Suicide","Suicide","Intentional","Fatal injury","Male","55-64","Suicide",2018-12-02,2018
"2857","Glen Canyon National Recreation Area","Suicide","Suicide","Intentional","Fatal injury","Female","45-54","Suicide",2018-12-03,2018
"2858","New River Gorge National River","Suicide","Suicide","Intentional","Fatal injury","Male","15-24","Suicide",2018-12-06,2018
"2859","Natchez Trace Parkway","Motor Vehicle Crash","Motor Vehicle Crash","Unintentional","Fatal Injury","Female","25-34","Driving",2018-12-09,2018
"2860","Indiana Dunes National Park","Suicide","Suicide","Intentional","Fatal injury","Female","45-54","Suicide",2018-12-10,2018
"2861","Lake Mead National Recreation Area","Medical - Not during physical activity","Medical - Not during physical activity","Medical","Fatal Injury","Male","65+","Other",2018-12-11,2018
"2862","Grand Canyon National Park","Suicide","Suicide","Intentional","Fatal injury","Male","15-24","Suicide",2018-12-11,2018
"2863","Yosemite National Park","Medical - Not during physical activity","Medical - Not during physical activity","Medical","Fatal Injury","Male","55-64","Other",2018-12-14,2018
"2864","Grand Canyon National Park","Poisoning - drugs","Poisoning","Unintentional","Fatal Injury","Male","55-64","Other",2018-12-14,2018
"2865","Haleakala National Park","Medical - During physical activity","Medical - During physical activity","Medical","Fatal Injury","Female","55-64","Walking",2018-12-15,2018
"2866","National Mall & Memorial Parks","Hypothermia","Environmental","Unintentional","Fatal Injury","Female","65+","Sleeping",2018-12-16,2018
"2867","Lake Mead National Recreation Area","Undetermined","Undetermined","Undetermined","Fatal Injury","Male","55-64","Not Reported",2018-12-16,2018
"2868","Death Valley National Park","Suicide","Suicide","Intentional","Fatal injury","Male","65+","Suicide",2018-12-18,2018
"2869","Organ Pipe Cactus National Monument","Undetermined","Undetermined","Undetermined","Fatal Injury","Male","Not Reported","Illegal activity",2018-12-18,2018
"2870","Presidio of San Francisco","Fall","Fall","Unintentional","Fatal Injury","Male","35-44","Walking",2018-12-20,2018
"2871","Natchez Trace Parkway","Motor Vehicle Crash","Motor Vehicle Crash","Unintentional","Fatal Injury","Female","15-24","Driving",2018-12-21,2018
"2872","Natchez Trace Parkway","Motor Vehicle Crash","Motor Vehicle Crash","Unintentional","Fatal Injury","Male","55-64","Driving",2018-12-21,2018
"2873","National Mall & Memorial Parks","Motor Vehicle Crash","Motor Vehicle Crash","Unintentional","Fatal Injury","Male","35-44","Driving",2018-12-23,2018
"2874","Delaware Water Gap National Recreation Area","Suicide","Suicide","Intentional","Fatal injury","Female","45-54","Suicide",2018-12-23,2018
"2875","Glen Canyon National Recreation Area","Fall","Fall","Unintentional","Fatal Injury","Female","0-14","Not Reported",2018-12-24,2018
"2876","Yosemite National Park","Fall","Fall","Unintentional","Fatal Injury","Male","25-34","Hiking",2018-12-25,2018
"2877","Florissant Fossil Beds National Monument","Suicide","Suicide","Intentional","Fatal injury","Male","55-64","Suicide",2018-12-26,2018
"2878","Great Smoky Mountains National Park","Falling tree/branch","Environmental","Unintentional","Fatal Injury","Female","35-44","Hiking",2018-12-27,2018
"2879","Redwood National and State Parks","Suicide","Suicide","Intentional","Fatal injury","Male","55-64","Suicide",2018-12-31,2018
"2880","Natchez Trace Parkway","Suicide","Suicide","Intentional","Fatal injury","Female","35-44","Suicide",2018-12-31,2018
"2881","San Antonio Missions National Historical Park","Suicide","Suicide","Intentional","Fatal injury","Male","65+","Suicide",2019-01-04,2019
"2882","Presidio of San Francisco","Undetermined","Undetermined","Undetermined","Fatal Injury","Male","65+","Other",2019-01-04,2019
"2883","Baltimore-Washington Parkway","Motor Vehicle Crash","Motor Vehicle Crash","Unintentional","Fatal Injury","Male","55-64","Driving",2019-01-06,2019
"2884","Presidio of San Francisco","Undetermined","Undetermined","Undetermined","Fatal Injury","Male","65+","Not Reported",2019-01-09,2019
"2885","Grand Canyon National Park","Medical - Not during physical activity","Medical - Not during physical activity","Medical","Fatal Injury","Female","55-64","Other",2019-01-12,2019
"2886","Grand Canyon National Park","Medical - Not during physical activity","Medical - Not during physical activity","Medical","Fatal Injury","Male","65+","Other",2019-01-12,2019
"2887","Yellowstone National Park","Motor Vehicle Crash","Motor Vehicle Crash","Unintentional","Fatal Injury","Male","45-54","Driving",2019-01-12,2019
"2888","Yosemite National Park","Medical - Not during physical activity","Medical - Not during physical activity","Medical","Fatal Injury","Male","65+","Other",2019-01-16,2019
"2889","Pictured Rocks National Lakeshore","Medical - During physical activity","Medical - During physical activity","Medical","Fatal Injury","Male","55-64","Snowmobiling",2019-01-17,2019
"2890","Arches National Park","Medical - Not during physical activity","Medical - Not during physical activity","Medical","Fatal Injury","Male","65+","Sitting",2019-01-19,2019
"2891","Wilson's Creek National Battlefield","Medical - Not during physical activity","Medical - Not during physical activity","Medical","Fatal Injury","Female","65+","Other",2019-01-20,2019
"2892","Great Smoky Mountains National Park","Suicide","Suicide","Intentional","Fatal injury","Male","35-44","Suicide",2019-01-20,2019
"2893","Golden Gate National Recreation Area","Undetermined","Undetermined","Undetermined","Fatal Injury","Male","Not Reported","Not Reported",2019-01-21,2019
"2894","New River Gorge National River","Suicide","Suicide","Intentional","Fatal injury","Male","15-24","Suicide",2019-01-22,2019
"2895","Gulf Islands National Seashore","Motor Vehicle Crash","Motor Vehicle Crash","Unintentional","Fatal Injury","Female","55-64","Driving",2019-01-25,2019
"2896","Grand Canyon National Park","Suicide","Suicide","Intentional","Fatal injury","Male","25-34","Suicide",2019-01-26,2019
"2897","Gulf Islands National Seashore","Drowning","Drowning","Unintentional","Fatal Injury","Male","65+","Vessel Related",2019-01-31,2019
"2898","Blue Ridge Parkway","Suicide","Suicide","Intentional","Fatal injury","Male","15-24","Suicide",2019-01-31,2019
"2899","Delaware Water Gap National Recreation Area","Medical - Not during physical activity","Medical - Not during physical activity","Medical","Fatal Injury","Male","65+","Driving",2019-02-01,2019
"2900","San Francisco Maritime National Historical Park","Poisoning - drugs","Poisoning","Unintentional","Fatal Injury","Male","35-44","Illegal activity",2019-02-01,2019
"2901","Saguaro National Park","Medical - During physical activity","Medical - During physical activity","Medical","Fatal Injury","Male","65+","Hiking",2019-02-12,2019
"2902","Big Thicket National Preserve","Undetermined","Undetermined","Undetermined","Fatal Injury","Female","45-54","Not Reported",2019-02-13,2019
"2903","Lake Mead National Recreation Area","Medical - Not during physical activity","Medical - Not during physical activity","Medical","Fatal Injury","Male","45-54","Vessel Related",2019-02-15,2019
"2904","Natchez Trace Parkway","Motor Vehicle Crash","Motor Vehicle Crash","Unintentional","Fatal Injury","Female","35-44","Driving",2019-02-16,2019
"2905","Baltimore-Washington Parkway","Motor Vehicle Crash","Motor Vehicle Crash","Unintentional","Fatal Injury","Male","35-44","Driving",2019-02-17,2019
"2906","Fort Foote Park","Suicide","Suicide","Intentional","Fatal injury","Male","35-44","Suicide",2019-02-20,2019
"2907","Natchez Trace Parkway","Motor Vehicle Crash","Motor Vehicle Crash","Unintentional","Fatal Injury","Male","15-24","Driving",2019-02-21,2019
"2908","Natchez Trace Parkway","Motor Vehicle Crash","Motor Vehicle Crash","Unintentional","Fatal Injury","Female","15-24","Driving",2019-02-21,2019
"2909","Delaware Water Gap National Recreation Area","Motor Vehicle Crash","Motor Vehicle Crash","Unintentional","Fatal Injury","Male","55-64","Driving",2019-02-22,2019
"2910","Presidio of San Francisco","Rockfall","Environmental","Unintentional","Fatal Injury","Female","15-24","Walking",2019-02-22,2019
"2911","Organ Pipe Cactus National Monument","Undetermined","Undetermined","Undetermined","Fatal Injury","Male","15-24","Illegal activity",2019-02-22,2019
"2912","Yosemite National Park","Avalanche","Environmental","Unintentional","Fatal Injury","Female","55-64","Hiking",2019-02-24,2019
"2913","Organ Pipe Cactus National Monument","Undetermined","Undetermined","Undetermined","Fatal Injury","Male","Not Reported","Illegal activity",2019-02-25,2019
"2914","Glacier National Park","Drowning","Drowning","Unintentional","Fatal Injury","Male","45-54","Not Reported",2019-02-26,2019
"2915","Golden Gate National Recreation Area","Medical - Not during physical activity","Medical - Not during physical activity","Medical","Fatal Injury","Male","45-54","Other",2019-02-26,2019
"2916","Joshua Tree National Park","Suicide","Suicide","Intentional","Fatal injury","Male","35-44","Suicide",2019-02-28,2019
"2917","Suitland","Homicide","Homicide","Intentional","Fatal Injury","Male","35-44","Homicide",2019-03-01,2019
"2918","Point Reyes National Seashore","Suicide","Suicide","Intentional","Fatal injury","Male","45-54","Suicide",2019-03-05,2019
"2919","Golden Gate National Recreation Area","Suicide","Suicide","Intentional","Fatal injury","Male","35-44","Suicide",2019-03-09,2019
"2920","Mammoth Cave National Park","Undetermined","Undetermined","Undetermined","Fatal Injury","Female","15-24","Other",2019-03-11,2019
"2921","Canyonlands National Park","Fall","Fall","Unintentional","Fatal Injury","Male","25-34","Hiking",2019-03-12,2019
"2922","New River Gorge National River","Suicide","Suicide","Intentional","Fatal injury","Male","35-44","Suicide",2019-03-13,2019
"2923","Presidio of San Francisco","Medical - During physical activity","Medical - During physical activity","Medical","Fatal Injury","Male","65+","Playing Sports",2019-03-14,2019
"2924","Organ Pipe Cactus National Monument","Undetermined","Undetermined","Undetermined","Fatal Injury","Male","Not Reported","Illegal activity",2019-03-15,2019
"2925","Death Valley National Park","Medical - During physical activity","Medical - During physical activity","Medical","Fatal Injury","Male","55-64","Walking",2019-03-18,2019
"2926","Virgin Islands National Park","Undetermined","Undetermined","Undetermined","Fatal Injury","Male","Not Reported","Not Reported",2019-03-21,2019
"2927","Death Valley National Park","Fall","Fall","Unintentional","Fatal Injury","Male","35-44","Climbing",2019-03-23,2019
"2928","Golden Gate National Recreation Area","Undetermined","Undetermined","Undetermined","Fatal Injury","Female","Not Reported","Not Reported",2019-03-25,2019
"2929","Kennesaw Mountain National Battlefield Park","Medical - During physical activity","Medical - During physical activity","Medical","Fatal Injury","Male","65+","Hiking",2019-03-26,2019
"2930","Grand Canyon National Park","Undetermined","Undetermined","Undetermined","Fatal Injury","Male","15-24","Other",2019-03-26,2019
"2931","Chickasaw National Recreation Area","Drowning","Drowning","Unintentional","Fatal Injury","Male","15-24","Swimming",2019-03-28,2019
"2932","Chesapeake & Ohio Canal National Historical Park","Undetermined","Undetermined","Undetermined","Fatal Injury","Male","Not Reported","Not Reported",2019-03-28,2019
"2933","Shenandoah National Park","Medical - During physical activity","Medical - During physical activity","Medical","Fatal Injury","Male","35-44","Hiking",2019-03-30,2019
"2934","Organ Pipe Cactus National Monument","Undetermined","Undetermined","Undetermined","Fatal Injury","Male","Not Reported","Illegal activity",2019-03-30,2019
"2935","Lake Mead National Recreation Area","Undetermined","Undetermined","Undetermined","Fatal Injury","Male","65+","Not Reported",2019-04-01,2019
"2936","Blue Ridge Parkway","Suicide","Suicide","Intentional","Fatal injury","Male","65+","Suicide",2019-04-02,2019
"2937","Grand Canyon National Park","Fall","Fall","Unintentional","Fatal Injury","Male","65+","Other",2019-04-03,2019
"2938","Natchez Trace Parkway","Suicide","Suicide","Intentional","Fatal injury","Male","55-64","Suicide",2019-04-03,2019
"2939","Lake Mead National Recreation Area","Medical - Not during physical activity","Medical - Not during physical activity","Medical","Fatal Injury","Male","65+","Sleeping",2019-04-04,2019
"2940","New River Gorge National River","Suicide","Suicide","Intentional","Fatal injury","Male","25-34","Suicide",2019-04-05,2019
"2941","National Mall & Memorial Parks","Poisoning - drugs","Poisoning","Unintentional","Fatal Injury","Male","55-64","Other",2019-04-06,2019
"2942","Chattahoochee River National Recreation Area","Suicide","Suicide","Intentional","Fatal injury","Female","45-54","Suicide",2019-04-06,2019
"2943","Golden Gate National Recreation Area","Drowning","Drowning","Unintentional","Fatal Injury","Male","25-34","Not Reported",2019-04-07,2019
"2944","Acadia National Park","Drowning","Drowning","Unintentional","Fatal Injury","Male","45-54","Not Reported",2019-04-09,2019
"2945","Blue Ridge Parkway","Motor Vehicle Crash","Motor Vehicle Crash","Unintentional","Fatal Injury","Male","35-44","Driving",2019-04-09,2019
"2946","Little River Canyon National Preserve","Drowning","Drowning","Unintentional","Fatal Injury","Male","15-24","Swimming",2019-04-11,2019
"2947","Joshua Tree National Park","Medical - During physical activity","Medical - During physical activity","Medical","Fatal Injury","Female","45-54","Hiking",2019-04-11,2019
"2948","Great Smoky Mountains National Park","Motor Vehicle Crash","Motor Vehicle Crash","Unintentional","Fatal Injury","Female","55-64","Driving",2019-04-11,2019
"2949","Redwood National and State Parks","Medical - Not during physical activity","Medical - Not during physical activity","Medical","Fatal Injury","Male","65+","Driving",2019-04-12,2019
"2950","Grand Canyon National Park","Medical - Not during physical activity","Medical - Not during physical activity","Medical","Fatal Injury","Male","65+","Driving",2019-04-13,2019
"2951","Suitland","Motor Vehicle Crash","Motor Vehicle Crash","Unintentional","Fatal Injury","Female","25-34","Driving",2019-04-13,2019
"2952","Mojave National Preserve","Motor Vehicle Crash","Motor Vehicle Crash","Unintentional","Fatal Injury","Male","65+","Driving",2019-04-15,2019
"2953","Yosemite National Park","Fall","Fall","Unintentional","Fatal Injury","Male","35-44","Hiking",2019-04-16,2019
"2954","Zion National Park","Fall","Fall","Unintentional","Fatal Injury","Male","35-44","Hiking",2019-04-17,2019
"2955","Lake Mead National Recreation Area","Medical - During physical activity","Medical - During physical activity","Medical","Fatal Injury","Female","65+","Other",2019-04-17,2019
"2956","Gateway National Recreation Area","Poisoning - drugs","Poisoning","Unintentional","Fatal Injury","Male","45-54","Walking",2019-04-17,2019
"2957","New River Gorge National River","Suicide","Suicide","Intentional","Fatal injury","Male","35-44","Suicide",2019-04-17,2019
"2958","Golden Gate National Recreation Area","Undetermined","Undetermined","Undetermined","Fatal Injury","Male","25-34","Not Reported",2019-04-19,2019
"2959","George Washington Memorial Parkway","Undetermined","Undetermined","Undetermined","Fatal Injury","Male","65+","Not Reported",2019-04-22,2019
"2960","Grand Canyon National Park","Fall","Fall","Unintentional","Fatal Injury","Female","65+","Hiking",2019-04-23,2019
"2961","Olympic National Park","Suicide","Suicide","Intentional","Fatal injury","Male","15-24","Suicide",2019-04-23,2019
"2962","Crater Lake National Park","Medical - Not during physical activity","Medical - Not during physical activity","Medical","Fatal Injury","Female","55-64","Other",2019-04-26,2019
"2963","Chesapeake & Ohio Canal National Historical Park","Homicide","Homicide","Intentional","Fatal Injury","Male","15-24","Homicide",2019-04-27,2019
"2964","Baltimore-Washington Parkway","Medical - Not during physical activity","Medical - Not during physical activity","Medical","Fatal Injury","Female","55-64","Driving",2019-04-27,2019
"2965","Lake Mead National Recreation Area","Suicide","Suicide","Intentional","Fatal injury","Male","55-64","Suicide",2019-04-27,2019
"2966","Guadalupe Mountains National Park","Medical - During physical activity","Medical - During physical activity","Medical","Fatal Injury","Male","65+","Hiking",2019-04-28,2019
"2967","Cape Cod National Seashore","Medical - During physical activity","Medical - During physical activity","Medical","Fatal Injury","Male","45-54","Vessel Related",2019-04-28,2019
"2968","Lake Mead National Recreation Area","Suicide","Suicide","Intentional","Fatal injury","Male","55-64","Suicide",2019-04-28,2019
"2969","Great Smoky Mountains National Park","Medical - During physical activity","Medical - During physical activity","Medical","Fatal Injury","Male","65+","Hiking",2019-04-29,2019
"2970","George Washington Memorial Parkway","Motor Vehicle Crash","Motor Vehicle Crash","Unintentional","Fatal Injury","Female","45-54","Driving",2019-04-29,2019
"2971","George Washington Memorial Parkway","Motor Vehicle Crash","Motor Vehicle Crash","Unintentional","Fatal Injury","Male","55-64","Driving",2019-04-29,2019
"2972","Great Smoky Mountains National Park","Suicide","Suicide","Intentional","Fatal injury","Female","45-54","Suicide",2019-04-29,2019
"2973","Great Falls Park","Medical - During physical activity","Medical - During physical activity","Medical","Fatal Injury","Female","65+","Hiking",2019-05-01,2019
"2974","Point Reyes National Seashore","Drowning","Drowning","Unintentional","Fatal Injury","Male","65+","Fishing",2019-05-04,2019
"2975","Amistad National Recreation Area","Drowning","Drowning","Unintentional","Fatal Injury","Male","15-24","Swimming",2019-05-05,2019
"2976","George Washington Memorial Parkway","Suicide","Suicide","Intentional","Fatal injury","Female","65+","Suicide",2019-05-05,2019
"2977","Buffalo National River","Drowning","Drowning","Unintentional","Fatal Injury","Male","15-24","Swimming",2019-05-06,2019
"2978","Grand Canyon National Park","Medical - Not during physical activity","Medical - Not during physical activity","Medical","Fatal Injury","Male","55-64","Other",2019-05-08,2019
"2979","Redwood National and State Parks","Motor Vehicle Crash","Motor Vehicle Crash","Unintentional","Fatal Injury","Male","65+","Driving",2019-05-09,2019
"2980","Golden Gate National Recreation Area","Suicide","Suicide","Intentional","Fatal injury","Male","15-24","Suicide",2019-05-09,2019
"2981","Golden Spike National Historical Park","Medical - Unknown","Medical - Unknown","Medical","Fatal Injury","Male","65+","Not Reported",2019-05-10,2019
"2982","Olympic National Park","Drowning","Drowning","Unintentional","Fatal Injury","Male","25-34","Swimming",2019-05-11,2019
"2983","Acadia National Park","Medical - During physical activity","Medical - During physical activity","Medical","Fatal Injury","Male","55-64","Bicycling",2019-05-11,2019
"2984","Pinnacles National Park","Medical - During physical activity","Medical - During physical activity","Medical","Fatal Injury","Female","55-64","Hiking",2019-05-11,2019
"2985","Grand Canyon National Park","Undetermined","Undetermined","Undetermined","Fatal Injury","Male","55-64","Hiking",2019-05-11,2019
"2986","Sequoia & Kings Canyon National Parks","Fall","Fall","Unintentional","Fatal Injury","Female","25-34","Hiking",2019-05-14,2019
"2987","Zion National Park","Medical - During physical activity","Medical - During physical activity","Medical","Fatal Injury","Male","55-64","Hiking",2019-05-14,2019
"2988","Lake Mead National Recreation Area","Suicide","Suicide","Intentional","Fatal injury","Not Reported","Not Reported","Suicide",2019-05-15,2019
"2989","Saguaro National Park","Suicide","Suicide","Intentional","Fatal injury","Female","35-44","Suicide",2019-05-15,2019
"2990","Organ Pipe Cactus National Monument","Undetermined","Undetermined","Undetermined","Fatal Injury","Male","Not Reported","Illegal activity",2019-05-15,2019
"2991","North Cascades National Park","Fall","Fall","Unintentional","Fatal Injury","Female","35-44","Not Reported",2019-05-18,2019
"2992","Big Bend National Park","Fall","Fall","Unintentional","Fatal Injury","Male","15-24","Rock Scrambling",2019-05-18,2019
"2993","Gateway National Recreation Area","Undetermined","Undetermined","Undetermined","Fatal Injury","Female","Not Reported","Not Reported",2019-05-18,2019
"2994","Lake Mead National Recreation Area","Motor Vehicle Crash","Motor Vehicle Crash","Unintentional","Fatal Injury","Male","15-24","Driving",2019-05-20,2019
"2995","Death Valley National Park","Suicide","Suicide","Intentional","Fatal injury","Male","55-64","Suicide",2019-05-22,2019
"2996","Blue Ridge Parkway","Suicide","Suicide","Intentional","Fatal injury","Female","45-54","Suicide",2019-05-23,2019
"2997","Mount Rainier National Park","Fall","Fall","Unintentional","Fatal Injury","Male","55-64","Hiking",2019-05-24,2019
"2998","Suitland","Motor Vehicle Crash","Motor Vehicle Crash","Unintentional","Fatal Injury","Male","55-64","Driving",2019-05-24,2019
"2999","Ozark National Scenic Riverways","Motor Vehicle Crash","Motor Vehicle Crash","Unintentional","Fatal Injury","Male","45-54","Driving",2019-05-24,2019
"3000","Chesapeake & Ohio Canal National Historical Park","Bicycle only crash","Other Transportation","Unintentional","Fatal Injury","Male","55-64","Bicycling",2019-05-25,2019
"3001","Golden Gate National Recreation Area","Medical - During physical activity","Medical - During physical activity","Medical","Fatal Injury","Male","25-34","Bicycling",2019-05-27,2019
"3002","Chattahoochee River National Recreation Area","Drowning","Drowning","Unintentional","Fatal Injury","Male","15-24","Swimming",2019-05-28,2019
"3003","Chattahoochee River National Recreation Area","Drowning","Drowning","Unintentional","Fatal Injury","Male","15-24","Swimming",2019-05-29,2019
"3004","Mount Rainier National Park","Rockfall","Environmental","Unintentional","Fatal Injury","Female","45-54","Camping",2019-05-29,2019
"3005","President's Park (White House)","Suicide","Suicide","Intentional","Fatal injury","Male","25-34","Suicide",2019-05-29,2019
"3006","Point Reyes National Seashore","Undetermined","Undetermined","Undetermined","Fatal Injury","Male","55-64","Vessel Related",2019-05-29,2019
"3007","Haleakala National Park","Fall","Fall","Unintentional","Fatal Injury","Male","35-44","Diving (Land)",2019-05-30,2019
"3008","Natchez Trace Parkway","Motor Vehicle Crash","Motor Vehicle Crash","Unintentional","Fatal Injury","Female","45-54","Driving",2019-05-31,2019
"3009","Lake Roosevelt National Recreation Area","Medical - Not during physical activity","Medical - Not during physical activity","Medical","Fatal Injury","Female","55-64","Other",2019-06-01,2019
"3010","Olympic National Park","Poisoning - drugs","Poisoning","Unintentional","Fatal Injury","Male","25-34","Other",2019-06-01,2019
"3011","Blue Ridge Parkway","Motor Vehicle Crash","Motor Vehicle Crash","Unintentional","Fatal Injury","Female","55-64","Driving",2019-06-03,2019
"3012","Organ Pipe Cactus National Monument","Undetermined","Undetermined","Undetermined","Fatal Injury","Male","25-34","Illegal activity",2019-06-03,2019
"3013","Klondike Gold Rush National Historical Park","Fall","Fall","Unintentional","Fatal Injury","Male","65+","Hiking",2019-06-05,2019
"3014","Buffalo National River","Medical - Not during physical activity","Medical - Not during physical activity","Medical","Fatal Injury","Male","65+","Other",2019-06-05,2019
"3015","Yosemite National Park","Fall","Fall","Unintentional","Fatal Injury","Male","45-54","Hiking",2019-06-06,2019
"3016","Gateway National Recreation Area","Suicide","Suicide","Intentional","Fatal injury","Male","55-64","Suicide",2019-06-06,2019
"3017","Sequoia & Kings Canyon National Parks","Poisoning - drugs","Poisoning","Unintentional","Fatal Injury","Male","45-54","Other",2019-06-07,2019
"3018","Yosemite National Park","Fall","Fall","Unintentional","Fatal Injury","Female","55-64","Climbing",2019-06-08,2019
"3019","White Sands National Park","Undetermined","Undetermined","Undetermined","Fatal Injury","Male","Not Reported","Hiking",2019-06-08,2019
"3020","Whiskeytown National Recreation Area","Drowning","Drowning","Unintentional","Fatal Injury","Male","25-34","Swimming",2019-06-10,2019
"3021","Cape Hatteras National Seashore","Drowning","Drowning","Unintentional","Fatal Injury","Male","45-54","Swimming",2019-06-10,2019
"3022","Golden Gate National Recreation Area","Drowning","Drowning","Unintentional","Fatal Injury","Male","0-14","Swimming",2019-06-10,2019
"3023","Rock Creek Park","Drowning","Drowning","Unintentional","Fatal Injury","Male","35-44","Not Reported",2019-06-11,2019
"3024","Yellowstone National Park","Motor Vehicle Crash","Motor Vehicle Crash","Unintentional","Fatal Injury","Male","0-14","Driving",2019-06-11,2019
"3025","Golden Gate National Recreation Area","Undetermined","Undetermined","Undetermined","Fatal Injury","Male","25-34","Swimming",2019-06-11,2019
"3026","Glacier National Park","Motor Vehicle Crash","Motor Vehicle Crash","Unintentional","Fatal Injury","Male","35-44","Driving",2019-06-12,2019
"3027","Yosemite National Park","Suicide","Suicide","Intentional","Fatal injury","Male","35-44","Suicide",2019-06-12,2019
"3028","Presidio of San Francisco","Undetermined","Undetermined","Undetermined","Fatal Injury","Male","Not Reported","Not Reported",2019-06-13,2019
"3029","Ozark National Scenic Riverways","Drowning","Drowning","Unintentional","Fatal Injury","Female","45-54","Vessel Related",2019-06-14,2019
"3030","Sequoia & Kings Canyon National Parks","Hypothermia","Environmental","Unintentional","Fatal Injury","Male","35-44","Hiking",2019-06-14,2019
"3031","Glen Canyon National Recreation Area","Vessel Incident","Other Transportation","Unintentional","Fatal Injury","Female","15-24","Vessel Related",2019-06-14,2019
"3032","Gateway National Recreation Area","Drowning","Drowning","Unintentional","Fatal Injury","Female","25-34","Swimming",2019-06-15,2019
"3033","Blue Ridge Parkway","Motor Vehicle Crash","Motor Vehicle Crash","Unintentional","Fatal Injury","Male","55-64","Driving",2019-06-15,2019
"3034","Lake Roosevelt National Recreation Area","Drowning","Drowning","Unintentional","Fatal Injury","Male","35-44","Swimming",2019-06-16,2019
"3035","Rocky Mountain National Park","Medical - Not during physical activity","Medical - Not during physical activity","Medical","Fatal Injury","Male","65+","Other",2019-06-16,2019
"3036","Gateway National Recreation Area","Medical - Not during physical activity","Medical - Not during physical activity","Medical","Fatal Injury","Male","65+","Vessel Related",2019-06-17,2019
"3037","Yellowstone National Park","Undetermined","Undetermined","Undetermined","Fatal Injury","Male","65+","Not Reported",2019-06-17,2019
"3038","Curecanti National Recreation Area","Drowning","Drowning","Unintentional","Fatal Injury","Female","25-34","Vessel Related",2019-06-21,2019
"3039","Ozark National Scenic Riverways","Falling tree/branch","Environmental","Unintentional","Fatal Injury","Male","15-24","Vessel Related",2019-06-21,2019
"3040","Golden Gate National Recreation Area","Suicide","Suicide","Intentional","Fatal injury","Male","55-64","Suicide",2019-06-21,2019
"3041","Curecanti National Recreation Area","Undetermined","Undetermined","Undetermined","Fatal Injury","Female","65+","Vessel Related",2019-06-21,2019
"3042","Fredericksburg & Spotsylvania National Military Park","Motor Vehicle Crash","Motor Vehicle Crash","Unintentional","Fatal Injury","Male","0-14","Driving",2019-06-22,2019
"3043","Fredericksburg & Spotsylvania National Military Park","Motor Vehicle Crash","Motor Vehicle Crash","Unintentional","Fatal Injury","Male","25-34","Driving",2019-06-22,2019
"3044","Great Smoky Mountains National Park","Medical - Not during physical activity","Medical - Not during physical activity","Medical","Fatal Injury","Male","55-64","Driving",2019-06-24,2019
"3045","Baltimore-Washington Parkway","Motor Vehicle Crash","Motor Vehicle Crash","Unintentional","Fatal Injury","Female","25-34","Driving",2019-06-24,2019
"3046","Lake Mead National Recreation Area","Undetermined","Undetermined","Undetermined","Fatal Injury","Male","65+","Not Reported",2019-06-24,2019
"3047","Denali National Park & Preserve","Medical - During physical activity","Medical - During physical activity","Medical","Fatal Injury","Male","65+","Hiking",2019-06-25,2019
"3048","Yellowstone National Park","Medical - Unknown","Medical - Unknown","Medical","Fatal Injury","Male","65+","Not Reported",2019-06-25,2019
"3049","First State National Historical Park","Suicide","Suicide","Intentional","Fatal injury","Male","65+","Suicide",2019-06-25,2019
"3050","Redwood National and State Parks","Suicide","Suicide","Intentional","Fatal injury","Male","45-54","Suicide",2019-06-25,2019
"3051","Baltimore-Washington Parkway","Motor Vehicle Crash","Motor Vehicle Crash","Unintentional","Fatal Injury","Male","45-54","Walking",2019-06-26,2019
"3052","Mount Rainier National Park","Fall","Fall","Unintentional","Fatal Injury","Male","65+","Hiking",2019-06-27,2019
"3053","Yosemite National Park","Medical - During physical activity","Medical - During physical activity","Medical","Fatal Injury","Male","55-64","Hiking",2019-06-27,2019
"3054","Grand Canyon National Park","Medical - Not during physical activity","Medical - Not during physical activity","Medical","Fatal Injury","Male","45-54","Other",2019-06-27,2019
"3055","Golden Gate National Recreation Area","Undetermined","Undetermined","Undetermined","Fatal Injury","Male","25-34","Not Reported",2019-06-27,2019
"3056","Grand Canyon National Park","Drowning","Drowning","Unintentional","Fatal Injury","Male","65+","Vessel Related",2019-06-28,2019
"3057","Gulf Islands National Seashore","Drowning","Drowning","Unintentional","Fatal Injury","Male","15-24","Swimming",2019-06-29,2019
"3058","Cuyahoga Valley National Park","Suicide","Suicide","Intentional","Fatal injury","Male","45-54","Suicide",2019-06-29,2019
"3059","Organ Pipe Cactus National Monument","Undetermined","Undetermined","Undetermined","Fatal Injury","Male","Not Reported","Illegal activity",2019-06-29,2019
"3060","Lake Roosevelt National Recreation Area","Drowning","Drowning","Unintentional","Fatal Injury","Male","55-64","Vessel Related",2019-06-30,2019
"3061","Denali National Park & Preserve","Fall","Fall","Unintentional","Fatal Injury","Male","25-34","Climbing",2019-07-02,2019
"3062","Big Bend National Park","Hyperthermia","Environmental","Unintentional","Fatal Injury","Male","45-54","Hiking",2019-07-02,2019
"3063","Cuyahoga Valley National Park","Suicide","Suicide","Intentional","Fatal injury","Female","25-34","Suicide",2019-07-02,2019
"3064","Olympic National Park","Medical - During physical activity","Medical - During physical activity","Medical","Fatal Injury","Female","65+","Fishing",2019-07-03,2019
"3065","Virgin Islands National Park","Medical - Unknown","Medical - Unknown","Medical","Fatal Injury","Male","35-44","Not Reported",2019-07-03,2019
"3066","Natchez Trace Parkway","Suicide","Suicide","Intentional","Fatal injury","Female","55-64","Suicide",2019-07-03,2019
"3067","Buffalo National River","Medical - During physical activity","Medical - During physical activity","Medical","Fatal Injury","Male","65+","Walking",2019-07-04,2019
"3068","Great Smoky Mountains National Park","Motor Vehicle Crash","Motor Vehicle Crash","Unintentional","Fatal Injury","Male","45-54","Driving",2019-07-04,2019
"3069","Yellowstone National Park","Suicide","Suicide","Intentional","Fatal injury","Female","25-34","Suicide",2019-07-04,2019
"3070","Blue Ridge Parkway","Suicide","Suicide","Intentional","Fatal injury","Male","65+","Suicide",2019-07-04,2019
"3071","New River Gorge National River","Drowning","Drowning","Unintentional","Fatal Injury","Male","15-24","Swimming",2019-07-05,2019
"3072","Colorado National Monument","Suicide","Suicide","Intentional","Fatal injury","Male","25-34","Suicide",2019-07-05,2019
"3073","Dinosaur National Monument","Drowning","Drowning","Unintentional","Fatal Injury","Male","45-54","Vessel Related",2019-07-06,2019
"3074","Chattahoochee River National Recreation Area","Poisoning - drugs","Poisoning","Unintentional","Fatal Injury","Male","25-34","Other",2019-07-07,2019
"3075","Denali National Park & Preserve","Suicide","Suicide","Intentional","Fatal injury","Male","65+","Suicide",2019-07-07,2019
"3076","Great Smoky Mountains National Park","Undetermined","Undetermined","Undetermined","Fatal Injury","Male","55-64","Not Reported",2019-07-07,2019
"3077","Delaware Water Gap National Recreation Area","Drowning","Drowning","Unintentional","Fatal Injury","Male","15-24","Swimming",2019-07-09,2019
"3078","Big South Fork National River and Recreation Area","Drowning","Drowning","Unintentional","Fatal Injury","Male","0-14","Swimming",2019-07-09,2019
"3079","National Mall & Memorial Parks","Motor Vehicle Crash","Motor Vehicle Crash","Unintentional","Fatal Injury","Male","35-44","Sleeping",2019-07-10,2019
"3080","National Mall & Memorial Parks","Motor Vehicle Crash","Motor Vehicle Crash","Unintentional","Fatal Injury","Male","55-64","Sleeping",2019-07-10,2019
"3081","George Washington Memorial Parkway","Undetermined","Undetermined","Undetermined","Fatal Injury","Male","45-54","Not Reported",2019-07-11,2019
"3082","Organ Pipe Cactus National Monument","Hyperthermia","Environmental","Unintentional","Fatal Injury","Male","25-34","Illegal activity",2019-07-12,2019
"3083","Mount Rainier National Park","Medical - During physical activity","Medical - During physical activity","Medical","Fatal Injury","Male","45-54","Hiking",2019-07-12,2019
"3084","Rocky Mountain National Park","Suicide","Suicide","Intentional","Fatal injury","Male","55-64","Suicide",2019-07-12,2019
"3085","Mojave National Preserve","Undetermined","Undetermined","Undetermined","Fatal Injury","Female","65+","Hiking",2019-07-12,2019
"3086","Cape Cod National Seashore","Drowning","Drowning","Unintentional","Fatal Injury","Female","65+","Swimming",2019-07-13,2019
"3087","Lake Mead National Recreation Area","Medical - During physical activity","Medical - During physical activity","Medical","Fatal Injury","Male","45-54","Swimming",2019-07-14,2019
"3088","Gateway National Recreation Area","Medical - During physical activity","Medical - During physical activity","Medical","Fatal Injury","Male","65+","Walking",2019-07-14,2019
"3089","New River Gorge National River","Medical - Not during physical activity","Medical - Not during physical activity","Medical","Fatal Injury","Male","55-64","Sleeping",2019-07-14,2019
"3090","Great Smoky Mountains National Park","Motor Vehicle Crash","Motor Vehicle Crash","Unintentional","Fatal Injury","Male","35-44","Driving",2019-07-15,2019
"3091","Grand Teton National Park","Motor Vehicle Crash","Motor Vehicle Crash","Unintentional","Fatal Injury","Male","55-64","Driving",2019-07-16,2019
"3092","Grand Teton National Park","Motor Vehicle Crash","Motor Vehicle Crash","Unintentional","Fatal Injury","Female","65+","Driving",2019-07-16,2019
"3093","Grand Teton National Park","Motor Vehicle Crash","Motor Vehicle Crash","Unintentional","Fatal Injury","Female","65+","Driving",2019-07-16,2019
"3094","Blue Ridge Parkway","Motor Vehicle Crash","Motor Vehicle Crash","Unintentional","Fatal Injury","Male","65+","Driving",2019-07-16,2019
"3095","Great Smoky Mountains National Park","Suicide","Suicide","Intentional","Fatal injury","Male","45-54","Suicide",2019-07-16,2019
"3096","Lake Mead National Recreation Area","Fall","Fall","Unintentional","Fatal Injury","Male","65+","Not Reported",2019-07-18,2019
"3097","Mount Rainier National Park","Fall","Fall","Unintentional","Fatal Injury","Male","35-44","Hiking",2019-07-19,2019
"3098","Lake Mead National Recreation Area","Drowning","Drowning","Unintentional","Fatal Injury","Female","25-34","Vessel Related",2019-07-20,2019
"3099","Chesapeake & Ohio Canal National Historical Park","Hyperthermia","Environmental","Unintentional","Fatal Injury","Female","25-34","Hiking",2019-07-20,2019
"3100","Yosemite National Park","Medical - During physical activity","Medical - During physical activity","Medical","Fatal Injury","Male","45-54","Hiking",2019-07-20,2019
"3101","Glen Canyon National Recreation Area","Medical - During physical activity","Medical - During physical activity","Medical","Fatal Injury","Male","55-64","Swimming",2019-07-20,2019
"3102","Canyonlands National Park","Drowning","Drowning","Unintentional","Fatal Injury","Male","65+","Vessel Related",2019-07-21,2019
"3103","Big Cypress National Preserve","Motor Vehicle Crash","Motor Vehicle Crash","Unintentional","Fatal Injury","Male","45-54","Driving",2019-07-22,2019
"3104","Organ Pipe Cactus National Monument","Undetermined","Undetermined","Undetermined","Fatal Injury","Male","35-44","Illegal activity",2019-07-22,2019
"3105","Ozark National Scenic Riverways","Drowning","Drowning","Unintentional","Fatal Injury","Male","15-24","Swimming",2019-07-23,2019
"3106","Rock Creek Park","Fall","Fall","Unintentional","Fatal Injury","Female","15-24","Walking",2019-07-24,2019
"3107","Gateway National Recreation Area","Undetermined","Undetermined","Undetermined","Fatal Injury","Male","55-64","Not Reported",2019-07-24,2019
"3108","Hawaii Volcanoes National Park","Motor Vehicle Crash","Motor Vehicle Crash","Unintentional","Fatal Injury","Male","55-64","Driving",2019-07-25,2019
"3109","Lake Roosevelt National Recreation Area","Undetermined","Undetermined","Undetermined","Fatal Injury","Male","65+","Not Reported",2019-07-25,2019
"3110","Lake Mead National Recreation Area","Drowning","Drowning","Unintentional","Fatal Injury","Male","45-54","Swimming",2019-07-26,2019
"3111","Yellowstone National Park","Medical - Not during physical activity","Medical - Not during physical activity","Medical","Fatal Injury","Male","65+","Other",2019-07-26,2019
"3112","Blue Ridge Parkway","Motor Vehicle Crash","Motor Vehicle Crash","Unintentional","Fatal Injury","Male","15-24","Driving",2019-07-26,2019
"3113","Buffalo National River","Motor Vehicle Crash","Motor Vehicle Crash","Unintentional","Fatal Injury","Male","45-54","Driving",2019-07-27,2019
"3114","Yosemite National Park","Fall","Fall","Unintentional","Fatal Injury","Male","15-24","Rock Scrambling",2019-07-31,2019
"3115","Great Smoky Mountains National Park","Motor Vehicle Crash","Motor Vehicle Crash","Unintentional","Fatal Injury","Male","65+","Driving",2019-08-01,2019
"3116","Yellowstone National Park","Motor Vehicle Crash","Motor Vehicle Crash","Unintentional","Fatal Injury","Male","55-64","Driving",2019-08-03,2019
"3117","Yosemite National Park","Suicide","Suicide","Intentional","Fatal injury","Male","65+","Suicide",2019-08-03,2019
"3118","Lake Mead National Recreation Area","Vessel Incident","Other Transportation","Unintentional","Fatal Injury","Male","Not Reported","Vessel Related",2019-08-03,2019
"3119","Sequoia & Kings Canyon National Parks","Fall","Fall","Unintentional","Fatal Injury","Male","65+","Hiking",2019-08-04,2019
"3120","Lake Mead National Recreation Area","Motor Vehicle Crash","Motor Vehicle Crash","Unintentional","Fatal Injury","Male","45-54","Driving",2019-08-04,2019
"3121","Presidio of San Francisco","Poisoning - drugs","Poisoning","Unintentional","Fatal Injury","Male","55-64","Other",2019-08-04,2019
"3122","Rocky Mountain National Park","Undetermined","Undetermined","Undetermined","Fatal Injury","Male","35-44","Hiking",2019-08-04,2019
"3123","Appalachian National Scenic Trail","Medical - Not during physical activity","Medical - Not during physical activity","Medical","Fatal Injury","Male","55-64","Sleeping",2019-08-05,2019
"3124","Organ Pipe Cactus National Monument","Undetermined","Undetermined","Undetermined","Fatal Injury","Male","35-44","Not Reported",2019-08-05,2019
"3125","Glacier National Park","Drowning","Drowning","Unintentional","Fatal Injury","Male","55-64","Swimming",2019-08-06,2019
"3126","Golden Gate National Recreation Area","Suicide","Suicide","Intentional","Fatal injury","Female","45-54","Suicide",2019-08-06,2019
"3127","Santa Monica Mountains National Recreation Area","Undetermined","Undetermined","Undetermined","Fatal Injury","Female","Not Reported","Hiking",2019-08-06,2019
"3128","Lake Mead National Recreation Area","Motor Vehicle Crash","Motor Vehicle Crash","Unintentional","Fatal Injury","Not Reported","Not Reported","Driving",2019-08-08,2019
"3129","Great Smoky Mountains National Park","Medical - During physical activity","Medical - During physical activity","Medical","Fatal Injury","Male","55-64","Hiking",2019-08-09,2019
"3130","Blue Ridge Parkway","Motor Vehicle Crash","Motor Vehicle Crash","Unintentional","Fatal Injury","Male","55-64","Driving",2019-08-09,2019
"3131","North Cascades National Park","Undetermined","Undetermined","Undetermined","Fatal Injury","Not Reported","Not Reported","Climbing",2019-08-09,2019
"3132","Santa Monica Mountains National Recreation Area","Drowning","Drowning","Unintentional","Fatal Injury","Male","Not Reported","Not Reported",2019-08-11,2019
"3133","Lake Mead National Recreation Area","Drowning","Drowning","Unintentional","Fatal Injury","Male","25-34","Not Reported",2019-08-11,2019
"3134","Glen Canyon National Recreation Area","Drowning","Drowning","Unintentional","Fatal Injury","Male","25-34","Not Reported",2019-08-11,2019
"3135","Natchez Trace Parkway","Medical - During physical activity","Medical - During physical activity","Medical","Fatal Injury","Male","55-64","Bicycling",2019-08-11,2019
"3136","George Washington Memorial Parkway","Motor Vehicle Crash","Motor Vehicle Crash","Unintentional","Fatal Injury","Male","25-34","Driving",2019-08-11,2019
"3137","Isle Royale National Park","Medical - During physical activity","Medical - During physical activity","Medical","Fatal Injury","Male","55-64","Hiking",2019-08-12,2019
"3138","Denali National Park & Preserve","Medical - Not during physical activity","Medical - Not during physical activity","Medical","Fatal Injury","Female","65+","Sitting",2019-08-12,2019
"3139","Glacier National Park","Rockfall","Environmental","Unintentional","Fatal Injury","Female","0-14","Driving",2019-08-12,2019
"3140","Saguaro National Park","Hyperthermia","Environmental","Unintentional","Fatal Injury","Male","65+","Hiking",2019-08-13,2019
"3141","Rocky Mountain National Park","Medical - Not during physical activity","Medical - Not during physical activity","Medical","Fatal Injury","Male","65+","Other",2019-08-13,2019
"3142","National Capital Parks-East","Medical - Not during physical activity","Medical - Not during physical activity","Medical","Fatal Injury","Male","45-54","Other",2019-08-13,2019
"3143","Olympic National Park","Drowning","Drowning","Unintentional","Fatal Injury","Female","25-34","Swimming",2019-08-15,2019
"3144","Black Canyon Of The Gunnison National Park","Suicide","Suicide","Intentional","Fatal injury","Male","65+","Suicide",2019-08-15,2019
"3145","Glen Canyon National Recreation Area","Drowning","Drowning","Unintentional","Fatal Injury","Male","15-24","Swimming",2019-08-16,2019
"3146","Olympic National Park","Medical - During physical activity","Medical - During physical activity","Medical","Fatal Injury","Male","65+","Hiking",2019-08-16,2019
"3147","Glen Canyon National Recreation Area","Drowning","Drowning","Unintentional","Fatal Injury","Male","25-34","Swimming",2019-08-18,2019
"3148","Lake Meredith National Recreation Area","Drowning","Drowning","Unintentional","Fatal Injury","Male","15-24","Swimming",2019-08-18,2019
"3149","Crater Lake National Park","Fall","Fall","Unintentional","Fatal Injury","Male","25-34","Diving (Land)",2019-08-18,2019
"3150","Sequoia & Kings Canyon National Parks","Fall","Fall","Unintentional","Fatal Injury","Male","25-34","Climbing",2019-08-19,2019
"3151","Blue Ridge Parkway","Suicide","Suicide","Intentional","Fatal injury","Male","35-44","Suicide",2019-08-20,2019
"3152","Great Smoky Mountains National Park","Medical - During physical activity","Medical - During physical activity","Medical","Fatal Injury","Male","65+","Hiking",2019-08-22,2019
"3153","Golden Gate National Recreation Area","Poisoning - drugs","Poisoning","Unintentional","Fatal Injury","Male","35-44","Other",2019-08-22,2019
"3154","New River Gorge National River","Suicide","Suicide","Intentional","Fatal injury","Male","15-24","Suicide",2019-08-22,2019
"3155","Indiana Dunes National Park","Vessel Incident","Other Transportation","Unintentional","Fatal Injury","Male","45-54","Vessel Related",2019-08-23,2019
"3156","Great Falls Park","Suicide","Suicide","Intentional","Fatal injury","Male","65+","Suicide",2019-08-24,2019
"3157","Death Valley National Park","Motor Vehicle Crash","Motor Vehicle Crash","Unintentional","Fatal Injury","Female","Not Reported","Driving",2019-08-25,2019
"3158","Natchez Trace Parkway","Motor Vehicle Crash","Motor Vehicle Crash","Unintentional","Fatal Injury","Female","35-44","Driving",2019-08-25,2019
"3159","Sequoia & Kings Canyon National Parks","Fall","Fall","Unintentional","Fatal Injury","Male","65+","Hiking",2019-08-26,2019
"3160","Natchez Trace Parkway","Suicide","Suicide","Intentional","Fatal injury","Male","15-24","Suicide",2019-08-27,2019
"3161","Death Valley National Park","Undetermined","Undetermined","Undetermined","Fatal Injury","Female","Not Reported","Not Reported",2019-08-27,2019
"3162","Glen Canyon National Recreation Area","Drowning","Drowning","Unintentional","Fatal Injury","Male","55-64","Swimming",2019-08-29,2019
"3163","Zion National Park","Medical - During physical activity","Medical - During physical activity","Medical","Fatal Injury","Male","55-64","Canyoneering",2019-08-31,2019
"3164","Acadia National Park","Motor Vehicle Crash","Motor Vehicle Crash","Unintentional","Fatal Injury","Male","25-34","Driving",2019-08-31,2019
"3165","Acadia National Park","Motor Vehicle Crash","Motor Vehicle Crash","Unintentional","Fatal Injury","Female","25-34","Driving",2019-08-31,2019
"3166","Acadia National Park","Motor Vehicle Crash","Motor Vehicle Crash","Unintentional","Fatal Injury","Male","35-44","Driving",2019-08-31,2019
"3167","Cape Hatteras National Seashore","Drowning","Drowning","Unintentional","Fatal Injury","Male","55-64","Swimming",2019-09-01,2019
"3168","Lake Mead National Recreation Area","Suicide","Suicide","Intentional","Fatal injury","Female","Not Reported","Suicide",2019-09-01,2019
"3169","Santa Monica Mountains National Recreation Area","Hyperthermia","Environmental","Unintentional","Fatal Injury","Male","55-64","Hiking",2019-09-02,2019
"3170","Kennesaw Mountain National Battlefield Park","Medical - During physical activity","Medical - During physical activity","Medical","Fatal Injury","Male","55-64","Hiking",2019-09-02,2019
"3171","Glacier National Park","Medical - Not during physical activity","Medical - Not during physical activity","Medical","Fatal Injury","Male","55-64","Driving",2019-09-02,2019
"3172","Blue Ridge Parkway","Motor Vehicle Crash","Motor Vehicle Crash","Unintentional","Fatal Injury","Male","35-44","Driving",2019-09-02,2019
"3173","Suitland","Suicide","Suicide","Intentional","Fatal injury","Male","65+","Suicide",2019-09-02,2019
"3174","Grand Canyon National Park","Drowning","Drowning","Unintentional","Fatal Injury","Male","65+","Swimming",2019-09-03,2019
"3175","Death Valley National Park","Hypothermia","Environmental","Unintentional","Fatal Injury","Female","25-34","Hiking",2019-09-03,2019
"3176","Yosemite National Park","Fall","Fall","Unintentional","Fatal Injury","Female","25-34","Climbing",2019-09-05,2019
"3177","Big Thicket National Preserve","Hyperthermia","Environmental","Unintentional","Fatal Injury","Male","0-14","Other",2019-09-06,2019
"3178","Lake Mead National Recreation Area","Fall","Fall","Unintentional","Fatal Injury","Male","55-64","Other",2019-09-07,2019
"3179","Crater Lake National Park","Motor Vehicle Crash","Motor Vehicle Crash","Unintentional","Fatal Injury","Male","45-54","Driving",2019-09-08,2019
"3180","George Washington Memorial Parkway","Suicide","Suicide","Intentional","Fatal injury","Male","65+","Suicide",2019-09-10,2019
"3181","Natchez Trace Parkway","Suicide","Suicide","Intentional","Fatal injury","Male","45-54","Suicide",2019-09-11,2019
"3182","Mojave National Preserve","Motor Vehicle Crash","Motor Vehicle Crash","Unintentional","Fatal Injury","Male","35-44","Driving",2019-09-12,2019
"3183","Mojave National Preserve","Motor Vehicle Crash","Motor Vehicle Crash","Unintentional","Fatal Injury","Not Reported","Not Reported","Driving",2019-09-12,2019
"3184","George Washington Memorial Parkway","Motor Vehicle Crash","Motor Vehicle Crash","Unintentional","Fatal Injury","Male","15-24","Driving",2019-09-13,2019
"3185","Sequoia & Kings Canyon National Parks","Medical - During physical activity","Medical - During physical activity","Medical","Fatal Injury","Male","55-64","Hiking",2019-09-14,2019
"3186","Cape Hatteras National Seashore","Motor Vehicle Crash","Motor Vehicle Crash","Unintentional","Fatal Injury","Female","65+","Walking",2019-09-14,2019
"3187","Yosemite National Park","Medical - During physical activity","Medical - During physical activity","Medical","Fatal Injury","Male","55-64","Hiking",2019-09-15,2019
"3188","Redwood National and State Parks","Medical - During physical activity","Medical - During physical activity","Medical","Fatal Injury","Male","65+","Other",2019-09-16,2019
"3189","Appalachian National Scenic Trail","Suicide","Suicide","Intentional","Fatal injury","Male","45-54","Suicide",2019-09-16,2019
"3190","Saint Croix National Scenic Riverway","Medical - During physical activity","Medical - During physical activity","Medical","Fatal Injury","Male","55-64","Vessel Related",2019-09-17,2019
"3191","Gettysburg National Military Park","Medical - During physical activity","Medical - During physical activity","Medical","Fatal Injury","Male","65+","Walking",2019-09-17,2019
"3192","Eisenhower National Historic Site","Medical - Not during physical activity","Medical - Not during physical activity","Medical","Fatal Injury","Male","55-64","Driving",2019-09-20,2019
"3193","Chattahoochee River National Recreation Area","Drowning","Drowning","Unintentional","Fatal Injury","Male","15-24","Swimming",2019-09-21,2019
"3194","Great Smoky Mountains National Park","Motor Vehicle Crash","Motor Vehicle Crash","Unintentional","Fatal Injury","Male","45-54","Driving",2019-09-21,2019
"3195","Great Smoky Mountains National Park","Motor Vehicle Crash","Motor Vehicle Crash","Unintentional","Fatal Injury","Male","55-64","Driving",2019-09-21,2019
"3196","Natchez Trace Parkway","Motor Vehicle Crash","Motor Vehicle Crash","Unintentional","Fatal Injury","Male","35-44","Driving",2019-09-23,2019
"3197","Presidio of San Francisco","Medical - Not during physical activity","Medical - Not during physical activity","Medical","Fatal Injury","Male","65+","Other",2019-09-24,2019
"3198","Rocky Mountain National Park","Medical - During physical activity","Medical - During physical activity","Medical","Fatal Injury","Male","45-54","Hiking",2019-09-25,2019
"3199","Cape Hatteras National Seashore","Undetermined","Undetermined","Undetermined","Fatal Injury","Male","65+","Swimming",2019-09-28,2019
"3200","Chattahoochee River National Recreation Area","Drowning","Drowning","Unintentional","Fatal Injury","Male","Not Reported","Swimming",2019-09-29,2019
"3201","Organ Pipe Cactus National Monument","Undetermined","Undetermined","Undetermined","Fatal Injury","Male","25-34","Illegal activity",2019-10-01,2019
"3202","Yellowstone National Park","Medical - Unknown","Medical - Unknown","Medical","Fatal Injury","Male","55-64","Not Reported",2019-10-03,2019
"3203","Gateway National Recreation Area","Drowning","Drowning","Unintentional","Fatal Injury","Male","15-24","Swimming",2019-10-04,2019
"3204","Gateway National Recreation Area","Drowning","Drowning","Unintentional","Fatal Injury","Male","15-24","Swimming",2019-10-04,2019
"3205","Golden Gate National Recreation Area","Drowning","Drowning","Unintentional","Fatal Injury","Female","25-34","Swimming",2019-10-04,2019
"3206","Yellowstone National Park","Medical - During physical activity","Medical - During physical activity","Medical","Fatal Injury","Male","45-54","Hiking",2019-10-05,2019
"3207","Big Bend National Park","Medical - During physical activity","Medical - During physical activity","Medical","Fatal Injury","Male","65+","Hiking",2019-10-05,2019
"3208","Fire Island National Seashore","Medical - Unknown","Medical - Unknown","Medical","Fatal Injury","Female","65+","Not Reported",2019-10-11,2019
"3209","Baltimore-Washington Parkway","Motor Vehicle Crash","Motor Vehicle Crash","Unintentional","Fatal Injury","Female","15-24","Driving",2019-10-14,2019
"3210","Buffalo National River","Medical - During physical activity","Medical - During physical activity","Medical","Fatal Injury","Female","65+","Vessel Related",2019-10-18,2019
"3211","Colorado National Monument","Motor Vehicle Crash","Motor Vehicle Crash","Unintentional","Fatal Injury","Male","15-24","Driving",2019-10-18,2019
"3212","Pecos National Historical Park","Motor Vehicle Crash","Motor Vehicle Crash","Unintentional","Fatal Injury","Female","45-54","Driving",2019-10-19,2019
"3213","Golden Gate National Recreation Area","Poisoning - drugs","Poisoning","Unintentional","Fatal Injury","Female","25-34","Sitting",2019-10-19,2019
"3214","Natchez Trace Parkway","Suicide","Suicide","Intentional","Fatal injury","Female","15-24","Suicide",2019-10-19,2019
"3215","Blue Ridge Parkway","Fall","Fall","Unintentional","Fatal Injury","Male","65+","Walking",2019-10-23,2019
"3216","Great Smoky Mountains National Park","Motor Vehicle Crash","Motor Vehicle Crash","Unintentional","Fatal Injury","Female","65+","Driving",2019-10-23,2019
"3217","Yosemite National Park","Suicide","Suicide","Intentional","Fatal injury","Male","15-24","Suicide",2019-10-23,2019
"3218","Blue Ridge Parkway","Motor Vehicle Crash","Motor Vehicle Crash","Unintentional","Fatal Injury","Male","65+","Driving",2019-10-24,2019
"3219","Little River Canyon National Preserve","Drowning","Drowning","Unintentional","Fatal Injury","Male","35-44","Vessel Related",2019-10-26,2019
"3220","Golden Gate National Recreation Area","Medical - Not during physical activity","Medical - Not during physical activity","Medical","Fatal Injury","Male","35-44","Sitting",2019-10-27,2019
"3221","Mammoth Cave National Park","Suicide","Suicide","Intentional","Fatal injury","Male","25-34","Suicide",2019-10-27,2019
"3222","Baltimore-Washington Parkway","Motor Vehicle Crash","Motor Vehicle Crash","Unintentional","Fatal Injury","Female","65+","Driving",2019-10-28,2019
"3223","Sequoia & Kings Canyon National Parks","Fall","Fall","Unintentional","Fatal Injury","Male","35-44","Hiking",2019-11-05,2019
"3224","Gateway National Recreation Area","Suicide","Suicide","Intentional","Fatal injury","Male","25-34","Suicide",2019-11-08,2019
"3225","Blue Ridge Parkway","Medical - Not during physical activity","Medical - Not during physical activity","Medical","Fatal Injury","Female","65+","Driving",2019-11-11,2019
"3226","National Mall & Memorial Parks","Medical - Not during physical activity","Medical - Not during physical activity","Medical","Fatal Injury","Male","65+","Sleeping",2019-11-12,2019
"3227","Virgin Islands National Park","Medical - During physical activity","Medical - During physical activity","Medical","Fatal Injury","Male","65+","Swimming",2019-11-13,2019
"3228","Organ Pipe Cactus National Monument","Undetermined","Undetermined","Undetermined","Fatal Injury","Male","Not Reported","Illegal activity",2019-11-13,2019
"3229","Redwood National and State Parks","Motor Vehicle Crash","Motor Vehicle Crash","Unintentional","Fatal Injury","Not Reported","Not Reported","Driving",2019-11-15,2019
"3230","Organ Pipe Cactus National Monument","Undetermined","Undetermined","Undetermined","Fatal Injury","Male","Not Reported","Illegal activity",2019-11-15,2019
"3231","Organ Pipe Cactus National Monument","Undetermined","Undetermined","Undetermined","Fatal Injury","Not Reported","Not Reported","Illegal activity",2019-11-15,2019
"3232","George Washington Memorial Parkway","Legal Intervention","Legal Intervention","Intentional","Fatal Injury","Male","25-34","Other",2019-11-17,2019
"3233","Glacier Bay National Park & Preserve","Hyperthermia","Environmental","Unintentional","Fatal Injury","Female","Not Reported","Hiking",2019-11-18,2019
"3234","Natchez Trace Parkway","Suicide","Suicide","Intentional","Fatal injury","Male","35-44","Suicide",2019-11-19,2019
"3235","Zion National Park","Fall","Fall","Unintentional","Fatal Injury","Female","15-24","Hiking",2019-11-20,2019
"3236","Big Bend National Park","Undetermined","Undetermined","Undetermined","Fatal Injury","Male","45-54","Not Reported",2019-11-20,2019
"3237","Big Bend National Park","Medical - During physical activity","Medical - During physical activity","Medical","Fatal Injury","Male","45-54","Hiking",2019-11-23,2019
"3238","Yosemite National Park","Medical - During physical activity","Medical - During physical activity","Medical","Fatal Injury","Male","35-44","Hiking",2019-11-23,2019
"3239","Rocky Mountain National Park","Suicide","Suicide","Intentional","Fatal injury","Female","45-54","Suicide",2019-11-24,2019
"3240","Arches National Park","Fall","Fall","Unintentional","Fatal Injury","Female","55-64","Hiking",2019-11-29,2019
"3241","Arches National Park","Fall","Fall","Unintentional","Fatal Injury","Male","65+","Hiking",2019-11-29,2019
"3242","Great Falls Park","Medical - During physical activity","Medical - During physical activity","Medical","Fatal Injury","Male","55-64","Hiking",2019-12-04,2019
"3243","Golden Gate National Recreation Area","Suicide","Suicide","Intentional","Fatal injury","Male","35-44","Suicide",2019-12-04,2019
"3244","Chesapeake & Ohio Canal National Historical Park","Bicycle only crash","Other Transportation","Unintentional","Fatal Injury","Male","55-64","Bicycling",2019-12-05,2019
"3245","Baltimore-Washington Parkway","Motor Vehicle Crash","Motor Vehicle Crash","Unintentional","Fatal Injury","Male","25-34","Driving",2019-12-07,2019
"3246","Great Smoky Mountains National Park","Motor Vehicle Crash","Motor Vehicle Crash","Unintentional","Fatal Injury","Female","15-24","Driving",2019-12-08,2019
"3247","Petersburg National Battlefield","Motor Vehicle Crash","Motor Vehicle Crash","Unintentional","Fatal Injury","Not Reported","Not Reported","Driving",2019-12-09,2019
"3248","Golden Gate National Recreation Area","Suicide","Suicide","Intentional","Fatal injury","Male","15-24","Suicide",2019-12-11,2019
"3249","New River Gorge National River","Suicide","Suicide","Intentional","Fatal injury","Male","25-34","Suicide",2019-12-14,2019
"3250","Canaveral National Seashore","Undetermined","Undetermined","Undetermined","Fatal Injury","Male","65+","Eating",2019-12-15,2019
"3251","Golden Gate National Recreation Area","Suicide","Suicide","Intentional","Fatal injury","Male","15-24","Suicide",2019-12-18,2019
"3252","Death Valley National Park","Motor Vehicle Crash","Motor Vehicle Crash","Unintentional","Fatal Injury","Female","Not Reported","Driving",2019-12-20,2019
"3253","Anacostia Park","Homicide","Homicide","Intentional","Fatal Injury","Female","25-34","Homicide",2019-12-21,2019
"3254","Baltimore-Washington Parkway","Motor Vehicle Crash","Motor Vehicle Crash","Unintentional","Fatal Injury","Male","15-24","Driving",2019-12-22,2019
"3255","Muir Woods National Monument","Falling tree/branch","Environmental","Unintentional","Fatal Injury","Male","25-34","Hiking",2019-12-24,2019
"3256","Glen Canyon National Recreation Area","Medical - Not during physical activity","Medical - Not during physical activity","Medical","Fatal Injury","Male","65+","Sleeping",2019-12-24,2019
"3257","Assateague Island National Seashore","Poisoning - Carbon monoxide","Poisoning","Unintentional","Fatal Injury","Female","65+","Camping",2019-12-26,2019
"3258","Apostle Islands National Lakeshore","Suicide","Suicide","Intentional","Fatal injury","Male","45-54","Suicide",2019-12-27,2019
"3259","Suitland","Motor Vehicle Crash","Motor Vehicle Crash","Unintentional","Fatal Injury","Female","25-34","Driving",2019-12-28,2019
"3260","Suitland","Motor Vehicle Crash","Motor Vehicle Crash","Unintentional","Fatal Injury","Female","35-44","Driving",2019-12-28,2019
"3261","Delaware Water Gap National Recreation Area","Suicide","Suicide","Intentional","Fatal injury","Male","45-54","Suicide",2019-12-30,2019
"3262","Buffalo National River","Motor Vehicle Crash","Motor Vehicle Crash","Unintentional","Fatal Injury","Male","45-54","Driving",2019-12-31,2019
